{"type":"FeatureCollection","metadata":{"airport":"EGLL","source":"OpenStreetMap aeroway geometry via Overpass API","sourceUrl":"https://www.openstreetmap.org/copyright","importedAt":"2026-09-20T15:23:54.368Z","bounds":{"south":51.455,"west":-0.502,"north":51.48,"east":-0.415},"featureCounts":{"runway":4,"taxiway":417,"apron":39,"parking_position":374,"holding_position":288,"gate":148}},"features":[{"type":"Feature","properties":{"aeroway":"holding_position","osmType":"node","osmId":26352543,"ref":null,"name":null,"width":null,"lit":null},"geometry":{"type":"Point","coordinates":[-0.4608412,51.4755779]}},{"type":"Feature","properties":{"aeroway":"holding_position","osmType":"node","osmId":26355209,"ref":"A13","name":null,"width":null,"lit":null},"geometry":{"type":"Point","coordinates":[-0.4902948,51.4761749]}},{"type":"Feature","properties":{"aeroway":"holding_position","osmType":"node","osmId":26356536,"ref":"SY5","name":null,"width":null,"lit":null},"geometry":{"type":"Point","coordinates":[-0.454848,51.4631579]}},{"type":"Feature","properties":{"aeroway":"holding_position","osmType":"node","osmId":26356537,"ref":"SQ5","name":null,"width":null,"lit":null},"geometry":{"type":"Point","coordinates":[-0.4526487,51.463169]}},{"type":"Feature","properties":{"aeroway":"holding_position","osmType":"node","osmId":26357483,"ref":null,"name":null,"width":null,"lit":null},"geometry":{"type":"Point","coordinates":[-0.447319,51.4625796]}},{"type":"Feature","properties":{"aeroway":"holding_position","osmType":"node","osmId":26357693,"ref":"S1","name":null,"width":null,"lit":null},"geometry":{"type":"Point","coordinates":[-0.4354623,51.4630082]}},{"type":"Feature","properties":{"aeroway":"holding_position","osmType":"node","osmId":26357893,"ref":"SY6","name":null,"width":null,"lit":null},"geometry":{"type":"Point","coordinates":[-0.4690993,51.463223]}},{"type":"Feature","properties":{"aeroway":"holding_position","osmType":"node","osmId":26369459,"ref":"AY5","name":null,"width":null,"lit":null},"geometry":{"type":"Point","coordinates":[-0.4435761,51.4759977]}},{"type":"Feature","properties":{"aeroway":"holding_position","osmType":"node","osmId":26448343,"ref":null,"name":null,"width":null,"lit":null},"geometry":{"type":"Point","coordinates":[-0.4692907,51.4753801]}},{"type":"Feature","properties":{"aeroway":"holding_position","osmType":"node","osmId":26601475,"ref":null,"name":null,"width":null,"lit":null},"geometry":{"type":"Point","coordinates":[-0.4569576,51.4666097]}},{"type":"Feature","properties":{"aeroway":"holding_position","osmType":"node","osmId":567013697,"ref":null,"name":null,"width":null,"lit":null},"geometry":{"type":"Point","coordinates":[-0.4841788,51.4748761]}},{"type":"Feature","properties":{"aeroway":"holding_position","osmType":"node","osmId":567013704,"ref":null,"name":null,"width":null,"lit":null},"geometry":{"type":"Point","coordinates":[-0.48417,51.4757714]}},{"type":"Feature","properties":{"aeroway":"holding_position","osmType":"node","osmId":567013888,"ref":null,"name":null,"width":null,"lit":null},"geometry":{"type":"Point","coordinates":[-0.4492292,51.4666372]}},{"type":"Feature","properties":{"aeroway":"holding_position","osmType":"node","osmId":567014056,"ref":"PLUTO","name":null,"width":null,"lit":null},"geometry":{"type":"Point","coordinates":[-0.4382697,51.4759233]}},{"type":"Feature","properties":{"aeroway":"gate","osmType":"node","osmId":567061631,"ref":"19","name":null,"width":null,"lit":null},"geometry":{"type":"Point","coordinates":[-0.4645118,51.4699761]}},{"type":"Feature","properties":{"aeroway":"gate","osmType":"node","osmId":567061632,"ref":"21","name":null,"width":null,"lit":null},"geometry":{"type":"Point","coordinates":[-0.4651287,51.4705232]}},{"type":"Feature","properties":{"aeroway":"gate","osmType":"node","osmId":567061634,"ref":"22","name":null,"width":null,"lit":null},"geometry":{"type":"Point","coordinates":[-0.4645013,51.4705705]}},{"type":"Feature","properties":{"aeroway":"gate","osmType":"node","osmId":567061635,"ref":"16","name":null,"width":null,"lit":null},"geometry":{"type":"Point","coordinates":[-0.4632888,51.4688313]}},{"type":"Feature","properties":{"aeroway":"gate","osmType":"node","osmId":567061636,"ref":"17","name":null,"width":null,"lit":null},"geometry":{"type":"Point","coordinates":[-0.4639008,51.469404]}},{"type":"Feature","properties":{"aeroway":"gate","osmType":"node","osmId":567061637,"ref":"18","name":null,"width":null,"lit":null},"geometry":{"type":"Point","coordinates":[-0.4632577,51.4694275]}},{"type":"Feature","properties":{"aeroway":"gate","osmType":"node","osmId":567061641,"ref":"42","name":null,"width":null,"lit":null},"geometry":{"type":"Point","coordinates":[-0.4654605,51.4734482]}},{"type":"Feature","properties":{"aeroway":"gate","osmType":"node","osmId":567061642,"ref":"27","name":null,"width":null,"lit":null},"geometry":{"type":"Point","coordinates":[-0.4618748,51.4718201]}},{"type":"Feature","properties":{"aeroway":"gate","osmType":"node","osmId":567061643,"ref":"29","name":null,"width":null,"lit":null},"geometry":{"type":"Point","coordinates":[-0.4623385,51.4723658]}},{"type":"Feature","properties":{"aeroway":"gate","osmType":"node","osmId":567061644,"ref":"31","name":null,"width":null,"lit":null},"geometry":{"type":"Point","coordinates":[-0.4628882,51.4728976]}},{"type":"Feature","properties":{"aeroway":"gate","osmType":"node","osmId":567061645,"ref":"35","name":null,"width":null,"lit":null},"geometry":{"type":"Point","coordinates":[-0.4642877,51.4734126]}},{"type":"Feature","properties":{"aeroway":"gate","osmType":"node","osmId":567061646,"ref":"28","name":null,"width":null,"lit":null},"geometry":{"type":"Point","coordinates":[-0.4620491,51.4730985]}},{"type":"Feature","properties":{"aeroway":"gate","osmType":"node","osmId":567061647,"ref":"26","name":null,"width":null,"lit":null},"geometry":{"type":"Point","coordinates":[-0.461476,51.4725822]}},{"type":"Feature","properties":{"aeroway":"gate","osmType":"node","osmId":567061649,"ref":"36","name":null,"width":null,"lit":null},"geometry":{"type":"Point","coordinates":[-0.4647476,51.4740734]}},{"type":"Feature","properties":{"aeroway":"gate","osmType":"node","osmId":567061651,"ref":"34","name":null,"width":null,"lit":null},"geometry":{"type":"Point","coordinates":[-0.4634783,51.4738557]}},{"type":"Feature","properties":{"aeroway":"gate","osmType":"node","osmId":567061652,"ref":"40","name":null,"width":null,"lit":null},"geometry":{"type":"Point","coordinates":[-0.4654343,51.473964]}},{"type":"Feature","properties":{"aeroway":"gate","osmType":"node","osmId":567061653,"ref":"32","name":null,"width":null,"lit":null},"geometry":{"type":"Point","coordinates":[-0.463036,51.4738052]}},{"type":"Feature","properties":{"aeroway":"gate","osmType":"node","osmId":567061654,"ref":"30","name":null,"width":null,"lit":null},"geometry":{"type":"Point","coordinates":[-0.462641,51.4735626]}},{"type":"Feature","properties":{"aeroway":"gate","osmType":"node","osmId":567061655,"ref":"13","name":null,"width":null,"lit":null},"geometry":{"type":"Point","coordinates":[-0.4617574,51.4681561]}},{"type":"Feature","properties":{"aeroway":"gate","osmType":"node","osmId":567061656,"ref":"5","name":null,"width":null,"lit":null},"geometry":{"type":"Point","coordinates":[-0.4574746,51.4685936]}},{"type":"Feature","properties":{"aeroway":"gate","osmType":"node","osmId":567061657,"ref":"7","name":null,"width":null,"lit":null},"geometry":{"type":"Point","coordinates":[-0.4587862,51.4685768]}},{"type":"Feature","properties":{"aeroway":"gate","osmType":"node","osmId":567061661,"ref":"11","name":null,"width":null,"lit":null},"geometry":{"type":"Point","coordinates":[-0.4594972,51.4695727]}},{"type":"Feature","properties":{"aeroway":"gate","osmType":"node","osmId":567061662,"ref":"9","name":null,"width":null,"lit":null},"geometry":{"type":"Point","coordinates":[-0.4592886,51.4691974]}},{"type":"Feature","properties":{"aeroway":"gate","osmType":"node","osmId":567061663,"ref":"23","name":null,"width":null,"lit":null},"geometry":{"type":"Point","coordinates":[-0.4607212,51.4707874]}},{"type":"Feature","properties":{"aeroway":"gate","osmType":"node","osmId":567061664,"ref":"3","name":null,"width":null,"lit":null},"geometry":{"type":"Point","coordinates":[-0.4561837,51.468603]}},{"type":"Feature","properties":{"aeroway":"gate","osmType":"node","osmId":567061666,"ref":"1","name":null,"width":null,"lit":null},"geometry":{"type":"Point","coordinates":[-0.4547852,51.4686074]}},{"type":"Feature","properties":{"aeroway":"gate","osmType":"node","osmId":567061680,"ref":"25","name":null,"width":null,"lit":null},"geometry":{"type":"Point","coordinates":[-0.4613208,51.4713023]}},{"type":"Feature","properties":{"aeroway":"gate","osmType":"node","osmId":567064009,"ref":"614","name":null,"width":null,"lit":null},"geometry":{"type":"Point","coordinates":[-0.474083,51.4603776]}},{"type":"Feature","properties":{"aeroway":"gate","osmType":"node","osmId":567064014,"ref":"403","name":null,"width":null,"lit":null},"geometry":{"type":"Point","coordinates":[-0.4508283,51.4576451]}},{"type":"Feature","properties":{"aeroway":"gate","osmType":"node","osmId":567064015,"ref":"405","name":null,"width":null,"lit":null},"geometry":{"type":"Point","coordinates":[-0.4505356,51.4585241]}},{"type":"Feature","properties":{"aeroway":"gate","osmType":"node","osmId":567064016,"ref":"402","name":null,"width":null,"lit":null},"geometry":{"type":"Point","coordinates":[-0.4498895,51.4579376]}},{"type":"Feature","properties":{"aeroway":"gate","osmType":"node","osmId":567064017,"ref":"401","name":null,"width":null,"lit":null},"geometry":{"type":"Point","coordinates":[-0.4490089,51.4582564]}},{"type":"Feature","properties":{"aeroway":"gate","osmType":"node","osmId":567064018,"ref":"406","name":null,"width":null,"lit":null},"geometry":{"type":"Point","coordinates":[-0.4496145,51.4590422]}},{"type":"Feature","properties":{"aeroway":"gate","osmType":"node","osmId":567064019,"ref":"407","name":null,"width":null,"lit":null},"geometry":{"type":"Point","coordinates":[-0.448922,51.4596214]}},{"type":"Feature","properties":{"aeroway":"gate","osmType":"node","osmId":567064020,"ref":"422","name":null,"width":null,"lit":null},"geometry":{"type":"Point","coordinates":[-0.4423099,51.4601278]}},{"type":"Feature","properties":{"aeroway":"gate","osmType":"node","osmId":567064021,"ref":"615","name":null,"width":null,"lit":null},"geometry":{"type":"Point","coordinates":[-0.4741266,51.4611548]}},{"type":"Feature","properties":{"aeroway":"gate","osmType":"node","osmId":567064022,"ref":"616","name":null,"width":null,"lit":null},"geometry":{"type":"Point","coordinates":[-0.4741157,51.4621331]}},{"type":"Feature","properties":{"aeroway":"gate","osmType":"node","osmId":567064023,"ref":"612","name":null,"width":null,"lit":null},"geometry":{"type":"Point","coordinates":[-0.4715056,51.4608186]}},{"type":"Feature","properties":{"aeroway":"gate","osmType":"node","osmId":567064024,"ref":"613","name":null,"width":null,"lit":null},"geometry":{"type":"Point","coordinates":[-0.4714662,51.4602819]}},{"type":"Feature","properties":{"aeroway":"gate","osmType":"node","osmId":567064025,"ref":"611","name":null,"width":null,"lit":null},"geometry":{"type":"Point","coordinates":[-0.4715067,51.4616496]}},{"type":"Feature","properties":{"aeroway":"gate","osmType":"node","osmId":567064046,"ref":"408","name":null,"width":null,"lit":null},"geometry":{"type":"Point","coordinates":[-0.4483738,51.4602515]}},{"type":"Feature","properties":{"aeroway":"gate","osmType":"node","osmId":567064047,"ref":"409","name":null,"width":null,"lit":null},"geometry":{"type":"Point","coordinates":[-0.447393,51.4606843]}},{"type":"Feature","properties":{"aeroway":"gate","osmType":"node","osmId":567064048,"ref":"410","name":null,"width":null,"lit":null},"geometry":{"type":"Point","coordinates":[-0.446815,51.4611782]}},{"type":"Feature","properties":{"aeroway":"gate","osmType":"node","osmId":567064049,"ref":"421","name":null,"width":null,"lit":null},"geometry":{"type":"Point","coordinates":[-0.4454073,51.4605702]}},{"type":"Feature","properties":{"aeroway":"gate","osmType":"node","osmId":567064050,"ref":"419","name":null,"width":null,"lit":null},"geometry":{"type":"Point","coordinates":[-0.4448629,51.461429]}},{"type":"Feature","properties":{"aeroway":"gate","osmType":"node","osmId":567064051,"ref":"420","name":null,"width":null,"lit":null},"geometry":{"type":"Point","coordinates":[-0.4452269,51.461003]}},{"type":"Feature","properties":{"aeroway":"gate","osmType":"node","osmId":567064052,"ref":"412","name":null,"width":null,"lit":null},"geometry":{"type":"Point","coordinates":[-0.4451549,51.4622896]}},{"type":"Feature","properties":{"aeroway":"gate","osmType":"node","osmId":567064053,"ref":"411","name":null,"width":null,"lit":null},"geometry":{"type":"Point","coordinates":[-0.4458761,51.461718]}},{"type":"Feature","properties":{"aeroway":"gate","osmType":"node","osmId":567064054,"ref":"423","name":null,"width":null,"lit":null},"geometry":{"type":"Point","coordinates":[-0.4420355,51.4607056]}},{"type":"Feature","properties":{"aeroway":"gate","osmType":"node","osmId":567064055,"ref":"416","name":null,"width":null,"lit":null},"geometry":{"type":"Point","coordinates":[-0.4445991,51.4619778]}},{"type":"Feature","properties":{"aeroway":"gate","osmType":"node","osmId":567064057,"ref":"417","name":null,"width":null,"lit":null},"geometry":{"type":"Point","coordinates":[-0.4446821,51.4617255]}},{"type":"Feature","properties":{"aeroway":"gate","osmType":"node","osmId":567064062,"ref":"414","name":null,"width":null,"lit":null},"geometry":{"type":"Point","coordinates":[-0.4442674,51.462396]}},{"type":"Feature","properties":{"aeroway":"gate","osmType":"node","osmId":567064064,"ref":"415","name":null,"width":null,"lit":null},"geometry":{"type":"Point","coordinates":[-0.4445863,51.4620408]}},{"type":"Feature","properties":{"aeroway":"gate","osmType":"node","osmId":567064065,"ref":"430","name":null,"width":null,"lit":null},"geometry":{"type":"Point","coordinates":[-0.4403339,51.4606559]}},{"type":"Feature","properties":{"aeroway":"gate","osmType":"node","osmId":567064066,"ref":"424","name":null,"width":null,"lit":null},"geometry":{"type":"Point","coordinates":[-0.4415988,51.4612997]}},{"type":"Feature","properties":{"aeroway":"gate","osmType":"node","osmId":567064067,"ref":"425","name":null,"width":null,"lit":null},"geometry":{"type":"Point","coordinates":[-0.4411973,51.4618469]}},{"type":"Feature","properties":{"aeroway":"gate","osmType":"node","osmId":567064069,"ref":"431","name":null,"width":null,"lit":null},"geometry":{"type":"Point","coordinates":[-0.4392298,51.4606559]}},{"type":"Feature","properties":{"aeroway":"gate","osmType":"node","osmId":567064070,"ref":"432","name":null,"width":null,"lit":null},"geometry":{"type":"Point","coordinates":[-0.4381447,51.4606749]}},{"type":"Feature","properties":{"aeroway":"gate","osmType":"node","osmId":567065568,"ref":"B33","name":null,"width":null,"lit":null},"geometry":{"type":"Point","coordinates":[-0.4819888,51.472741]}},{"type":"Feature","properties":{"aeroway":"gate","osmType":"node","osmId":567065595,"ref":"B32","name":null,"width":null,"lit":null},"geometry":{"type":"Point","coordinates":[-0.4819943,51.4734157]}},{"type":"Feature","properties":{"aeroway":"holding_position","osmType":"node","osmId":1492972214,"ref":null,"name":null,"width":null,"lit":null},"geometry":{"type":"Point","coordinates":[-0.4332459,51.4746654]}},{"type":"Feature","properties":{"aeroway":"holding_position","osmType":"node","osmId":1492972291,"ref":"A4","name":null,"width":null,"lit":null},"geometry":{"type":"Point","coordinates":[-0.4376786,51.476431]}},{"type":"Feature","properties":{"aeroway":"holding_position","osmType":"node","osmId":1493002140,"ref":"S4W","name":null,"width":null,"lit":null},"geometry":{"type":"Point","coordinates":[-0.4506376,51.4636317]}},{"type":"Feature","properties":{"aeroway":"holding_position","osmType":"node","osmId":1643981156,"ref":"A10E","name":null,"width":null,"lit":null},"geometry":{"type":"Point","coordinates":[-0.4686889,51.4762583]}},{"type":"Feature","properties":{"aeroway":"holding_position","osmType":"node","osmId":1643981181,"ref":"A10E","name":null,"width":null,"lit":null},"geometry":{"type":"Point","coordinates":[-0.4687747,51.4762776]}},{"type":"Feature","properties":{"aeroway":"holding_position","osmType":"node","osmId":1643981221,"ref":"A10W","name":null,"width":null,"lit":null},"geometry":{"type":"Point","coordinates":[-0.4703617,51.4763248]}},{"type":"Feature","properties":{"aeroway":"holding_position","osmType":"node","osmId":1643981225,"ref":"A9W","name":null,"width":null,"lit":null},"geometry":{"type":"Point","coordinates":[-0.4607519,51.4763582]}},{"type":"Feature","properties":{"aeroway":"holding_position","osmType":"node","osmId":1643981229,"ref":"A9W","name":null,"width":null,"lit":null},"geometry":{"type":"Point","coordinates":[-0.4606896,51.4763584]}},{"type":"Feature","properties":{"aeroway":"holding_position","osmType":"node","osmId":1643981233,"ref":"A9E","name":null,"width":null,"lit":null},"geometry":{"type":"Point","coordinates":[-0.4597993,51.476362]}},{"type":"Feature","properties":{"aeroway":"holding_position","osmType":"node","osmId":1644035159,"ref":null,"name":null,"width":null,"lit":null},"geometry":{"type":"Point","coordinates":[-0.4327211,51.4737066]}},{"type":"Feature","properties":{"aeroway":"parking_position","osmType":"node","osmId":1644035377,"ref":"CRP","name":null,"width":null,"lit":null},"geometry":{"type":"Point","coordinates":[-0.418643,51.4747446]}},{"type":"Feature","properties":{"aeroway":"holding_position","osmType":"node","osmId":1644035417,"ref":"M1","name":null,"width":null,"lit":null},"geometry":{"type":"Point","coordinates":[-0.4292939,51.4749908]}},{"type":"Feature","properties":{"aeroway":"holding_position","osmType":"node","osmId":1644035802,"ref":"AY1","name":null,"width":null,"lit":null},"geometry":{"type":"Point","coordinates":[-0.4312132,51.4756379]}},{"type":"Feature","properties":{"aeroway":"holding_position","osmType":"node","osmId":1644035941,"ref":"A2","name":null,"width":null,"lit":null},"geometry":{"type":"Point","coordinates":[-0.4342339,51.4760293]}},{"type":"Feature","properties":{"aeroway":"holding_position","osmType":"node","osmId":1644036197,"ref":"A3","name":null,"width":null,"lit":null},"geometry":{"type":"Point","coordinates":[-0.4351857,51.4762631]}},{"type":"Feature","properties":{"aeroway":"holding_position","osmType":"node","osmId":1644036241,"ref":"A6","name":null,"width":null,"lit":null},"geometry":{"type":"Point","coordinates":[-0.4478788,51.4764091]}},{"type":"Feature","properties":{"aeroway":"holding_position","osmType":"node","osmId":1644036244,"ref":"A5","name":null,"width":null,"lit":null},"geometry":{"type":"Point","coordinates":[-0.442328,51.4764184]}},{"type":"Feature","properties":{"aeroway":"holding_position","osmType":"node","osmId":1644036247,"ref":"A1","name":null,"width":null,"lit":null},"geometry":{"type":"Point","coordinates":[-0.4325595,51.4764483]}},{"type":"Feature","properties":{"aeroway":"holding_position","osmType":"node","osmId":1644103641,"ref":null,"name":null,"width":null,"lit":null},"geometry":{"type":"Point","coordinates":[-0.4494428,51.4619945]}},{"type":"Feature","properties":{"aeroway":"holding_position","osmType":"node","osmId":1644103764,"ref":null,"name":null,"width":null,"lit":null},"geometry":{"type":"Point","coordinates":[-0.477717,51.4628766]}},{"type":"Feature","properties":{"aeroway":"holding_position","osmType":"node","osmId":1644103790,"ref":"SQ4","name":null,"width":null,"lit":null},"geometry":{"type":"Point","coordinates":[-0.4474979,51.4631277]}},{"type":"Feature","properties":{"aeroway":"holding_position","osmType":"node","osmId":1644103824,"ref":"S11","name":null,"width":null,"lit":null},"geometry":{"type":"Point","coordinates":[-0.4872311,51.4632042]}},{"type":"Feature","properties":{"aeroway":"holding_position","osmType":"node","osmId":1644103844,"ref":null,"name":null,"width":null,"lit":null},"geometry":{"type":"Point","coordinates":[-0.4719182,51.4632137]}},{"type":"Feature","properties":{"aeroway":"holding_position","osmType":"node","osmId":1644103958,"ref":"S6","name":null,"width":null,"lit":null},"geometry":{"type":"Point","coordinates":[-0.4677386,51.4636152]}},{"type":"Feature","properties":{"aeroway":"holding_position","osmType":"node","osmId":1644103967,"ref":"S5W","name":null,"width":null,"lit":null},"geometry":{"type":"Point","coordinates":[-0.4565105,51.4636539]}},{"type":"Feature","properties":{"aeroway":"holding_position","osmType":"node","osmId":1644104363,"ref":"NB8","name":null,"width":null,"lit":null},"geometry":{"type":"Point","coordinates":[-0.4821332,51.4657791]}},{"type":"Feature","properties":{"aeroway":"holding_position","osmType":"node","osmId":1644104432,"ref":"N8","name":null,"width":null,"lit":null},"geometry":{"type":"Point","coordinates":[-0.4821369,51.4660288]}},{"type":"Feature","properties":{"aeroway":"holding_position","osmType":"node","osmId":1644104451,"ref":"N6","name":null,"width":null,"lit":null},"geometry":{"type":"Point","coordinates":[-0.468615,51.4660748]}},{"type":"Feature","properties":{"aeroway":"holding_position","osmType":"node","osmId":1644104478,"ref":"N5E","name":null,"width":null,"lit":null},"geometry":{"type":"Point","coordinates":[-0.4565599,51.4661291]}},{"type":"Feature","properties":{"aeroway":"gate","osmType":"node","osmId":2466034249,"ref":"B47","name":null,"width":null,"lit":null},"geometry":{"type":"Point","coordinates":[-0.4424813,51.4724967]}},{"type":"Feature","properties":{"aeroway":"gate","osmType":"node","osmId":3600288396,"ref":"B32","name":null,"width":null,"lit":null},"geometry":{"type":"Point","coordinates":[-0.4437045,51.4735822]}},{"type":"Feature","properties":{"aeroway":"gate","osmType":"node","osmId":3600343394,"ref":"B33","name":null,"width":null,"lit":null},"geometry":{"type":"Point","coordinates":[-0.4438128,51.4727609]}},{"type":"Feature","properties":{"aeroway":"gate","osmType":"node","osmId":3600343593,"ref":"B49","name":null,"width":null,"lit":null},"geometry":{"type":"Point","coordinates":[-0.4425194,51.4740014]}},{"type":"Feature","properties":{"aeroway":"gate","osmType":"node","osmId":3600343693,"ref":"B48","name":null,"width":null,"lit":null},"geometry":{"type":"Point","coordinates":[-0.4425097,51.4732727]}},{"type":"Feature","properties":{"aeroway":"gate","osmType":"node","osmId":3600343793,"ref":"B31","name":null,"width":null,"lit":null},"geometry":{"type":"Point","coordinates":[-0.443697,51.4743177]}},{"type":"Feature","properties":{"aeroway":"holding_position","osmType":"node","osmId":3775144479,"ref":"N11","name":null,"width":null,"lit":null},"geometry":{"type":"Point","coordinates":[-0.48765,51.4660584]}},{"type":"Feature","properties":{"aeroway":"holding_position","osmType":"node","osmId":3775144480,"ref":"NB11","name":null,"width":null,"lit":null},"geometry":{"type":"Point","coordinates":[-0.4877955,51.465792]}},{"type":"Feature","properties":{"aeroway":"holding_position","osmType":"node","osmId":3831836360,"ref":"S3","name":null,"width":null,"lit":null},"geometry":{"type":"Point","coordinates":[-0.4414812,51.4636945]}},{"type":"Feature","properties":{"aeroway":"holding_position","osmType":"node","osmId":3831836361,"ref":"SB3","name":null,"width":null,"lit":null},"geometry":{"type":"Point","coordinates":[-0.4412659,51.4639241]}},{"type":"Feature","properties":{"aeroway":"holding_position","osmType":"node","osmId":3831836430,"ref":"NB10","name":null,"width":null,"lit":null},"geometry":{"type":"Point","coordinates":[-0.4846699,51.4657545]}},{"type":"Feature","properties":{"aeroway":"holding_position","osmType":"node","osmId":3831836431,"ref":"NB2W","name":null,"width":null,"lit":null},"geometry":{"type":"Point","coordinates":[-0.43829,51.4659098]}},{"type":"Feature","properties":{"aeroway":"holding_position","osmType":"node","osmId":3831836432,"ref":"NB2E","name":null,"width":null,"lit":null},"geometry":{"type":"Point","coordinates":[-0.4360608,51.4659176]}},{"type":"Feature","properties":{"aeroway":"holding_position","osmType":"node","osmId":3831836433,"ref":"N10","name":null,"width":null,"lit":null},"geometry":{"type":"Point","coordinates":[-0.4846737,51.4660202]}},{"type":"Feature","properties":{"aeroway":"holding_position","osmType":"node","osmId":3831836438,"ref":"N2W","name":null,"width":null,"lit":null},"geometry":{"type":"Point","coordinates":[-0.4382927,51.466174]}},{"type":"Feature","properties":{"aeroway":"holding_position","osmType":"node","osmId":3831836439,"ref":"N2E","name":null,"width":null,"lit":null},"geometry":{"type":"Point","coordinates":[-0.4360614,51.4661828]}},{"type":"Feature","properties":{"aeroway":"holding_position","osmType":"node","osmId":3831836440,"ref":"N4E","name":null,"width":null,"lit":null},"geometry":{"type":"Point","coordinates":[-0.4472221,51.4661774]}},{"type":"Feature","properties":{"aeroway":"holding_position","osmType":"node","osmId":3831836441,"ref":"N4E","name":null,"width":null,"lit":null},"geometry":{"type":"Point","coordinates":[-0.4471179,51.4661778]}},{"type":"Feature","properties":{"aeroway":"gate","osmType":"node","osmId":3831836584,"ref":"B39","name":null,"width":null,"lit":null},"geometry":{"type":"Point","coordinates":[-0.4818847,51.4687511]}},{"type":"Feature","properties":{"aeroway":"gate","osmType":"node","osmId":3831836636,"ref":"B42","name":null,"width":null,"lit":null},"geometry":{"type":"Point","coordinates":[-0.4805642,51.468879]}},{"type":"Feature","properties":{"aeroway":"gate","osmType":"node","osmId":3831836722,"ref":"A23","name":null,"width":null,"lit":null},"geometry":{"type":"Point","coordinates":[-0.4889742,51.4693967]}},{"type":"Feature","properties":{"aeroway":"gate","osmType":"node","osmId":3831836731,"ref":"B38","name":null,"width":null,"lit":null},"geometry":{"type":"Point","coordinates":[-0.4819621,51.4694201]}},{"type":"Feature","properties":{"aeroway":"gate","osmType":"node","osmId":3831836732,"ref":"C52","name":null,"width":null,"lit":null},"geometry":{"type":"Point","coordinates":[-0.4768746,51.4694219]}},{"type":"Feature","properties":{"aeroway":"gate","osmType":"node","osmId":3831836744,"ref":"A19","name":null,"width":null,"lit":null},"geometry":{"type":"Point","coordinates":[-0.4860917,51.4694398]}},{"type":"Feature","properties":{"aeroway":"gate","osmType":"node","osmId":3831836761,"ref":"A22","name":null,"width":null,"lit":null},"geometry":{"type":"Point","coordinates":[-0.4881808,51.4694774]}},{"type":"Feature","properties":{"aeroway":"gate","osmType":"node","osmId":3831836765,"ref":"A21","name":null,"width":null,"lit":null},"geometry":{"type":"Point","coordinates":[-0.4874598,51.4694815]}},{"type":"Feature","properties":{"aeroway":"gate","osmType":"node","osmId":3831836766,"ref":"A20","name":null,"width":null,"lit":null},"geometry":{"type":"Point","coordinates":[-0.4867742,51.4694833]}},{"type":"Feature","properties":{"aeroway":"gate","osmType":"node","osmId":3831836799,"ref":"B43","name":null,"width":null,"lit":null},"geometry":{"type":"Point","coordinates":[-0.4805688,51.4695513]}},{"type":"Feature","properties":{"aeroway":"gate","osmType":"node","osmId":3831836806,"ref":"C66","name":null,"width":null,"lit":null},"geometry":{"type":"Point","coordinates":[-0.4753143,51.469565]}},{"type":"Feature","properties":{"aeroway":"gate","osmType":"node","osmId":3831836839,"ref":"A18","name":null,"width":null,"lit":null},"geometry":{"type":"Point","coordinates":[-0.486313,51.4696777]}},{"type":"Feature","properties":{"aeroway":"gate","osmType":"node","osmId":3831836986,"ref":"B37","name":null,"width":null,"lit":null},"geometry":{"type":"Point","coordinates":[-0.4819675,51.4700816]}},{"type":"Feature","properties":{"aeroway":"gate","osmType":"node","osmId":3831836987,"ref":"C53","name":null,"width":null,"lit":null},"geometry":{"type":"Point","coordinates":[-0.4768798,51.4700844]}},{"type":"Feature","properties":{"aeroway":"gate","osmType":"node","osmId":3831837014,"ref":"B44","name":null,"width":null,"lit":null},"geometry":{"type":"Point","coordinates":[-0.480575,51.4702161]}},{"type":"Feature","properties":{"aeroway":"gate","osmType":"node","osmId":3831837015,"ref":"C65","name":null,"width":null,"lit":null},"geometry":{"type":"Point","coordinates":[-0.4753879,51.4702183]}},{"type":"Feature","properties":{"aeroway":"gate","osmType":"node","osmId":3831837029,"ref":"A10e","name":null,"width":null,"lit":null},"geometry":{"type":"Point","coordinates":[-0.486739,51.471126]}},{"type":"Feature","properties":{"aeroway":"gate","osmType":"node","osmId":3831837036,"ref":"A17","name":null,"width":null,"lit":null},"geometry":{"type":"Point","coordinates":[-0.4863366,51.4703293]}},{"type":"Feature","properties":{"aeroway":"gate","osmType":"node","osmId":3831837040,"ref":"A16","name":null,"width":null,"lit":null},"geometry":{"type":"Point","coordinates":[-0.486298,51.47035]}},{"type":"Feature","properties":{"aeroway":"gate","osmType":"node","osmId":3831837167,"ref":"B36","name":null,"width":null,"lit":null},"geometry":{"type":"Point","coordinates":[-0.4819727,51.4707363]}},{"type":"Feature","properties":{"aeroway":"gate","osmType":"node","osmId":3831837170,"ref":"C54","name":null,"width":null,"lit":null},"geometry":{"type":"Point","coordinates":[-0.476885,51.4707503]}},{"type":"Feature","properties":{"aeroway":"gate","osmType":"node","osmId":3831837176,"ref":"A15","name":null,"width":null,"lit":null},"geometry":{"type":"Point","coordinates":[-0.4860426,51.4708605]}},{"type":"Feature","properties":{"aeroway":"gate","osmType":"node","osmId":3831837200,"ref":"A14","name":null,"width":null,"lit":null},"geometry":{"type":"Point","coordinates":[-0.4863411,51.4710103]}},{"type":"Feature","properties":{"aeroway":"gate","osmType":"node","osmId":3831837205,"ref":"B45","name":null,"width":null,"lit":null},"geometry":{"type":"Point","coordinates":[-0.4805824,51.4710143]}},{"type":"Feature","properties":{"aeroway":"gate","osmType":"node","osmId":3831837206,"ref":"A10d","name":null,"width":null,"lit":null},"geometry":{"type":"Point","coordinates":[-0.4867411,51.4712863]}},{"type":"Feature","properties":{"aeroway":"gate","osmType":"node","osmId":3831837209,"ref":"A13","name":null,"width":null,"lit":null},"geometry":{"type":"Point","coordinates":[-0.4863025,51.47103]}},{"type":"Feature","properties":{"aeroway":"gate","osmType":"node","osmId":3831837226,"ref":"C64","name":null,"width":null,"lit":null},"geometry":{"type":"Point","coordinates":[-0.4753949,51.4711108]}},{"type":"Feature","properties":{"aeroway":"gate","osmType":"node","osmId":3831837256,"ref":"B35","name":null,"width":null,"lit":null},"geometry":{"type":"Point","coordinates":[-0.4819782,51.4714182]}},{"type":"Feature","properties":{"aeroway":"gate","osmType":"node","osmId":3831837369,"ref":"C55","name":null,"width":null,"lit":null},"geometry":{"type":"Point","coordinates":[-0.4768281,51.4715584]}},{"type":"Feature","properties":{"aeroway":"gate","osmType":"node","osmId":3831837382,"ref":"A12","name":null,"width":null,"lit":null},"geometry":{"type":"Point","coordinates":[-0.4863262,51.471699]}},{"type":"Feature","properties":{"aeroway":"gate","osmType":"node","osmId":3831837399,"ref":"A10c","name":null,"width":null,"lit":null},"geometry":{"type":"Point","coordinates":[-0.4867637,51.4722212]}},{"type":"Feature","properties":{"aeroway":"gate","osmType":"node","osmId":3831837405,"ref":"B46","name":null,"width":null,"lit":null},"geometry":{"type":"Point","coordinates":[-0.4805878,51.4718198]}},{"type":"Feature","properties":{"aeroway":"gate","osmType":"node","osmId":3831837421,"ref":"C63","name":null,"width":null,"lit":null},"geometry":{"type":"Point","coordinates":[-0.4754013,51.47192]}},{"type":"Feature","properties":{"aeroway":"gate","osmType":"node","osmId":3831837433,"ref":"B34","name":null,"width":null,"lit":null},"geometry":{"type":"Point","coordinates":[-0.4819835,51.4720735]}},{"type":"Feature","properties":{"aeroway":"gate","osmType":"node","osmId":3831837453,"ref":"A11","name":null,"width":null,"lit":null},"geometry":{"type":"Point","coordinates":[-0.4863296,51.4722038]}},{"type":"Feature","properties":{"aeroway":"gate","osmType":"node","osmId":3831837588,"ref":"A10b","name":null,"width":null,"lit":null},"geometry":{"type":"Point","coordinates":[-0.4867659,51.4725278]}},{"type":"Feature","properties":{"aeroway":"gate","osmType":"node","osmId":3831837589,"ref":"C56","name":null,"width":null,"lit":null},"geometry":{"type":"Point","coordinates":[-0.4768359,51.4725356]}},{"type":"Feature","properties":{"aeroway":"gate","osmType":"node","osmId":3831837607,"ref":"A9","name":null,"width":null,"lit":null},"geometry":{"type":"Point","coordinates":[-0.4863321,51.4725932]}},{"type":"Feature","properties":{"aeroway":"gate","osmType":"node","osmId":3831837650,"ref":"B47","name":null,"width":null,"lit":null},"geometry":{"type":"Point","coordinates":[-0.4805956,51.4727814]}},{"type":"Feature","properties":{"aeroway":"gate","osmType":"node","osmId":3831837670,"ref":"C62","name":null,"width":null,"lit":null},"geometry":{"type":"Point","coordinates":[-0.4754086,51.4728498]}},{"type":"Feature","properties":{"aeroway":"gate","osmType":"node","osmId":3831837688,"ref":"A8","name":null,"width":null,"lit":null},"geometry":{"type":"Point","coordinates":[-0.4863347,51.4729834]}},{"type":"Feature","properties":{"aeroway":"gate","osmType":"node","osmId":3831837703,"ref":"A10a","name":null,"width":null,"lit":null},"geometry":{"type":"Point","coordinates":[-0.4867762,51.473281]}},{"type":"Feature","properties":{"aeroway":"gate","osmType":"node","osmId":3831837773,"ref":"A7","name":null,"width":null,"lit":null},"geometry":{"type":"Point","coordinates":[-0.4863379,51.4734735]}},{"type":"Feature","properties":{"aeroway":"gate","osmType":"node","osmId":3831837777,"ref":"C57","name":null,"width":null,"lit":null},"geometry":{"type":"Point","coordinates":[-0.4768433,51.4734826]}},{"type":"Feature","properties":{"aeroway":"gate","osmType":"node","osmId":3831837844,"ref":"C61","name":null,"width":null,"lit":null},"geometry":{"type":"Point","coordinates":[-0.4754148,51.4736452]}},{"type":"Feature","properties":{"aeroway":"gate","osmType":"node","osmId":3831837854,"ref":"B48","name":null,"width":null,"lit":null},"geometry":{"type":"Point","coordinates":[-0.4805245,51.4736681]}},{"type":"Feature","properties":{"aeroway":"gate","osmType":"node","osmId":3831837909,"ref":"A5","name":null,"width":null,"lit":null},"geometry":{"type":"Point","coordinates":[-0.487292,51.4738041]}},{"type":"Feature","properties":{"aeroway":"gate","osmType":"node","osmId":3831837912,"ref":"A2","name":null,"width":null,"lit":null},"geometry":{"type":"Point","coordinates":[-0.4887187,51.4738285]}},{"type":"Feature","properties":{"aeroway":"gate","osmType":"node","osmId":3831837913,"ref":"A3","name":null,"width":null,"lit":null},"geometry":{"type":"Point","coordinates":[-0.4881029,51.4738304]}},{"type":"Feature","properties":{"aeroway":"gate","osmType":"node","osmId":3831837929,"ref":"A6","name":null,"width":null,"lit":null},"geometry":{"type":"Point","coordinates":[-0.4863405,51.4738702]}},{"type":"Feature","properties":{"aeroway":"gate","osmType":"node","osmId":3831837957,"ref":"A1","name":null,"width":null,"lit":null},"geometry":{"type":"Point","coordinates":[-0.4893433,51.4739689]}},{"type":"Feature","properties":{"aeroway":"holding_position","osmType":"node","osmId":4056815933,"ref":"B1","name":null,"width":null,"lit":null},"geometry":{"type":"Point","coordinates":[-0.4375207,51.4684382]}},{"type":"Feature","properties":{"aeroway":"holding_position","osmType":"node","osmId":4077942828,"ref":"NB3","name":null,"width":null,"lit":null},"geometry":{"type":"Point","coordinates":[-0.440542,51.4659029]}},{"type":"Feature","properties":{"aeroway":"holding_position","osmType":"node","osmId":4077942829,"ref":"NB1","name":null,"width":null,"lit":null},"geometry":{"type":"Point","coordinates":[-0.4343724,51.465922]}},{"type":"Feature","properties":{"aeroway":"holding_position","osmType":"node","osmId":4077942830,"ref":"N3","name":null,"width":null,"lit":null},"geometry":{"type":"Point","coordinates":[-0.4405451,51.4661695]}},{"type":"Feature","properties":{"aeroway":"holding_position","osmType":"node","osmId":4077942831,"ref":"N1","name":null,"width":null,"lit":null},"geometry":{"type":"Point","coordinates":[-0.4343749,51.4661869]}},{"type":"Feature","properties":{"aeroway":"holding_position","osmType":"node","osmId":4077942832,"ref":"LOMAN","name":null,"width":null,"lit":null},"geometry":{"type":"Point","coordinates":[-0.4416631,51.4666572]}},{"type":"Feature","properties":{"aeroway":"holding_position","osmType":"node","osmId":4077942833,"ref":"AW2","name":null,"width":null,"lit":null},"geometry":{"type":"Point","coordinates":[-0.4371603,51.4666712]}},{"type":"Feature","properties":{"aeroway":"holding_position","osmType":"node","osmId":4077942834,"ref":"AE2","name":null,"width":null,"lit":null},"geometry":{"type":"Point","coordinates":[-0.4360665,51.4672005]}},{"type":"Feature","properties":{"aeroway":"holding_position","osmType":"node","osmId":4077942837,"ref":"LOKKI","name":null,"width":null,"lit":null},"geometry":{"type":"Point","coordinates":[-0.4416688,51.4675401]}},{"type":"Feature","properties":{"aeroway":"holding_position","osmType":"node","osmId":4077942845,"ref":"K1","name":null,"width":null,"lit":null},"geometry":{"type":"Point","coordinates":[-0.4455572,51.4680149]}},{"type":"Feature","properties":{"aeroway":"holding_position","osmType":"node","osmId":4077942846,"ref":"L1","name":null,"width":null,"lit":null},"geometry":{"type":"Point","coordinates":[-0.4405541,51.4683164]}},{"type":"Feature","properties":{"aeroway":"holding_position","osmType":"node","osmId":4077942847,"ref":"MORRA","name":null,"width":null,"lit":null},"geometry":{"type":"Point","coordinates":[-0.4360914,51.4699147]}},{"type":"Feature","properties":{"aeroway":"holding_position","osmType":"node","osmId":4077942848,"ref":"NEVIS","name":null,"width":null,"lit":null},"geometry":{"type":"Point","coordinates":[-0.4375262,51.4699116]}},{"type":"Feature","properties":{"aeroway":"holding_position","osmType":"node","osmId":4077978166,"ref":"DINGO","name":null,"width":null,"lit":null},"geometry":{"type":"Point","coordinates":[-0.4836036,51.4742277]}},{"type":"Feature","properties":{"aeroway":"holding_position","osmType":"node","osmId":4077978167,"ref":"COBRA","name":null,"width":null,"lit":null},"geometry":{"type":"Point","coordinates":[-0.4847486,51.4742234]}},{"type":"Feature","properties":{"aeroway":"holding_position","osmType":"node","osmId":4077978168,"ref":"A12","name":null,"width":null,"lit":null},"geometry":{"type":"Point","coordinates":[-0.48151,51.4762815]}},{"type":"Feature","properties":{"aeroway":"holding_position","osmType":"node","osmId":4077978169,"ref":"AB13","name":null,"width":null,"lit":null},"geometry":{"type":"Point","coordinates":[-0.4904226,51.4765099]}},{"type":"Feature","properties":{"aeroway":"holding_position","osmType":"node","osmId":4077978170,"ref":"AB12","name":null,"width":null,"lit":null},"geometry":{"type":"Point","coordinates":[-0.4815136,51.476551]}},{"type":"Feature","properties":{"aeroway":"holding_position","osmType":"node","osmId":4078052418,"ref":"L2","name":null,"width":null,"lit":null},"geometry":{"type":"Point","coordinates":[-0.4406157,51.4745239]}},{"type":"Feature","properties":{"aeroway":"holding_position","osmType":"node","osmId":4078052671,"ref":"AVROE","name":null,"width":null,"lit":null},"geometry":{"type":"Point","coordinates":[-0.4735043,51.4632505]}},{"type":"Feature","properties":{"aeroway":"holding_position","osmType":"node","osmId":4078052677,"ref":"S7","name":null,"width":null,"lit":null},"geometry":{"type":"Point","coordinates":[-0.4749214,51.4638558]}},{"type":"Feature","properties":{"aeroway":"holding_position","osmType":"node","osmId":4078052809,"ref":"N7","name":null,"width":null,"lit":null},"geometry":{"type":"Point","coordinates":[-0.4749409,51.4660533]}},{"type":"Feature","properties":{"aeroway":"holding_position","osmType":"node","osmId":4078052814,"ref":"HORKA","name":null,"width":null,"lit":null},"geometry":{"type":"Point","coordinates":[-0.4813119,51.4665227]}},{"type":"Feature","properties":{"aeroway":"holding_position","osmType":"node","osmId":4078052815,"ref":"OSTER","name":null,"width":null,"lit":null},"geometry":{"type":"Point","coordinates":[-0.4813161,51.4674153]}},{"type":"Feature","properties":{"aeroway":"holding_position","osmType":"node","osmId":4078052816,"ref":"HANLI","name":null,"width":null,"lit":null},"geometry":{"type":"Point","coordinates":[-0.4874932,51.4678809]}},{"type":"Feature","properties":{"aeroway":"holding_position","osmType":"node","osmId":4078052817,"ref":"DASSO","name":null,"width":null,"lit":null},"geometry":{"type":"Point","coordinates":[-0.4846902,51.4680698]}},{"type":"Feature","properties":{"aeroway":"holding_position","osmType":"node","osmId":4078052818,"ref":"VIKAS","name":null,"width":null,"lit":null},"geometry":{"type":"Point","coordinates":[-0.4835408,51.4680735]}},{"type":"Feature","properties":{"aeroway":"holding_position","osmType":"node","osmId":4078052819,"ref":"C1","name":null,"width":null,"lit":null},"geometry":{"type":"Point","coordinates":[-0.47869,51.4679637]}},{"type":"Feature","properties":{"aeroway":"holding_position","osmType":"node","osmId":4078052820,"ref":"D1","name":null,"width":null,"lit":null},"geometry":{"type":"Point","coordinates":[-0.4734928,51.4679734]}},{"type":"Feature","properties":{"aeroway":"holding_position","osmType":"node","osmId":4078052821,"ref":"SNAPA","name":null,"width":null,"lit":null},"geometry":{"type":"Point","coordinates":[-0.480115,51.4757861]}},{"type":"Feature","properties":{"aeroway":"holding_position","osmType":"node","osmId":4078113983,"ref":"AY3","name":null,"width":null,"lit":null},"geometry":{"type":"Point","coordinates":[-0.4359339,51.4752185]}},{"type":"Feature","properties":{"aeroway":"holding_position","osmType":"node","osmId":4078114491,"ref":"AY4","name":null,"width":null,"lit":null},"geometry":{"type":"Point","coordinates":[-0.4367464,51.4759363]}},{"type":"Feature","properties":{"aeroway":"holding_position","osmType":"node","osmId":4078145109,"ref":"E1","name":null,"width":null,"lit":null},"geometry":{"type":"Point","coordinates":[-0.4686298,51.4679886]}},{"type":"Feature","properties":{"aeroway":"holding_position","osmType":"node","osmId":4078145110,"ref":"F1","name":null,"width":null,"lit":null},"geometry":{"type":"Point","coordinates":[-0.4646473,51.4681058]}},{"type":"Feature","properties":{"aeroway":"holding_position","osmType":"node","osmId":4078145123,"ref":"C2","name":null,"width":null,"lit":null},"geometry":{"type":"Point","coordinates":[-0.4787375,51.4743684]}},{"type":"Feature","properties":{"aeroway":"holding_position","osmType":"node","osmId":4078145124,"ref":"E2","name":null,"width":null,"lit":null},"geometry":{"type":"Point","coordinates":[-0.4689245,51.4743717]}},{"type":"Feature","properties":{"aeroway":"holding_position","osmType":"node","osmId":4078145125,"ref":"D2","name":null,"width":null,"lit":null},"geometry":{"type":"Point","coordinates":[-0.473559,51.474389]}},{"type":"Feature","properties":{"aeroway":"holding_position","osmType":"node","osmId":4078145126,"ref":"F2","name":null,"width":null,"lit":null},"geometry":{"type":"Point","coordinates":[-0.4674983,51.4744175]}},{"type":"Feature","properties":{"aeroway":"holding_position","osmType":"node","osmId":4078145130,"ref":"AY10","name":null,"width":null,"lit":null},"geometry":{"type":"Point","coordinates":[-0.467865,51.4759172]}},{"type":"Feature","properties":{"aeroway":"holding_position","osmType":"node","osmId":4078145131,"ref":"A11","name":null,"width":null,"lit":null},"geometry":{"type":"Point","coordinates":[-0.4738994,51.4763128]}},{"type":"Feature","properties":{"aeroway":"holding_position","osmType":"node","osmId":4078145132,"ref":"A9E","name":null,"width":null,"lit":null},"geometry":{"type":"Point","coordinates":[-0.4599067,51.4763615]}},{"type":"Feature","properties":{"aeroway":"holding_position","osmType":"node","osmId":4078145133,"ref":"AB11","name":null,"width":null,"lit":null},"geometry":{"type":"Point","coordinates":[-0.4739011,51.4765711]}},{"type":"Feature","properties":{"aeroway":"holding_position","osmType":"node","osmId":4078272274,"ref":"SY4","name":null,"width":null,"lit":null},"geometry":{"type":"Point","coordinates":[-0.4500385,51.4631761]}},{"type":"Feature","properties":{"aeroway":"holding_position","osmType":"node","osmId":4078272276,"ref":"SQ4","name":null,"width":null,"lit":null},"geometry":{"type":"Point","coordinates":[-0.4474751,51.4631848]}},{"type":"Feature","properties":{"aeroway":"holding_position","osmType":"node","osmId":4078272278,"ref":"S4W","name":null,"width":null,"lit":null},"geometry":{"type":"Point","coordinates":[-0.4507575,51.4636313]}},{"type":"Feature","properties":{"aeroway":"holding_position","osmType":"node","osmId":4078272280,"ref":"S5W","name":null,"width":null,"lit":null},"geometry":{"type":"Point","coordinates":[-0.4564386,51.4636542]}},{"type":"Feature","properties":{"aeroway":"holding_position","osmType":"node","osmId":4078272287,"ref":"N5E","name":null,"width":null,"lit":null},"geometry":{"type":"Point","coordinates":[-0.4565314,51.4661292]}},{"type":"Feature","properties":{"aeroway":"holding_position","osmType":"node","osmId":4078272288,"ref":"N5W","name":null,"width":null,"lit":null},"geometry":{"type":"Point","coordinates":[-0.4591746,51.4661418]}},{"type":"Feature","properties":{"aeroway":"holding_position","osmType":"node","osmId":4078272889,"ref":"N5W","name":null,"width":null,"lit":null},"geometry":{"type":"Point","coordinates":[-0.4591227,51.4661419]}},{"type":"Feature","properties":{"aeroway":"holding_position","osmType":"node","osmId":4078272890,"ref":"N4W","name":null,"width":null,"lit":null},"geometry":{"type":"Point","coordinates":[-0.4508904,51.466135]}},{"type":"Feature","properties":{"aeroway":"holding_position","osmType":"node","osmId":4078272917,"ref":"A8","name":null,"width":null,"lit":null},"geometry":{"type":"Point","coordinates":[-0.4546828,51.4763846]}},{"type":"Feature","properties":{"aeroway":"holding_position","osmType":"node","osmId":4078272918,"ref":"A7","name":null,"width":null,"lit":null},"geometry":{"type":"Point","coordinates":[-0.4517591,51.476396]}},{"type":"Feature","properties":{"aeroway":"parking_position","osmType":"node","osmId":4078288087,"ref":"591","name":null,"width":null,"lit":null},"geometry":{"type":"Point","coordinates":[-0.4704097,51.4698553]}},{"type":"Feature","properties":{"aeroway":"parking_position","osmType":"node","osmId":4078322388,"ref":"449","name":null,"width":null,"lit":null},"geometry":{"type":"Point","coordinates":[-0.455046,51.4583785]}},{"type":"Feature","properties":{"aeroway":"parking_position","osmType":"node","osmId":4078322690,"ref":"450","name":null,"width":null,"lit":null},"geometry":{"type":"Point","coordinates":[-0.455106,51.4584387]}},{"type":"Feature","properties":{"aeroway":"parking_position","osmType":"node","osmId":4078322693,"ref":"451","name":null,"width":null,"lit":null},"geometry":{"type":"Point","coordinates":[-0.4551055,51.4590513]}},{"type":"Feature","properties":{"aeroway":"parking_position","osmType":"node","osmId":4078322695,"ref":"452","name":null,"width":null,"lit":null},"geometry":{"type":"Point","coordinates":[-0.4551023,51.4591142]}},{"type":"Feature","properties":{"aeroway":"parking_position","osmType":"node","osmId":4078322697,"ref":"453","name":null,"width":null,"lit":null},"geometry":{"type":"Point","coordinates":[-0.4550817,51.4598493]}},{"type":"Feature","properties":{"aeroway":"parking_position","osmType":"node","osmId":4078322720,"ref":"454","name":null,"width":null,"lit":null},"geometry":{"type":"Point","coordinates":[-0.4550842,51.4603581]}},{"type":"Feature","properties":{"aeroway":"parking_position","osmType":"node","osmId":4078322742,"ref":"440","name":null,"width":null,"lit":null},"geometry":{"type":"Point","coordinates":[-0.4520366,51.4608947]}},{"type":"Feature","properties":{"aeroway":"parking_position","osmType":"node","osmId":4078322757,"ref":"455","name":null,"width":null,"lit":null},"geometry":{"type":"Point","coordinates":[-0.455744,51.4609721]}},{"type":"Feature","properties":{"aeroway":"parking_position","osmType":"node","osmId":4078322765,"ref":"441","name":null,"width":null,"lit":null},"geometry":{"type":"Point","coordinates":[-0.4512695,51.461396]}},{"type":"Feature","properties":{"aeroway":"parking_position","osmType":"node","osmId":4078322773,"ref":"456","name":null,"width":null,"lit":null},"geometry":{"type":"Point","coordinates":[-0.4562882,51.4615577]}},{"type":"Feature","properties":{"aeroway":"parking_position","osmType":"node","osmId":4078322786,"ref":"457L","name":null,"width":null,"lit":null},"geometry":{"type":"Point","coordinates":[-0.4565178,51.4621193]}},{"type":"Feature","properties":{"aeroway":"parking_position","osmType":"node","osmId":4078322795,"ref":"457R","name":null,"width":null,"lit":null},"geometry":{"type":"Point","coordinates":[-0.4568506,51.4624675]}},{"type":"Feature","properties":{"aeroway":"parking_position","osmType":"node","osmId":4078322796,"ref":"457","name":null,"width":null,"lit":null},"geometry":{"type":"Point","coordinates":[-0.4569716,51.4624743]}},{"type":"Feature","properties":{"aeroway":"parking_position","osmType":"node","osmId":4078684602,"ref":"403","name":null,"width":null,"lit":null},"geometry":{"type":"Point","coordinates":[-0.4505447,51.4577003]}},{"type":"Feature","properties":{"aeroway":"parking_position","osmType":"node","osmId":4078684605,"ref":"402","name":null,"width":null,"lit":null},"geometry":{"type":"Point","coordinates":[-0.4496058,51.4579664]}},{"type":"Feature","properties":{"aeroway":"parking_position","osmType":"node","osmId":4078684609,"ref":"401","name":null,"width":null,"lit":null},"geometry":{"type":"Point","coordinates":[-0.4487443,51.4582872]}},{"type":"Feature","properties":{"aeroway":"parking_position","osmType":"node","osmId":4078684611,"ref":"405","name":null,"width":null,"lit":null},"geometry":{"type":"Point","coordinates":[-0.4509195,51.4583514]}},{"type":"Feature","properties":{"aeroway":"parking_position","osmType":"node","osmId":4078684612,"ref":"406","name":null,"width":null,"lit":null},"geometry":{"type":"Point","coordinates":[-0.4499888,51.458903]}},{"type":"Feature","properties":{"aeroway":"parking_position","osmType":"node","osmId":4078684614,"ref":"407","name":null,"width":null,"lit":null},"geometry":{"type":"Point","coordinates":[-0.4491386,51.4594495]}},{"type":"Feature","properties":{"aeroway":"parking_position","osmType":"node","osmId":4078684616,"ref":"423","name":null,"width":null,"lit":null},"geometry":{"type":"Point","coordinates":[-0.4425142,51.4599682]}},{"type":"Feature","properties":{"aeroway":"parking_position","osmType":"node","osmId":4078684617,"ref":"408","name":null,"width":null,"lit":null},"geometry":{"type":"Point","coordinates":[-0.4485968,51.4600745]}},{"type":"Feature","properties":{"aeroway":"parking_position","osmType":"node","osmId":4078684630,"ref":"423","name":null,"width":null,"lit":null},"geometry":{"type":"Point","coordinates":[-0.4420716,51.4605598]}},{"type":"Feature","properties":{"aeroway":"parking_position","osmType":"node","osmId":4078684631,"ref":"409","name":null,"width":null,"lit":null},"geometry":{"type":"Point","coordinates":[-0.4478377,51.4605934]}},{"type":"Feature","properties":{"aeroway":"parking_position","osmType":"node","osmId":4078684632,"ref":"421","name":null,"width":null,"lit":null},"geometry":{"type":"Point","coordinates":[-0.4452769,51.4606417]}},{"type":"Feature","properties":{"aeroway":"parking_position","osmType":"node","osmId":4078684645,"ref":"410R","name":null,"width":null,"lit":null},"geometry":{"type":"Point","coordinates":[-0.4472557,51.4609945]}},{"type":"Feature","properties":{"aeroway":"parking_position","osmType":"node","osmId":4078684647,"ref":"410","name":null,"width":null,"lit":null},"geometry":{"type":"Point","coordinates":[-0.4470679,51.4611081]}},{"type":"Feature","properties":{"aeroway":"parking_position","osmType":"node","osmId":4078684649,"ref":"420","name":null,"width":null,"lit":null},"geometry":{"type":"Point","coordinates":[-0.4450221,51.4611447]}},{"type":"Feature","properties":{"aeroway":"parking_position","osmType":"node","osmId":4078684651,"ref":"424","name":null,"width":null,"lit":null},"geometry":{"type":"Point","coordinates":[-0.4416318,51.4611547]}},{"type":"Feature","properties":{"aeroway":"parking_position","osmType":"node","osmId":4078684666,"ref":"410L","name":null,"width":null,"lit":null},"geometry":{"type":"Point","coordinates":[-0.4470787,51.4614089]}},{"type":"Feature","properties":{"aeroway":"parking_position","osmType":"node","osmId":4078684669,"ref":"419","name":null,"width":null,"lit":null},"geometry":{"type":"Point","coordinates":[-0.4446573,51.4614739]}},{"type":"Feature","properties":{"aeroway":"parking_position","osmType":"node","osmId":4078684672,"ref":"411","name":null,"width":null,"lit":null},"geometry":{"type":"Point","coordinates":[-0.446274,51.4616111]}},{"type":"Feature","properties":{"aeroway":"parking_position","osmType":"node","osmId":4078684677,"ref":"425","name":null,"width":null,"lit":null},"geometry":{"type":"Point","coordinates":[-0.4411892,51.461758]}},{"type":"Feature","properties":{"aeroway":"parking_position","osmType":"node","osmId":4078684679,"ref":"417","name":null,"width":null,"lit":null},"geometry":{"type":"Point","coordinates":[-0.444432,51.4617964]}},{"type":"Feature","properties":{"aeroway":"parking_position","osmType":"node","osmId":4078684891,"ref":"416","name":null,"width":null,"lit":null},"geometry":{"type":"Point","coordinates":[-0.4443408,51.4621072]}},{"type":"Feature","properties":{"aeroway":"parking_position","osmType":"node","osmId":4078684893,"ref":"415","name":null,"width":null,"lit":null},"geometry":{"type":"Point","coordinates":[-0.4442684,51.4621407]}},{"type":"Feature","properties":{"aeroway":"parking_position","osmType":"node","osmId":4078684899,"ref":"414","name":null,"width":null,"lit":null},"geometry":{"type":"Point","coordinates":[-0.4439653,51.4626052]}},{"type":"Feature","properties":{"aeroway":"gate","osmType":"node","osmId":4078703157,"ref":"20","name":null,"width":null,"lit":null},"geometry":{"type":"Point","coordinates":[-0.4638909,51.4700092]}},{"type":"Feature","properties":{"aeroway":"gate","osmType":"node","osmId":4079635963,"ref":"A20","name":null,"width":null,"lit":null},"geometry":{"type":"Point","coordinates":[-0.4471357,51.4681047]}},{"type":"Feature","properties":{"aeroway":"gate","osmType":"node","osmId":4079635964,"ref":"A19","name":null,"width":null,"lit":null},"geometry":{"type":"Point","coordinates":[-0.4471132,51.4684637]}},{"type":"Feature","properties":{"aeroway":"gate","osmType":"node","osmId":4079635965,"ref":"B39","name":null,"width":null,"lit":null},"geometry":{"type":"Point","coordinates":[-0.4436627,51.4687982]}},{"type":"Feature","properties":{"aeroway":"gate","osmType":"node","osmId":4079635966,"ref":"B41","name":null,"width":null,"lit":null},"geometry":{"type":"Point","coordinates":[-0.4424138,51.4685379]}},{"type":"Feature","properties":{"aeroway":"gate","osmType":"node","osmId":4079635967,"ref":"A22","name":null,"width":null,"lit":null},"geometry":{"type":"Point","coordinates":[-0.4492592,51.4684452]}},{"type":"Feature","properties":{"aeroway":"gate","osmType":"node","osmId":4079635969,"ref":"A21","name":null,"width":null,"lit":null},"geometry":{"type":"Point","coordinates":[-0.4489779,51.4686123]}},{"type":"Feature","properties":{"aeroway":"gate","osmType":"node","osmId":4079635971,"ref":"223","name":null,"width":null,"lit":null},"geometry":{"type":"Point","coordinates":[-0.4501132,51.4686938]}},{"type":"Feature","properties":{"aeroway":"gate","osmType":"node","osmId":4079635972,"ref":"A23","name":null,"width":null,"lit":null},"geometry":{"type":"Point","coordinates":[-0.449931,51.4684535]}},{"type":"Feature","properties":{"aeroway":"gate","osmType":"node","osmId":4079635973,"ref":"A25","name":null,"width":null,"lit":null},"geometry":{"type":"Point","coordinates":[-0.4512707,51.4684203]}},{"type":"Feature","properties":{"aeroway":"gate","osmType":"node","osmId":4079635974,"ref":"A24","name":null,"width":null,"lit":null},"geometry":{"type":"Point","coordinates":[-0.4505639,51.4684014]}},{"type":"Feature","properties":{"aeroway":"gate","osmType":"node","osmId":4079635978,"ref":"B42","name":null,"width":null,"lit":null},"geometry":{"type":"Point","coordinates":[-0.4425182,51.4691324]}},{"type":"Feature","properties":{"aeroway":"gate","osmType":"node","osmId":4079635979,"ref":"B38","name":null,"width":null,"lit":null},"geometry":{"type":"Point","coordinates":[-0.4436116,51.4694223]}},{"type":"Feature","properties":{"aeroway":"gate","osmType":"node","osmId":4079635983,"ref":"A17","name":null,"width":null,"lit":null},"geometry":{"type":"Point","coordinates":[-0.4472789,51.4698855]}},{"type":"Feature","properties":{"aeroway":"parking_position","osmType":"node","osmId":4079635984,"ref":"TB1A","name":null,"width":null,"lit":null},"geometry":{"type":"Point","coordinates":[-0.4187571,51.4699101]}},{"type":"Feature","properties":{"aeroway":"gate","osmType":"node","osmId":4079635991,"ref":"A16","name":null,"width":null,"lit":null},"geometry":{"type":"Point","coordinates":[-0.4470292,51.4702832]}},{"type":"Feature","properties":{"aeroway":"gate","osmType":"node","osmId":4079635992,"ref":"B37","name":null,"width":null,"lit":null},"geometry":{"type":"Point","coordinates":[-0.443633,51.4702845]}},{"type":"Feature","properties":{"aeroway":"gate","osmType":"node","osmId":4079635994,"ref":"B43","name":null,"width":null,"lit":null},"geometry":{"type":"Point","coordinates":[-0.4424226,51.4700356]}},{"type":"Feature","properties":{"aeroway":"gate","osmType":"node","osmId":4079635995,"ref":"236L","name":null,"width":null,"lit":null},"geometry":{"type":"Point","coordinates":[-0.4436437,51.4704482]}},{"type":"Feature","properties":{"aeroway":"gate","osmType":"node","osmId":4079636003,"ref":"B44","name":null,"width":null,"lit":null},"geometry":{"type":"Point","coordinates":[-0.4424403,51.4708143]}},{"type":"Feature","properties":{"aeroway":"gate","osmType":"node","osmId":4079636029,"ref":"B46","name":null,"width":null,"lit":null},"geometry":{"type":"Point","coordinates":[-0.4424289,51.4717102]}},{"type":"Feature","properties":{"aeroway":"parking_position","osmType":"node","osmId":4079636038,"ref":"255R","name":null,"width":null,"lit":null},"geometry":{"type":"Point","coordinates":[-0.4388031,51.4717271]}},{"type":"Feature","properties":{"aeroway":"parking_position","osmType":"node","osmId":4079636045,"ref":"255","name":null,"width":null,"lit":null},"geometry":{"type":"Point","coordinates":[-0.4387763,51.4718992]}},{"type":"Feature","properties":{"aeroway":"parking_position","osmType":"node","osmId":4079636058,"ref":"255L","name":null,"width":null,"lit":null},"geometry":{"type":"Point","coordinates":[-0.4388875,51.4721066]}},{"type":"Feature","properties":{"aeroway":"parking_position","osmType":"node","osmId":4079636075,"ref":"247L","name":null,"width":null,"lit":null},"geometry":{"type":"Point","coordinates":[-0.4420371,51.4724715]}},{"type":"Feature","properties":{"aeroway":"parking_position","osmType":"node","osmId":4079636084,"ref":"256","name":null,"width":null,"lit":null},"geometry":{"type":"Point","coordinates":[-0.4387182,51.4726141]}},{"type":"Feature","properties":{"aeroway":"parking_position","osmType":"node","osmId":4079636087,"ref":"247","name":null,"width":null,"lit":null},"geometry":{"type":"Point","coordinates":[-0.4424877,51.4726703]}},{"type":"Feature","properties":{"aeroway":"parking_position","osmType":"node","osmId":4079636098,"ref":"247R","name":null,"width":null,"lit":null},"geometry":{"type":"Point","coordinates":[-0.4424528,51.4728223]}},{"type":"Feature","properties":{"aeroway":"parking_position","osmType":"node","osmId":4079636121,"ref":"257","name":null,"width":null,"lit":null},"geometry":{"type":"Point","coordinates":[-0.4386968,51.4732858]}},{"type":"Feature","properties":{"aeroway":"parking_position","osmType":"node","osmId":4079636132,"ref":"248","name":null,"width":null,"lit":null},"geometry":{"type":"Point","coordinates":[-0.4423509,51.4734021]}},{"type":"Feature","properties":{"aeroway":"parking_position","osmType":"node","osmId":4079636156,"ref":"258R","name":null,"width":null,"lit":null},"geometry":{"type":"Point","coordinates":[-0.4388694,51.4738949]}},{"type":"Feature","properties":{"aeroway":"parking_position","osmType":"node","osmId":4079636172,"ref":"258","name":null,"width":null,"lit":null},"geometry":{"type":"Point","coordinates":[-0.4387648,51.4741021]}},{"type":"Feature","properties":{"aeroway":"parking_position","osmType":"node","osmId":4079636178,"ref":"249","name":null,"width":null,"lit":null},"geometry":{"type":"Point","coordinates":[-0.4424797,51.4741589]}},{"type":"Feature","properties":{"aeroway":"parking_position","osmType":"node","osmId":4079636183,"ref":"258L","name":null,"width":null,"lit":null},"geometry":{"type":"Point","coordinates":[-0.4388748,51.4743009]}},{"type":"Feature","properties":{"aeroway":"parking_position","osmType":"node","osmId":4079636237,"ref":"TA3","name":null,"width":null,"lit":null},"geometry":{"type":"Point","coordinates":[-0.4238266,51.4753265]}},{"type":"Feature","properties":{"aeroway":"parking_position","osmType":"node","osmId":4079636238,"ref":"TA1","name":null,"width":null,"lit":null},"geometry":{"type":"Point","coordinates":[-0.4256612,51.4753682]}},{"type":"Feature","properties":{"aeroway":"parking_position","osmType":"node","osmId":4079636239,"ref":"TA4","name":null,"width":null,"lit":null},"geometry":{"type":"Point","coordinates":[-0.4220563,51.4753799]}},{"type":"Feature","properties":{"aeroway":"parking_position","osmType":"node","osmId":4079636240,"ref":"TA2","name":null,"width":null,"lit":null},"geometry":{"type":"Point","coordinates":[-0.4248566,51.4753933]}},{"type":"Feature","properties":{"aeroway":"parking_position","osmType":"node","osmId":4079636242,"ref":"TA5","name":null,"width":null,"lit":null},"geometry":{"type":"Point","coordinates":[-0.4215734,51.4754702]}},{"type":"Feature","properties":{"aeroway":"holding_position","osmType":"node","osmId":4079771948,"ref":null,"name":null,"width":null,"lit":null},"geometry":{"type":"Point","coordinates":[-0.4346368,51.4715962]}},{"type":"Feature","properties":{"aeroway":"parking_position","osmType":"node","osmId":4121956351,"ref":"246L","name":null,"width":null,"lit":null},"geometry":{"type":"Point","coordinates":[-0.4420976,51.4716564]}},{"type":"Feature","properties":{"aeroway":"parking_position","osmType":"node","osmId":4121956358,"ref":"243R","name":null,"width":null,"lit":null},"geometry":{"type":"Point","coordinates":[-0.4425225,51.4703404]}},{"type":"Feature","properties":{"aeroway":"parking_position","osmType":"node","osmId":4121956362,"ref":"242","name":null,"width":null,"lit":null},"geometry":{"type":"Point","coordinates":[-0.442411,51.4693899]}},{"type":"Feature","properties":{"aeroway":"parking_position","osmType":"node","osmId":4121956363,"ref":"244","name":null,"width":null,"lit":null},"geometry":{"type":"Point","coordinates":[-0.4422533,51.4709868]}},{"type":"Feature","properties":{"aeroway":"parking_position","osmType":"node","osmId":4121956365,"ref":"246R","name":null,"width":null,"lit":null},"geometry":{"type":"Point","coordinates":[-0.4424663,51.4720268]}},{"type":"Feature","properties":{"aeroway":"parking_position","osmType":"node","osmId":4121956368,"ref":"243","name":null,"width":null,"lit":null},"geometry":{"type":"Point","coordinates":[-0.4425001,51.4701828]}},{"type":"Feature","properties":{"aeroway":"parking_position","osmType":"node","osmId":4121956370,"ref":"241","name":null,"width":null,"lit":null},"geometry":{"type":"Point","coordinates":[-0.4423928,51.4686746]}},{"type":"Feature","properties":{"aeroway":"parking_position","osmType":"node","osmId":4121956375,"ref":"246","name":null,"width":null,"lit":null},"geometry":{"type":"Point","coordinates":[-0.4422731,51.4718472]}},{"type":"Feature","properties":{"aeroway":"parking_position","osmType":"node","osmId":4121956384,"ref":"243L","name":null,"width":null,"lit":null},"geometry":{"type":"Point","coordinates":[-0.4420189,51.4699721]}},{"type":"Feature","properties":{"aeroway":"holding_position","osmType":"node","osmId":5914705227,"ref":"S4E","name":null,"width":null,"lit":null},"geometry":{"type":"Point","coordinates":[-0.448713,51.4636787]}},{"type":"Feature","properties":{"aeroway":"holding_position","osmType":"node","osmId":5914705420,"ref":null,"name":null,"width":null,"lit":null},"geometry":{"type":"Point","coordinates":[-0.4484672,51.4751071]}},{"type":"Feature","properties":{"aeroway":"holding_position","osmType":"node","osmId":8758237624,"ref":"TITAN","name":null,"width":null,"lit":null},"geometry":{"type":"Point","coordinates":[-0.4367338,51.4745381]}},{"type":"Feature","properties":{"aeroway":"holding_position","osmType":"node","osmId":8762749763,"ref":"NESSY","name":null,"width":null,"lit":null},"geometry":{"type":"Point","coordinates":[-0.436935,51.4628008]}},{"type":"Feature","properties":{"aeroway":"holding_position","osmType":"node","osmId":8762749764,"ref":"TULLA","name":null,"width":null,"lit":null},"geometry":{"type":"Point","coordinates":[-0.4365464,51.4620276]}},{"type":"Feature","properties":{"aeroway":"parking_position","osmType":"node","osmId":9501010296,"ref":"458","name":null,"width":null,"lit":null},"geometry":{"type":"Point","coordinates":[-0.456643,51.4626874]}},{"type":"Feature","properties":{"aeroway":"gate","osmType":"node","osmId":9508128583,"ref":"A17","name":null,"width":null,"lit":null},"geometry":{"type":"Point","coordinates":[-0.4478168,51.4697378]}},{"type":"Feature","properties":{"aeroway":"gate","osmType":"node","osmId":9508128585,"ref":"A16","name":null,"width":null,"lit":null},"geometry":{"type":"Point","coordinates":[-0.4478101,51.4698474]}},{"type":"Feature","properties":{"aeroway":"gate","osmType":"node","osmId":9967079963,"ref":"A26","name":null,"width":null,"lit":null},"geometry":{"type":"Point","coordinates":[-0.4519149,51.4684256]}},{"type":"Feature","properties":{"aeroway":"gate","osmType":"node","osmId":10137183292,"ref":"A18","name":null,"width":null,"lit":null},"geometry":{"type":"Point","coordinates":[-0.4473219,51.4690564]}},{"type":"Feature","properties":{"aeroway":"gate","osmType":"node","osmId":10588153353,"ref":"B35","name":null,"width":null,"lit":null},"geometry":{"type":"Point","coordinates":[-0.4437134,51.4720806]}},{"type":"Feature","properties":{"aeroway":"parking_position","osmType":"node","osmId":10693918181,"ref":"TBA South Pen","name":null,"width":null,"lit":null},"geometry":{"type":"Point","coordinates":[-0.4193354,51.471313]}},{"type":"Feature","properties":{"aeroway":"parking_position","osmType":"node","osmId":10693918182,"ref":"TBA East Pen","name":null,"width":null,"lit":null},"geometry":{"type":"Point","coordinates":[-0.4176057,51.471994]}},{"type":"Feature","properties":{"aeroway":"gate","osmType":"node","osmId":11558092366,"ref":"B36","name":null,"width":null,"lit":null},"geometry":{"type":"Point","coordinates":[-0.4437165,51.471278]}},{"type":"Feature","properties":{"aeroway":"parking_position","osmType":"node","osmId":12071389477,"ref":"430","name":null,"width":null,"lit":null},"geometry":{"type":"Point","coordinates":[-0.4400694,51.4609509]}},{"type":"Feature","properties":{"aeroway":"holding_position","osmType":"node","osmId":12621571068,"ref":null,"name":null,"width":null,"lit":null},"geometry":{"type":"Point","coordinates":[-0.4522517,51.4625815]}},{"type":"Feature","properties":{"aeroway":"holding_position","osmType":"node","osmId":12621571070,"ref":null,"name":null,"width":null,"lit":null},"geometry":{"type":"Point","coordinates":[-0.4519908,51.4625209]}},{"type":"Feature","properties":{"aeroway":"holding_position","osmType":"node","osmId":12621571071,"ref":null,"name":null,"width":null,"lit":null},"geometry":{"type":"Point","coordinates":[-0.4424226,51.462533]}},{"type":"Feature","properties":{"aeroway":"holding_position","osmType":"node","osmId":12621571072,"ref":null,"name":null,"width":null,"lit":null},"geometry":{"type":"Point","coordinates":[-0.4430111,51.4632715]}},{"type":"Feature","properties":{"aeroway":"holding_position","osmType":"node","osmId":12621571073,"ref":null,"name":null,"width":null,"lit":null},"geometry":{"type":"Point","coordinates":[-0.4449491,51.4632627]}},{"type":"Feature","properties":{"aeroway":"holding_position","osmType":"node","osmId":12621571074,"ref":null,"name":null,"width":null,"lit":null},"geometry":{"type":"Point","coordinates":[-0.4382047,51.4620249]}},{"type":"Feature","properties":{"aeroway":"holding_position","osmType":"node","osmId":12621571075,"ref":null,"name":null,"width":null,"lit":null},"geometry":{"type":"Point","coordinates":[-0.4386032,51.4627978]}},{"type":"Feature","properties":{"aeroway":"holding_position","osmType":"node","osmId":12621571076,"ref":null,"name":null,"width":null,"lit":null},"geometry":{"type":"Point","coordinates":[-0.4407946,51.4632762]}},{"type":"Feature","properties":{"aeroway":"holding_position","osmType":"node","osmId":12621571077,"ref":null,"name":null,"width":null,"lit":null},"geometry":{"type":"Point","coordinates":[-0.4491326,51.4613066]}},{"type":"Feature","properties":{"aeroway":"holding_position","osmType":"node","osmId":12621571078,"ref":null,"name":null,"width":null,"lit":null},"geometry":{"type":"Point","coordinates":[-0.4509738,51.4600166]}},{"type":"Feature","properties":{"aeroway":"holding_position","osmType":"node","osmId":12621571079,"ref":null,"name":null,"width":null,"lit":null},"geometry":{"type":"Point","coordinates":[-0.4519471,51.4567828]}},{"type":"Feature","properties":{"aeroway":"holding_position","osmType":"node","osmId":12621571080,"ref":null,"name":null,"width":null,"lit":null},"geometry":{"type":"Point","coordinates":[-0.4522348,51.4591358]}},{"type":"Feature","properties":{"aeroway":"holding_position","osmType":"node","osmId":12621571081,"ref":null,"name":null,"width":null,"lit":null},"geometry":{"type":"Point","coordinates":[-0.4532601,51.4597088]}},{"type":"Feature","properties":{"aeroway":"holding_position","osmType":"node","osmId":12621571082,"ref":null,"name":null,"width":null,"lit":null},"geometry":{"type":"Point","coordinates":[-0.4523112,51.4599656]}},{"type":"Feature","properties":{"aeroway":"holding_position","osmType":"node","osmId":12621571083,"ref":null,"name":null,"width":null,"lit":null},"geometry":{"type":"Point","coordinates":[-0.4533051,51.4618431]}},{"type":"Feature","properties":{"aeroway":"holding_position","osmType":"node","osmId":12621571084,"ref":null,"name":null,"width":null,"lit":null},"geometry":{"type":"Point","coordinates":[-0.4533874,51.461981]}},{"type":"Feature","properties":{"aeroway":"holding_position","osmType":"node","osmId":12621571085,"ref":null,"name":null,"width":null,"lit":null},"geometry":{"type":"Point","coordinates":[-0.4548093,51.4621685]}},{"type":"Feature","properties":{"aeroway":"holding_position","osmType":"node","osmId":12621630912,"ref":"S5E","name":null,"width":null,"lit":null},"geometry":{"type":"Point","coordinates":[-0.4540334,51.4636619]}},{"type":"Feature","properties":{"aeroway":"holding_position","osmType":"node","osmId":12621630948,"ref":null,"name":null,"width":null,"lit":null},"geometry":{"type":"Point","coordinates":[-0.4577879,51.4632446]}},{"type":"Feature","properties":{"aeroway":"holding_position","osmType":"node","osmId":12621728252,"ref":null,"name":null,"width":null,"lit":null},"geometry":{"type":"Point","coordinates":[-0.4658565,51.463222]}},{"type":"Feature","properties":{"aeroway":"holding_position","osmType":"node","osmId":12621728255,"ref":null,"name":null,"width":null,"lit":null},"geometry":{"type":"Point","coordinates":[-0.4726316,51.4627057]}},{"type":"Feature","properties":{"aeroway":"holding_position","osmType":"node","osmId":12621917382,"ref":"A4","name":null,"width":null,"lit":null},"geometry":{"type":"Point","coordinates":[-0.4376627,51.476431]}},{"type":"Feature","properties":{"aeroway":"holding_position","osmType":"node","osmId":12622264727,"ref":null,"name":null,"width":null,"lit":null},"geometry":{"type":"Point","coordinates":[-0.431173,51.4747029]}},{"type":"Feature","properties":{"aeroway":"holding_position","osmType":"node","osmId":12622264728,"ref":null,"name":null,"width":null,"lit":null},"geometry":{"type":"Point","coordinates":[-0.4342008,51.4726668]}},{"type":"Feature","properties":{"aeroway":"holding_position","osmType":"node","osmId":12622264731,"ref":"SATUN","name":null,"width":null,"lit":null},"geometry":{"type":"Point","coordinates":[-0.4359133,51.4728477]}},{"type":"Feature","properties":{"aeroway":"holding_position","osmType":"node","osmId":12622264732,"ref":"SATUN","name":null,"width":null,"lit":null},"geometry":{"type":"Point","coordinates":[-0.4358242,51.4728372]}},{"type":"Feature","properties":{"aeroway":"holding_position","osmType":"node","osmId":12622264733,"ref":"BQ2","name":null,"width":null,"lit":null},"geometry":{"type":"Point","coordinates":[-0.4375438,51.4723882]}},{"type":"Feature","properties":{"aeroway":"holding_position","osmType":"node","osmId":12622264734,"ref":null,"name":null,"width":null,"lit":null},"geometry":{"type":"Point","coordinates":[-0.4348233,51.4735537]}},{"type":"Feature","properties":{"aeroway":"holding_position","osmType":"node","osmId":12622264735,"ref":null,"name":null,"width":null,"lit":null},"geometry":{"type":"Point","coordinates":[-0.432554,51.4755059]}},{"type":"Feature","properties":{"aeroway":"holding_position","osmType":"node","osmId":12622264736,"ref":null,"name":null,"width":null,"lit":null},"geometry":{"type":"Point","coordinates":[-0.4342276,51.4750643]}},{"type":"Feature","properties":{"aeroway":"holding_position","osmType":"node","osmId":12622264737,"ref":null,"name":null,"width":null,"lit":null},"geometry":{"type":"Point","coordinates":[-0.4350859,51.474543]}},{"type":"Feature","properties":{"aeroway":"holding_position","osmType":"node","osmId":12622264738,"ref":null,"name":null,"width":null,"lit":null},"geometry":{"type":"Point","coordinates":[-0.4359254,51.4738686]}},{"type":"Feature","properties":{"aeroway":"holding_position","osmType":"node","osmId":12622264739,"ref":"BY2","name":null,"width":null,"lit":null},"geometry":{"type":"Point","coordinates":[-0.4375312,51.4710238]}},{"type":"Feature","properties":{"aeroway":"holding_position","osmType":"node","osmId":12622264740,"ref":null,"name":null,"width":null,"lit":null},"geometry":{"type":"Point","coordinates":[-0.436099,51.471034]}},{"type":"Feature","properties":{"aeroway":"holding_position","osmType":"node","osmId":12622264741,"ref":null,"name":null,"width":null,"lit":null},"geometry":{"type":"Point","coordinates":[-0.4368168,51.4714594]}},{"type":"Feature","properties":{"aeroway":"holding_position","osmType":"node","osmId":12622264742,"ref":"BY1","name":null,"width":null,"lit":null},"geometry":{"type":"Point","coordinates":[-0.4375491,51.473844]}},{"type":"Feature","properties":{"aeroway":"holding_position","osmType":"node","osmId":12622264743,"ref":null,"name":null,"width":null,"lit":null},"geometry":{"type":"Point","coordinates":[-0.4382657,51.4750392]}},{"type":"Feature","properties":{"aeroway":"holding_position","osmType":"node","osmId":12622264744,"ref":null,"name":null,"width":null,"lit":null},"geometry":{"type":"Point","coordinates":[-0.4397797,51.4750456]}},{"type":"Feature","properties":{"aeroway":"holding_position","osmType":"node","osmId":12622264745,"ref":null,"name":null,"width":null,"lit":null},"geometry":{"type":"Point","coordinates":[-0.4397852,51.4759192]}},{"type":"Feature","properties":{"aeroway":"holding_position","osmType":"node","osmId":12622264746,"ref":null,"name":null,"width":null,"lit":null},"geometry":{"type":"Point","coordinates":[-0.440619,51.4754877]}},{"type":"Feature","properties":{"aeroway":"holding_position","osmType":"node","osmId":12622264747,"ref":null,"name":null,"width":null,"lit":null},"geometry":{"type":"Point","coordinates":[-0.4414302,51.4750422]}},{"type":"Feature","properties":{"aeroway":"holding_position","osmType":"node","osmId":12622264748,"ref":null,"name":null,"width":null,"lit":null},"geometry":{"type":"Point","coordinates":[-0.4414377,51.4759147]}},{"type":"Feature","properties":{"aeroway":"holding_position","osmType":"node","osmId":12622264749,"ref":null,"name":null,"width":null,"lit":null},"geometry":{"type":"Point","coordinates":[-0.4430087,51.4750365]}},{"type":"Feature","properties":{"aeroway":"holding_position","osmType":"node","osmId":12622264750,"ref":null,"name":null,"width":null,"lit":null},"geometry":{"type":"Point","coordinates":[-0.444525,51.4750311]}},{"type":"Feature","properties":{"aeroway":"holding_position","osmType":"node","osmId":12622264751,"ref":null,"name":null,"width":null,"lit":null},"geometry":{"type":"Point","coordinates":[-0.4453029,51.47599]}},{"type":"Feature","properties":{"aeroway":"holding_position","osmType":"node","osmId":12622264752,"ref":"K2","name":null,"width":null,"lit":null},"geometry":{"type":"Point","coordinates":[-0.4456043,51.4745757]}},{"type":"Feature","properties":{"aeroway":"holding_position","osmType":"node","osmId":12622264753,"ref":null,"name":null,"width":null,"lit":null},"geometry":{"type":"Point","coordinates":[-0.4466006,51.4755184]}},{"type":"Feature","properties":{"aeroway":"holding_position","osmType":"node","osmId":12622264754,"ref":null,"name":null,"width":null,"lit":null},"geometry":{"type":"Point","coordinates":[-0.4485309,51.4759798]}},{"type":"Feature","properties":{"aeroway":"holding_position","osmType":"node","osmId":12622264755,"ref":null,"name":null,"width":null,"lit":null},"geometry":{"type":"Point","coordinates":[-0.4499785,51.4751137]}},{"type":"Feature","properties":{"aeroway":"holding_position","osmType":"node","osmId":12622264756,"ref":null,"name":null,"width":null,"lit":null},"geometry":{"type":"Point","coordinates":[-0.4509607,51.4759711]}},{"type":"Feature","properties":{"aeroway":"holding_position","osmType":"node","osmId":12622264757,"ref":null,"name":null,"width":null,"lit":null},"geometry":{"type":"Point","coordinates":[-0.4517546,51.4755009]}},{"type":"Feature","properties":{"aeroway":"holding_position","osmType":"node","osmId":12622264758,"ref":null,"name":null,"width":null,"lit":null},"geometry":{"type":"Point","coordinates":[-0.4532066,51.475964]}},{"type":"Feature","properties":{"aeroway":"holding_position","osmType":"node","osmId":12622264759,"ref":null,"name":null,"width":null,"lit":null},"geometry":{"type":"Point","coordinates":[-0.4535839,51.4751064]}},{"type":"Feature","properties":{"aeroway":"holding_position","osmType":"node","osmId":12622264760,"ref":null,"name":null,"width":null,"lit":null},"geometry":{"type":"Point","coordinates":[-0.4546754,51.4756239]}},{"type":"Feature","properties":{"aeroway":"holding_position","osmType":"node","osmId":12622264761,"ref":null,"name":null,"width":null,"lit":null},"geometry":{"type":"Point","coordinates":[-0.4559736,51.475955]}},{"type":"Feature","properties":{"aeroway":"holding_position","osmType":"node","osmId":12622264762,"ref":null,"name":null,"width":null,"lit":null},"geometry":{"type":"Point","coordinates":[-0.4560347,51.4750862]}},{"type":"Feature","properties":{"aeroway":"holding_position","osmType":"node","osmId":12622264763,"ref":null,"name":null,"width":null,"lit":null},"geometry":{"type":"Point","coordinates":[-0.4574201,51.4756134]}},{"type":"Feature","properties":{"aeroway":"holding_position","osmType":"node","osmId":12622264764,"ref":null,"name":null,"width":null,"lit":null},"geometry":{"type":"Point","coordinates":[-0.4583174,51.475951]}},{"type":"Feature","properties":{"aeroway":"holding_position","osmType":"node","osmId":12622264765,"ref":null,"name":null,"width":null,"lit":null},"geometry":{"type":"Point","coordinates":[-0.4585255,51.475178]}},{"type":"Feature","properties":{"aeroway":"holding_position","osmType":"node","osmId":12622264767,"ref":null,"name":null,"width":null,"lit":null},"geometry":{"type":"Point","coordinates":[-0.4601747,51.4751705]}},{"type":"Feature","properties":{"aeroway":"holding_position","osmType":"node","osmId":12622264768,"ref":null,"name":null,"width":null,"lit":null},"geometry":{"type":"Point","coordinates":[-0.461623,51.4745346]}},{"type":"Feature","properties":{"aeroway":"holding_position","osmType":"node","osmId":12622264769,"ref":null,"name":null,"width":null,"lit":null},"geometry":{"type":"Point","coordinates":[-0.4630207,51.4751606]}},{"type":"Feature","properties":{"aeroway":"holding_position","osmType":"node","osmId":12622264770,"ref":null,"name":null,"width":null,"lit":null},"geometry":{"type":"Point","coordinates":[-0.4619328,51.475941]}},{"type":"Feature","properties":{"aeroway":"holding_position","osmType":"node","osmId":12622264771,"ref":null,"name":null,"width":null,"lit":null},"geometry":{"type":"Point","coordinates":[-0.4667533,51.4751452]}},{"type":"Feature","properties":{"aeroway":"holding_position","osmType":"node","osmId":12622264772,"ref":null,"name":null,"width":null,"lit":null},"geometry":{"type":"Point","coordinates":[-0.4684114,51.4749411]}},{"type":"Feature","properties":{"aeroway":"holding_position","osmType":"node","osmId":12622264773,"ref":null,"name":null,"width":null,"lit":null},"geometry":{"type":"Point","coordinates":[-0.4710114,51.4758219]}},{"type":"Feature","properties":{"aeroway":"holding_position","osmType":"node","osmId":12622264774,"ref":null,"name":null,"width":null,"lit":null},"geometry":{"type":"Point","coordinates":[-0.4700696,51.4749271]}},{"type":"Feature","properties":{"aeroway":"holding_position","osmType":"node","osmId":12622264775,"ref":null,"name":null,"width":null,"lit":null},"geometry":{"type":"Point","coordinates":[-0.4672738,51.4729009]}},{"type":"Feature","properties":{"aeroway":"holding_position","osmType":"node","osmId":12622264776,"ref":null,"name":null,"width":null,"lit":null},"geometry":{"type":"Point","coordinates":[-0.4686744,51.4728955]}},{"type":"Feature","properties":{"aeroway":"holding_position","osmType":"node","osmId":12622264777,"ref":null,"name":null,"width":null,"lit":null},"geometry":{"type":"Point","coordinates":[-0.4665432,51.4723813]}},{"type":"Feature","properties":{"aeroway":"holding_position","osmType":"node","osmId":12622264778,"ref":null,"name":null,"width":null,"lit":null},"geometry":{"type":"Point","coordinates":[-0.4679609,51.472377]}},{"type":"Feature","properties":{"aeroway":"holding_position","osmType":"node","osmId":12622264779,"ref":null,"name":null,"width":null,"lit":null},"geometry":{"type":"Point","coordinates":[-0.4672674,51.4718584]}},{"type":"Feature","properties":{"aeroway":"holding_position","osmType":"node","osmId":12622264780,"ref":null,"name":null,"width":null,"lit":null},"geometry":{"type":"Point","coordinates":[-0.4686648,51.4718542]}},{"type":"Feature","properties":{"aeroway":"holding_position","osmType":"node","osmId":12622264781,"ref":null,"name":null,"width":null,"lit":null},"geometry":{"type":"Point","coordinates":[-0.4686704,51.4710795]}},{"type":"Feature","properties":{"aeroway":"holding_position","osmType":"node","osmId":12622264782,"ref":null,"name":null,"width":null,"lit":null},"geometry":{"type":"Point","coordinates":[-0.4672565,51.4710075]}},{"type":"Feature","properties":{"aeroway":"holding_position","osmType":"node","osmId":12622264783,"ref":null,"name":null,"width":null,"lit":null},"geometry":{"type":"Point","coordinates":[-0.4679414,51.4705403]}},{"type":"Feature","properties":{"aeroway":"holding_position","osmType":"node","osmId":12622264784,"ref":null,"name":null,"width":null,"lit":null},"geometry":{"type":"Point","coordinates":[-0.4686539,51.4701025]}},{"type":"Feature","properties":{"aeroway":"holding_position","osmType":"node","osmId":12622264785,"ref":null,"name":null,"width":null,"lit":null},"geometry":{"type":"Point","coordinates":[-0.4670832,51.4703302]}},{"type":"Feature","properties":{"aeroway":"holding_position","osmType":"node","osmId":12622264786,"ref":null,"name":null,"width":null,"lit":null},"geometry":{"type":"Point","coordinates":[-0.46864,51.4688571]}},{"type":"Feature","properties":{"aeroway":"holding_position","osmType":"node","osmId":12622264787,"ref":null,"name":null,"width":null,"lit":null},"geometry":{"type":"Point","coordinates":[-0.467746,51.4684352]}},{"type":"Feature","properties":{"aeroway":"holding_position","osmType":"node","osmId":12622264788,"ref":null,"name":null,"width":null,"lit":null},"geometry":{"type":"Point","coordinates":[-0.4662839,51.4684346]}},{"type":"Feature","properties":{"aeroway":"holding_position","osmType":"node","osmId":12622264789,"ref":null,"name":null,"width":null,"lit":null},"geometry":{"type":"Point","coordinates":[-0.4657028,51.4690687]}},{"type":"Feature","properties":{"aeroway":"holding_position","osmType":"node","osmId":12622264790,"ref":null,"name":null,"width":null,"lit":null},"geometry":{"type":"Point","coordinates":[-0.4727243,51.4749034]}},{"type":"Feature","properties":{"aeroway":"holding_position","osmType":"node","osmId":12622264791,"ref":null,"name":null,"width":null,"lit":null},"geometry":{"type":"Point","coordinates":[-0.4727388,51.4758125]}},{"type":"Feature","properties":{"aeroway":"holding_position","osmType":"node","osmId":12622264792,"ref":null,"name":null,"width":null,"lit":null},"geometry":{"type":"Point","coordinates":[-0.4735692,51.475363]}},{"type":"Feature","properties":{"aeroway":"holding_position","osmType":"node","osmId":12622264793,"ref":null,"name":null,"width":null,"lit":null},"geometry":{"type":"Point","coordinates":[-0.4743926,51.4749028]}},{"type":"Feature","properties":{"aeroway":"holding_position","osmType":"node","osmId":12622264794,"ref":null,"name":null,"width":null,"lit":null},"geometry":{"type":"Point","coordinates":[-0.4747223,51.4758072]}},{"type":"Feature","properties":{"aeroway":"holding_position","osmType":"node","osmId":12622264795,"ref":null,"name":null,"width":null,"lit":null},"geometry":{"type":"Point","coordinates":[-0.4779084,51.4757975]}},{"type":"Feature","properties":{"aeroway":"holding_position","osmType":"node","osmId":12622264796,"ref":null,"name":null,"width":null,"lit":null},"geometry":{"type":"Point","coordinates":[-0.4779027,51.4748798]}},{"type":"Feature","properties":{"aeroway":"holding_position","osmType":"node","osmId":12622264797,"ref":null,"name":null,"width":null,"lit":null},"geometry":{"type":"Point","coordinates":[-0.4787471,51.4753445]}},{"type":"Feature","properties":{"aeroway":"holding_position","osmType":"node","osmId":12622264798,"ref":"RABIT","name":null,"width":null,"lit":null},"geometry":{"type":"Point","coordinates":[-0.4795725,51.4748772]}},{"type":"Feature","properties":{"aeroway":"holding_position","osmType":"node","osmId":12622264799,"ref":null,"name":null,"width":null,"lit":null},"geometry":{"type":"Point","coordinates":[-0.481227,51.4753397]}},{"type":"Feature","properties":{"aeroway":"holding_position","osmType":"node","osmId":12622264800,"ref":null,"name":null,"width":null,"lit":null},"geometry":{"type":"Point","coordinates":[-0.4827836,51.4757751]}},{"type":"Feature","properties":{"aeroway":"holding_position","osmType":"node","osmId":12622310001,"ref":null,"name":null,"width":null,"lit":null},"geometry":{"type":"Point","coordinates":[-0.4827705,51.4748775]}},{"type":"Feature","properties":{"aeroway":"holding_position","osmType":"node","osmId":12622310002,"ref":null,"name":null,"width":null,"lit":null},"geometry":{"type":"Point","coordinates":[-0.4836104,51.4753402]}},{"type":"Feature","properties":{"aeroway":"holding_position","osmType":"node","osmId":12622310003,"ref":null,"name":null,"width":null,"lit":null},"geometry":{"type":"Point","coordinates":[-0.4847569,51.4753231]}},{"type":"Feature","properties":{"aeroway":"holding_position","osmType":"node","osmId":12622310004,"ref":null,"name":null,"width":null,"lit":null},"geometry":{"type":"Point","coordinates":[-0.4855945,51.4757641]}},{"type":"Feature","properties":{"aeroway":"holding_position","osmType":"node","osmId":12622310005,"ref":null,"name":null,"width":null,"lit":null},"geometry":{"type":"Point","coordinates":[-0.4855767,51.4748711]}},{"type":"Feature","properties":{"aeroway":"holding_position","osmType":"node","osmId":12622310006,"ref":null,"name":null,"width":null,"lit":null},"geometry":{"type":"Point","coordinates":[-0.4894974,51.4751557]}},{"type":"Feature","properties":{"aeroway":"holding_position","osmType":"node","osmId":12622310007,"ref":null,"name":null,"width":null,"lit":null},"geometry":{"type":"Point","coordinates":[-0.488862,51.4757644]}},{"type":"Feature","properties":{"aeroway":"holding_position","osmType":"node","osmId":12622310008,"ref":null,"name":null,"width":null,"lit":null},"geometry":{"type":"Point","coordinates":[-0.4847376,51.4730714]}},{"type":"Feature","properties":{"aeroway":"holding_position","osmType":"node","osmId":12622310009,"ref":null,"name":null,"width":null,"lit":null},"geometry":{"type":"Point","coordinates":[-0.4835923,51.4730744]}},{"type":"Feature","properties":{"aeroway":"holding_position","osmType":"node","osmId":12622310010,"ref":null,"name":null,"width":null,"lit":null},"geometry":{"type":"Point","coordinates":[-0.4841575,51.47268]}},{"type":"Feature","properties":{"aeroway":"holding_position","osmType":"node","osmId":12622310011,"ref":null,"name":null,"width":null,"lit":null},"geometry":{"type":"Point","coordinates":[-0.484731,51.4723065]}},{"type":"Feature","properties":{"aeroway":"holding_position","osmType":"node","osmId":12622310012,"ref":null,"name":null,"width":null,"lit":null},"geometry":{"type":"Point","coordinates":[-0.4835848,51.4723114]}},{"type":"Feature","properties":{"aeroway":"holding_position","osmType":"node","osmId":12622310013,"ref":null,"name":null,"width":null,"lit":null},"geometry":{"type":"Point","coordinates":[-0.4835707,51.4708874]}},{"type":"Feature","properties":{"aeroway":"holding_position","osmType":"node","osmId":12622310014,"ref":null,"name":null,"width":null,"lit":null},"geometry":{"type":"Point","coordinates":[-0.4847225,51.4708844]}},{"type":"Feature","properties":{"aeroway":"holding_position","osmType":"node","osmId":12622310015,"ref":null,"name":null,"width":null,"lit":null},"geometry":{"type":"Point","coordinates":[-0.4841364,51.4704962]}},{"type":"Feature","properties":{"aeroway":"holding_position","osmType":"node","osmId":12622310016,"ref":null,"name":null,"width":null,"lit":null},"geometry":{"type":"Point","coordinates":[-0.4835633,51.4701254]}},{"type":"Feature","properties":{"aeroway":"holding_position","osmType":"node","osmId":12622310017,"ref":null,"name":null,"width":null,"lit":null},"geometry":{"type":"Point","coordinates":[-0.4847102,51.4701211]}},{"type":"Feature","properties":{"aeroway":"holding_position","osmType":"node","osmId":12622310018,"ref":null,"name":null,"width":null,"lit":null},"geometry":{"type":"Point","coordinates":[-0.4835537,51.4691614]}},{"type":"Feature","properties":{"aeroway":"holding_position","osmType":"node","osmId":12622310019,"ref":null,"name":null,"width":null,"lit":null},"geometry":{"type":"Point","coordinates":[-0.484701,51.4691629]}},{"type":"Feature","properties":{"aeroway":"holding_position","osmType":"node","osmId":12622310020,"ref":null,"name":null,"width":null,"lit":null},"geometry":{"type":"Point","coordinates":[-0.4841218,51.4687769]}},{"type":"Feature","properties":{"aeroway":"holding_position","osmType":"node","osmId":12622310021,"ref":null,"name":null,"width":null,"lit":null},"geometry":{"type":"Point","coordinates":[-0.4853104,51.468773]}},{"type":"Feature","properties":{"aeroway":"holding_position","osmType":"node","osmId":12622310022,"ref":null,"name":null,"width":null,"lit":null},"geometry":{"type":"Point","coordinates":[-0.4875007,51.4685444]}},{"type":"Feature","properties":{"aeroway":"holding_position","osmType":"node","osmId":12622310023,"ref":null,"name":null,"width":null,"lit":null},"geometry":{"type":"Point","coordinates":[-0.4874949,51.4669603]}},{"type":"Feature","properties":{"aeroway":"holding_position","osmType":"node","osmId":12622310024,"ref":null,"name":null,"width":null,"lit":null},"geometry":{"type":"Point","coordinates":[-0.4858356,51.4674037]}},{"type":"Feature","properties":{"aeroway":"holding_position","osmType":"node","osmId":12622310025,"ref":null,"name":null,"width":null,"lit":null},"geometry":{"type":"Point","coordinates":[-0.485754,51.4665058]}},{"type":"Feature","properties":{"aeroway":"holding_position","osmType":"node","osmId":12622310026,"ref":null,"name":null,"width":null,"lit":null},"geometry":{"type":"Point","coordinates":[-0.4846932,51.466967]}},{"type":"Feature","properties":{"aeroway":"holding_position","osmType":"node","osmId":12622310027,"ref":null,"name":null,"width":null,"lit":null},"geometry":{"type":"Point","coordinates":[-0.4841102,51.4674077]}},{"type":"Feature","properties":{"aeroway":"holding_position","osmType":"node","osmId":12622310028,"ref":null,"name":null,"width":null,"lit":null},"geometry":{"type":"Point","coordinates":[-0.4834143,51.4665152]}},{"type":"Feature","properties":{"aeroway":"holding_position","osmType":"node","osmId":12622310029,"ref":null,"name":null,"width":null,"lit":null},"geometry":{"type":"Point","coordinates":[-0.4828639,51.467411]}},{"type":"Feature","properties":{"aeroway":"holding_position","osmType":"node","osmId":12622310030,"ref":null,"name":null,"width":null,"lit":null},"geometry":{"type":"Point","coordinates":[-0.4821538,51.4669757]}},{"type":"Feature","properties":{"aeroway":"holding_position","osmType":"node","osmId":12622310031,"ref":null,"name":null,"width":null,"lit":null},"geometry":{"type":"Point","coordinates":[-0.4795001,51.4674203]}},{"type":"Feature","properties":{"aeroway":"holding_position","osmType":"node","osmId":12622310032,"ref":null,"name":null,"width":null,"lit":null},"geometry":{"type":"Point","coordinates":[-0.4794924,51.4665292]}},{"type":"Feature","properties":{"aeroway":"holding_position","osmType":"node","osmId":12622310033,"ref":null,"name":null,"width":null,"lit":null},"geometry":{"type":"Point","coordinates":[-0.4786827,51.4669849]}},{"type":"Feature","properties":{"aeroway":"holding_position","osmType":"node","osmId":12622310034,"ref":null,"name":null,"width":null,"lit":null},"geometry":{"type":"Point","coordinates":[-0.4778474,51.4674255]}},{"type":"Feature","properties":{"aeroway":"holding_position","osmType":"node","osmId":12622310035,"ref":null,"name":null,"width":null,"lit":null},"geometry":{"type":"Point","coordinates":[-0.4778383,51.4665352]}},{"type":"Feature","properties":{"aeroway":"holding_position","osmType":"node","osmId":12622310036,"ref":null,"name":null,"width":null,"lit":null},"geometry":{"type":"Point","coordinates":[-0.4757655,51.4665425]}},{"type":"Feature","properties":{"aeroway":"holding_position","osmType":"node","osmId":12622310037,"ref":null,"name":null,"width":null,"lit":null},"geometry":{"type":"Point","coordinates":[-0.4743217,51.4674431]}},{"type":"Feature","properties":{"aeroway":"holding_position","osmType":"node","osmId":12622310038,"ref":null,"name":null,"width":null,"lit":null},"geometry":{"type":"Point","coordinates":[-0.4734868,51.4670098]}},{"type":"Feature","properties":{"aeroway":"holding_position","osmType":"node","osmId":12622310039,"ref":null,"name":null,"width":null,"lit":null},"geometry":{"type":"Point","coordinates":[-0.4726223,51.4674518]}},{"type":"Feature","properties":{"aeroway":"holding_position","osmType":"node","osmId":12622310040,"ref":null,"name":null,"width":null,"lit":null},"geometry":{"type":"Point","coordinates":[-0.4726455,51.4665536]}},{"type":"Feature","properties":{"aeroway":"holding_position","osmType":"node","osmId":12622310041,"ref":null,"name":null,"width":null,"lit":null},"geometry":{"type":"Point","coordinates":[-0.4694582,51.4674595]}},{"type":"Feature","properties":{"aeroway":"holding_position","osmType":"node","osmId":12622310042,"ref":null,"name":null,"width":null,"lit":null},"geometry":{"type":"Point","coordinates":[-0.4694459,51.466565]}},{"type":"Feature","properties":{"aeroway":"holding_position","osmType":"node","osmId":12622310043,"ref":null,"name":null,"width":null,"lit":null},"geometry":{"type":"Point","coordinates":[-0.4677672,51.4665711]}},{"type":"Feature","properties":{"aeroway":"holding_position","osmType":"node","osmId":12622310044,"ref":null,"name":null,"width":null,"lit":null},"geometry":{"type":"Point","coordinates":[-0.467766,51.4674686]}},{"type":"Feature","properties":{"aeroway":"holding_position","osmType":"node","osmId":12622310045,"ref":null,"name":null,"width":null,"lit":null},"geometry":{"type":"Point","coordinates":[-0.4686188,51.467025]}},{"type":"Feature","properties":{"aeroway":"holding_position","osmType":"node","osmId":12622310046,"ref":null,"name":null,"width":null,"lit":null},"geometry":{"type":"Point","coordinates":[-0.4652166,51.4674756]}},{"type":"Feature","properties":{"aeroway":"holding_position","osmType":"node","osmId":12622310047,"ref":null,"name":null,"width":null,"lit":null},"geometry":{"type":"Point","coordinates":[-0.4656857,51.4665785]}},{"type":"Feature","properties":{"aeroway":"holding_position","osmType":"node","osmId":12622310048,"ref":null,"name":null,"width":null,"lit":null},"geometry":{"type":"Point","coordinates":[-0.4642156,51.4670203]}},{"type":"Feature","properties":{"aeroway":"holding_position","osmType":"node","osmId":12622310049,"ref":null,"name":null,"width":null,"lit":null},"geometry":{"type":"Point","coordinates":[-0.4634094,51.4674647]}},{"type":"Feature","properties":{"aeroway":"holding_position","osmType":"node","osmId":12622310050,"ref":null,"name":null,"width":null,"lit":null},"geometry":{"type":"Point","coordinates":[-0.4633693,51.4665868]}},{"type":"Feature","properties":{"aeroway":"holding_position","osmType":"node","osmId":12622310051,"ref":null,"name":null,"width":null,"lit":null},"geometry":{"type":"Point","coordinates":[-0.4606751,51.4674723]}},{"type":"Feature","properties":{"aeroway":"holding_position","osmType":"node","osmId":12622310052,"ref":null,"name":null,"width":null,"lit":null},"geometry":{"type":"Point","coordinates":[-0.4606742,51.4665964]}},{"type":"Feature","properties":{"aeroway":"holding_position","osmType":"node","osmId":12622310053,"ref":null,"name":null,"width":null,"lit":null},"geometry":{"type":"Point","coordinates":[-0.4598518,51.4679887]}},{"type":"Feature","properties":{"aeroway":"holding_position","osmType":"node","osmId":12622310054,"ref":null,"name":null,"width":null,"lit":null},"geometry":{"type":"Point","coordinates":[-0.4588555,51.4674774]}},{"type":"Feature","properties":{"aeroway":"holding_position","osmType":"node","osmId":12622310055,"ref":null,"name":null,"width":null,"lit":null},"geometry":{"type":"Point","coordinates":[-0.4585749,51.4666039]}},{"type":"Feature","properties":{"aeroway":"holding_position","osmType":"node","osmId":12622310056,"ref":null,"name":null,"width":null,"lit":null},"geometry":{"type":"Point","coordinates":[-0.4598379,51.4670418]}},{"type":"Feature","properties":{"aeroway":"holding_position","osmType":"node","osmId":12622310057,"ref":null,"name":null,"width":null,"lit":null},"geometry":{"type":"Point","coordinates":[-0.4577561,51.4670485]}},{"type":"Feature","properties":{"aeroway":"holding_position","osmType":"node","osmId":12622310058,"ref":null,"name":null,"width":null,"lit":null},"geometry":{"type":"Point","coordinates":[-0.4567942,51.467483]}},{"type":"Feature","properties":{"aeroway":"holding_position","osmType":"node","osmId":12622310059,"ref":null,"name":null,"width":null,"lit":null},"geometry":{"type":"Point","coordinates":[-0.4557221,51.4670551]}},{"type":"Feature","properties":{"aeroway":"holding_position","osmType":"node","osmId":12622310060,"ref":null,"name":null,"width":null,"lit":null},"geometry":{"type":"Point","coordinates":[-0.4548647,51.4674883]}},{"type":"Feature","properties":{"aeroway":"holding_position","osmType":"node","osmId":12622310061,"ref":null,"name":null,"width":null,"lit":null},"geometry":{"type":"Point","coordinates":[-0.4548739,51.466617]}},{"type":"Feature","properties":{"aeroway":"holding_position","osmType":"node","osmId":12622310062,"ref":null,"name":null,"width":null,"lit":null},"geometry":{"type":"Point","coordinates":[-0.4539043,51.4670625]}},{"type":"Feature","properties":{"aeroway":"holding_position","osmType":"node","osmId":12622310063,"ref":null,"name":null,"width":null,"lit":null},"geometry":{"type":"Point","coordinates":[-0.4523336,51.4674978]}},{"type":"Feature","properties":{"aeroway":"holding_position","osmType":"node","osmId":12622310064,"ref":null,"name":null,"width":null,"lit":null},"geometry":{"type":"Point","coordinates":[-0.4523235,51.4666263]}},{"type":"Feature","properties":{"aeroway":"holding_position","osmType":"node","osmId":12622310065,"ref":null,"name":null,"width":null,"lit":null},"geometry":{"type":"Point","coordinates":[-0.4507214,51.4670727]}},{"type":"Feature","properties":{"aeroway":"holding_position","osmType":"node","osmId":12622310066,"ref":null,"name":null,"width":null,"lit":null},"geometry":{"type":"Point","coordinates":[-0.4495515,51.4675058]}},{"type":"Feature","properties":{"aeroway":"holding_position","osmType":"node","osmId":12622310067,"ref":null,"name":null,"width":null,"lit":null},"geometry":{"type":"Point","coordinates":[-0.4484063,51.4671001]}},{"type":"Feature","properties":{"aeroway":"holding_position","osmType":"node","osmId":12622310068,"ref":null,"name":null,"width":null,"lit":null},"geometry":{"type":"Point","coordinates":[-0.4476276,51.4666402]}},{"type":"Feature","properties":{"aeroway":"holding_position","osmType":"node","osmId":12622310069,"ref":null,"name":null,"width":null,"lit":null},"geometry":{"type":"Point","coordinates":[-0.4476464,51.4666269]}},{"type":"Feature","properties":{"aeroway":"holding_position","osmType":"node","osmId":12622310070,"ref":null,"name":null,"width":null,"lit":null},"geometry":{"type":"Point","coordinates":[-0.4471796,51.4675153]}},{"type":"Feature","properties":{"aeroway":"holding_position","osmType":"node","osmId":12622310071,"ref":null,"name":null,"width":null,"lit":null},"geometry":{"type":"Point","coordinates":[-0.4455425,51.4671068]}},{"type":"Feature","properties":{"aeroway":"holding_position","osmType":"node","osmId":12622310072,"ref":null,"name":null,"width":null,"lit":null},"geometry":{"type":"Point","coordinates":[-0.443563,51.4675318]}},{"type":"Feature","properties":{"aeroway":"holding_position","osmType":"node","osmId":12622310073,"ref":null,"name":null,"width":null,"lit":null},"geometry":{"type":"Point","coordinates":[-0.4434094,51.4666526]}},{"type":"Feature","properties":{"aeroway":"holding_position","osmType":"node","osmId":12622310074,"ref":null,"name":null,"width":null,"lit":null},"geometry":{"type":"Point","coordinates":[-0.4405464,51.4671172]}},{"type":"Feature","properties":{"aeroway":"holding_position","osmType":"node","osmId":12622310075,"ref":null,"name":null,"width":null,"lit":null},"geometry":{"type":"Point","coordinates":[-0.4394149,51.4677038]}},{"type":"Feature","properties":{"aeroway":"holding_position","osmType":"node","osmId":12622310076,"ref":null,"name":null,"width":null,"lit":null},"geometry":{"type":"Point","coordinates":[-0.4394052,51.4666627]}},{"type":"Feature","properties":{"aeroway":"holding_position","osmType":"node","osmId":12622310077,"ref":null,"name":null,"width":null,"lit":null},"geometry":{"type":"Point","coordinates":[-0.4383045,51.4671965]}},{"type":"Feature","properties":{"aeroway":"holding_position","osmType":"node","osmId":12622310078,"ref":null,"name":null,"width":null,"lit":null},"geometry":{"type":"Point","coordinates":[-0.4370657,51.4677109]}},{"type":"Feature","properties":{"aeroway":"holding_position","osmType":"node","osmId":12622310079,"ref":null,"name":null,"width":null,"lit":null},"geometry":{"type":"Point","coordinates":[-0.4353273,51.467713]}},{"type":"Feature","properties":{"aeroway":"holding_position","osmType":"node","osmId":12622310080,"ref":null,"name":null,"width":null,"lit":null},"geometry":{"type":"Point","coordinates":[-0.4344371,51.4671401]}},{"type":"Feature","properties":{"aeroway":"holding_position","osmType":"node","osmId":12622310081,"ref":null,"name":null,"width":null,"lit":null},"geometry":{"type":"Point","coordinates":[-0.4359717,51.4684097]}},{"type":"Feature","properties":{"aeroway":"holding_position","osmType":"node","osmId":12622310082,"ref":null,"name":null,"width":null,"lit":null},"geometry":{"type":"Point","coordinates":[-0.4367961,51.4692927]}},{"type":"Feature","properties":{"aeroway":"holding_position","osmType":"node","osmId":12622310083,"ref":null,"name":null,"width":null,"lit":null},"geometry":{"type":"Point","coordinates":[-0.4368112,51.4705793]}},{"type":"Feature","properties":{"aeroway":"gate","osmType":"node","osmId":13721125860,"ref":"24d","name":null,"width":null,"lit":null},"geometry":{"type":"Point","coordinates":[-0.4606408,51.4725995]}},{"type":"Feature","properties":{"aeroway":"gate","osmType":"node","osmId":13721125863,"ref":"24b","name":null,"width":null,"lit":null},"geometry":{"type":"Point","coordinates":[-0.4603764,51.4726262]}},{"type":"Feature","properties":{"aeroway":"gate","osmType":"node","osmId":13721125865,"ref":"24c","name":null,"width":null,"lit":null},"geometry":{"type":"Point","coordinates":[-0.4605858,51.4726136]}},{"type":"Feature","properties":{"aeroway":"gate","osmType":"node","osmId":13721125866,"ref":"24a","name":null,"width":null,"lit":null},"geometry":{"type":"Point","coordinates":[-0.4601441,51.4725613]}},{"type":"Feature","properties":{"aeroway":"gate","osmType":"node","osmId":13721125867,"ref":"24e","name":null,"width":null,"lit":null},"geometry":{"type":"Point","coordinates":[-0.4610896,51.4724139]}},{"type":"Feature","properties":{"aeroway":"runway","osmType":"way","osmId":2798800,"ref":"09R/27L","name":null,"surface":"paved","width":"50","lit":null,"service":null},"geometry":{"type":"LineString","coordinates":[[-0.4340796,51.4649463],[-0.4343953,51.4649453],[-0.4349391,51.4649435],[-0.4354289,51.4649419],[-0.4361891,51.4649393],[-0.4372673,51.4649358],[-0.4389313,51.4649303],[-0.4405302,51.464925],[-0.44123,51.4649227],[-0.4414344,51.464922],[-0.4482217,51.4649014],[-0.4498642,51.4648965],[-0.4542642,51.4648831],[-0.45595,51.464878],[-0.4564109,51.4648766],[-0.4566398,51.464876],[-0.4594296,51.4648675],[-0.4597745,51.4648665],[-0.4600495,51.4648605],[-0.4618426,51.4648583],[-0.4738199,51.4648182],[-0.4760443,51.4648108],[-0.4810752,51.4647939],[-0.4823454,51.4647867]]}},{"type":"Feature","properties":{"aeroway":"runway","osmType":"way","osmId":2798802,"ref":"09L/27R","name":null,"surface":"paved","width":"50","lit":null,"service":null},"geometry":{"type":"LineString","coordinates":[[-0.4850345,51.4775009],[-0.4824461,51.4775143],[-0.4807853,51.4775198],[-0.4739218,51.4775429],[-0.4729858,51.477546],[-0.4722,51.4775486],[-0.4702931,51.477555],[-0.4666003,51.4775674],[-0.4640159,51.4775761],[-0.4627071,51.4775805],[-0.4609299,51.4775864],[-0.457531,51.4775978],[-0.4568794,51.4776],[-0.4557973,51.4776036],[-0.4536697,51.4776108],[-0.4527617,51.4776138],[-0.4507551,51.4776205],[-0.4498074,51.4776237],[-0.4475797,51.4776312],[-0.4471156,51.4776327],[-0.4457369,51.4776373],[-0.4391305,51.4776595],[-0.4375415,51.4776648],[-0.4347917,51.4776741],[-0.434537,51.4776749],[-0.4343508,51.4776755],[-0.4332975,51.4776791]]}},{"type":"Feature","properties":{"aeroway":"taxiway","osmType":"way","osmId":4361968,"ref":"Taxiway F","name":null,"surface":null,"width":null,"lit":null,"service":null},"geometry":{"type":"LineString","coordinates":[[-0.4676071,51.4747031],[-0.4675285,51.4744992],[-0.4674983,51.4744175],[-0.4672802,51.47382],[-0.4672761,51.473749],[-0.467274,51.4729637],[-0.4672738,51.4729009],[-0.4672733,51.4727189],[-0.4672781,51.472381],[-0.4672697,51.4720409],[-0.4672674,51.4718584],[-0.4672612,51.4713767],[-0.4672565,51.4710075],[-0.4672547,51.4708702],[-0.4672509,51.470593],[-0.4672208,51.4704798],[-0.4671708,51.4704103],[-0.4670832,51.4703302],[-0.4670721,51.47032],[-0.4667653,51.4700394],[-0.4667263,51.4700037],[-0.466417,51.4697209],[-0.4658068,51.4691628],[-0.4657028,51.4690687],[-0.4655618,51.4689388],[-0.4651805,51.4685906],[-0.4648935,51.4683284],[-0.4646473,51.4681058],[-0.464565,51.4680314],[-0.464506,51.4679781],[-0.4642986,51.4677907]]}},{"type":"Feature","properties":{"aeroway":"taxiway","osmType":"way","osmId":4361977,"ref":"S7","name":null,"surface":null,"width":null,"lit":null,"service":null},"geometry":{"type":"LineString","coordinates":[[-0.4749219,51.4637679],[-0.4749046,51.4637042],[-0.4748673,51.4636341],[-0.474803,51.4635711],[-0.4747389,51.4635245],[-0.4746507,51.4634765],[-0.4745137,51.463434],[-0.4742159,51.4633803]]}},{"type":"Feature","properties":{"aeroway":"apron","osmType":"way","osmId":5077928,"ref":null,"name":null,"surface":null,"width":null,"lit":null,"service":null},"geometry":{"type":"Polygon","coordinates":[[[-0.4173359,51.4730562],[-0.4175742,51.4729323],[-0.4173386,51.4727566],[-0.4171003,51.4728805],[-0.4173359,51.4730562]]]}},{"type":"Feature","properties":{"aeroway":"taxiway","osmType":"way","osmId":42432279,"ref":"Taxiway R","name":null,"surface":null,"width":null,"lit":null,"service":null},"geometry":{"type":"LineString","coordinates":[[-0.4598398,51.4671342],[-0.4598457,51.4674746],[-0.4598518,51.4678278],[-0.4598518,51.4679887],[-0.4598517,51.4681498],[-0.4598666,51.4682364],[-0.4599155,51.4683186],[-0.4600003,51.4684018],[-0.4600323,51.4684307],[-0.4602429,51.4686205],[-0.460497,51.4688497],[-0.4606145,51.4689557],[-0.4606729,51.4690084]]}},{"type":"Feature","properties":{"aeroway":"taxiway","osmType":"way","osmId":44678504,"ref":"Link 41","name":null,"surface":null,"width":null,"lit":null,"service":null},"geometry":{"type":"LineString","coordinates":[[-0.4354623,51.4630082],[-0.4356399,51.4626845],[-0.4358146,51.4623793],[-0.4358973,51.4622587],[-0.4359411,51.4622087],[-0.4360048,51.4621534],[-0.4360695,51.462115],[-0.4361582,51.4620773],[-0.4362459,51.4620507],[-0.4363377,51.4620312],[-0.4364076,51.4620286],[-0.4365464,51.4620276],[-0.4379284,51.4620229],[-0.437994,51.4620227],[-0.4382047,51.4620249],[-0.4384302,51.462026],[-0.4386212,51.4620243],[-0.4390098,51.4620214],[-0.4395646,51.4620173]]}},{"type":"Feature","properties":{"aeroway":"taxiway","osmType":"way","osmId":44678508,"ref":"Link 58","name":null,"surface":null,"width":null,"lit":null,"service":null},"geometry":{"type":"LineString","coordinates":[[-0.4830671,51.4757737],[-0.4832352,51.475738],[-0.4833928,51.4756786],[-0.4835527,51.4755572],[-0.4835948,51.4754853],[-0.4836116,51.4754118],[-0.4836104,51.4753402],[-0.4836084,51.4752197],[-0.4835486,51.4750968],[-0.4834786,51.4750289],[-0.4833798,51.4749628],[-0.4832493,51.4749155],[-0.4830547,51.4748817]]}},{"type":"Feature","properties":{"aeroway":"taxiway","osmType":"way","osmId":44678509,"ref":"Link 53","name":null,"surface":null,"width":null,"lit":null,"service":null},"geometry":{"type":"LineString","coordinates":[[-0.4874956,51.4677023],[-0.4874644,51.4676104],[-0.4873958,51.4675359],[-0.4873116,51.4674793],[-0.4872075,51.4674365],[-0.487099,51.4674117],[-0.4869701,51.4674018]]}},{"type":"Feature","properties":{"aeroway":"taxiway","osmType":"way","osmId":44678511,"ref":"N10","name":null,"surface":null,"width":null,"lit":null,"service":null},"geometry":{"type":"LineString","coordinates":[[-0.4846761,51.4661828],[-0.4847104,51.4662589],[-0.484757,51.4663171],[-0.4848347,51.4663898],[-0.4849582,51.4664416],[-0.4850683,51.4664762],[-0.485242,51.4665075]]}},{"type":"Feature","properties":{"aeroway":"taxiway","osmType":"way","osmId":44678514,"ref":"Taxiway Y","name":null,"surface":null,"width":null,"lit":null,"service":null},"geometry":{"type":"LineString","coordinates":[[-0.487819,51.4687643],[-0.4877298,51.4687471],[-0.4876799,51.4687334],[-0.4876339,51.4687172],[-0.4875996,51.4686974],[-0.4875678,51.4686727],[-0.4875426,51.4686442],[-0.4875179,51.4686073],[-0.4875008,51.4685637]]}},{"type":"Feature","properties":{"aeroway":"taxiway","osmType":"way","osmId":44678515,"ref":"Taxiway Y","name":null,"surface":null,"width":null,"lit":null,"service":null},"geometry":{"type":"LineString","coordinates":[[-0.4891903,51.4687648],[-0.4888441,51.4687652],[-0.4886246,51.468766],[-0.4882228,51.4687644],[-0.4879039,51.468764],[-0.487819,51.4687643],[-0.4871976,51.4687665],[-0.4871565,51.4687683],[-0.4868588,51.4687716],[-0.4865058,51.4687731],[-0.4862383,51.468774],[-0.4857629,51.4687762],[-0.4853104,51.468773],[-0.4852147,51.4687723]]}},{"type":"Feature","properties":{"aeroway":"taxiway","osmType":"way","osmId":44678518,"ref":"Link 52","name":null,"surface":null,"width":null,"lit":null,"service":null},"geometry":{"type":"LineString","coordinates":[[-0.4874953,51.4668214],[-0.4874333,51.4667225],[-0.4874039,51.4666871],[-0.4873456,51.4666319],[-0.4872358,51.4665773],[-0.4871161,51.4665253],[-0.4869228,51.4665018]]}},{"type":"Feature","properties":{"aeroway":"taxiway","osmType":"way","osmId":44678519,"ref":"Taxiway A","name":null,"surface":null,"width":null,"lit":null,"service":null},"geometry":{"type":"LineString","coordinates":[[-0.4852406,51.4674047],[-0.4851026,51.4673847],[-0.4849874,51.4673516],[-0.4848723,51.4672964],[-0.4847872,51.4672312],[-0.4847305,51.4671551],[-0.4846953,51.4670603]]}},{"type":"Feature","properties":{"aeroway":"taxiway","osmType":"way","osmId":44678520,"ref":"Link 53","name":null,"surface":null,"width":null,"lit":null,"service":null},"geometry":{"type":"LineString","coordinates":[[-0.4869701,51.4674018],[-0.4858356,51.4674037],[-0.4852406,51.4674047],[-0.4841576,51.4674076],[-0.4841102,51.4674077],[-0.4840345,51.4674079],[-0.4830417,51.4674105]]}},{"type":"Feature","properties":{"aeroway":"taxiway","osmType":"way","osmId":44678521,"ref":"Taxiway B","name":null,"surface":null,"width":null,"lit":null,"service":null},"geometry":{"type":"LineString","coordinates":[[-0.4835401,51.4677769],[-0.4835752,51.4676573],[-0.4836195,51.4675878],[-0.4836889,51.4675236],[-0.483779,51.4674763],[-0.4838835,51.4674365],[-0.4840345,51.4674079]]}},{"type":"Feature","properties":{"aeroway":"taxiway","osmType":"way","osmId":44678523,"ref":"Taxiway Y","name":null,"surface":null,"width":null,"lit":null,"service":null},"geometry":{"type":"LineString","coordinates":[[-0.4875008,51.4685637],[-0.4874803,51.4686107],[-0.4874627,51.4686399],[-0.4874378,51.4686672],[-0.487412,51.4686909],[-0.4873711,51.4687157],[-0.487329,51.4687345],[-0.4872732,51.4687523],[-0.4871976,51.4687665]]}},{"type":"Feature","properties":{"aeroway":"taxiway","osmType":"way","osmId":44678524,"ref":"Link 54","name":null,"surface":null,"width":null,"lit":null,"service":null},"geometry":{"type":"LineString","coordinates":[[-0.484052,51.4704965],[-0.4839544,51.4705129],[-0.4838625,51.470539],[-0.483779,51.4705743],[-0.4837061,51.4706179],[-0.483646,51.4706684],[-0.4836003,51.4707245],[-0.4835697,51.4707846]]}},{"type":"Feature","properties":{"aeroway":"taxiway","osmType":"way","osmId":44678525,"ref":"Link 54","name":null,"surface":null,"width":null,"lit":null,"service":null},"geometry":{"type":"LineString","coordinates":[[-0.4847096,51.4701871],[-0.4846905,51.4702586],[-0.4846561,51.470312],[-0.4846074,51.4703609],[-0.4845458,51.4704039],[-0.4844732,51.4704395],[-0.4843918,51.4704668],[-0.484304,51.4704848],[-0.4842123,51.4704958]]}},{"type":"Feature","properties":{"aeroway":"taxiway","osmType":"way","osmId":44678526,"ref":"Link 54","name":null,"surface":null,"width":null,"lit":null,"service":null},"geometry":{"type":"LineString","coordinates":[[-0.484052,51.4704965],[-0.4839391,51.4704817],[-0.4838334,51.4704527],[-0.4837395,51.4704109],[-0.4836613,51.470358],[-0.4836021,51.4702963],[-0.4835643,51.4702284]]}},{"type":"Feature","properties":{"aeroway":"taxiway","osmType":"way","osmId":44678527,"ref":"Taxiway Y","name":null,"surface":null,"width":null,"lit":null,"service":null},"geometry":{"type":"LineString","coordinates":[[-0.4852147,51.4687723],[-0.48507,51.4687911],[-0.4849632,51.468821],[-0.4848823,51.4688607],[-0.4848076,51.4689101],[-0.4847577,51.4689598],[-0.4847191,51.4690201],[-0.4847001,51.4690959]]}},{"type":"Feature","properties":{"aeroway":"taxiway","osmType":"way","osmId":44678528,"ref":"Taxiway Y","name":null,"surface":null,"width":null,"lit":null,"service":null},"geometry":{"type":"LineString","coordinates":[[-0.4852147,51.4687723],[-0.4850947,51.468762],[-0.4849961,51.4687351],[-0.4849147,51.468708],[-0.4848452,51.4686657],[-0.4847836,51.4686175],[-0.4847329,51.4685587],[-0.4846915,51.4684689]]}},{"type":"Feature","properties":{"aeroway":"taxiway","osmType":"way","osmId":44678529,"ref":"Taxiway Y","name":null,"surface":null,"width":null,"lit":null,"service":null},"geometry":{"type":"LineString","coordinates":[[-0.4840598,51.4687771],[-0.4839471,51.4687647],[-0.4838752,51.4687475],[-0.4838074,51.4687249],[-0.4837464,51.468699],[-0.4836865,51.4686644],[-0.4836443,51.4686286],[-0.4836072,51.4685833],[-0.4835749,51.4685377],[-0.4835471,51.4684896]]}},{"type":"Feature","properties":{"aeroway":"taxiway","osmType":"way","osmId":44678532,"ref":null,"name":null,"surface":null,"width":null,"lit":null,"service":null},"geometry":{"type":"LineString","coordinates":[[-0.4895586,51.4752022],[-0.4896,51.4752641],[-0.4896234,51.4753382],[-0.4896256,51.4754076],[-0.4896109,51.4754701],[-0.4895755,51.4755348],[-0.4895246,51.4755931],[-0.4894551,51.4756466],[-0.4893781,51.4756912],[-0.4892847,51.4757274],[-0.489189,51.4757496],[-0.4890768,51.4757644]]}},{"type":"Feature","properties":{"aeroway":"taxiway","osmType":"way","osmId":44678533,"ref":"Link 55","name":null,"surface":null,"width":null,"lit":null,"service":null},"geometry":{"type":"LineString","coordinates":[[-0.4840895,51.4726803],[-0.4840071,51.4726704],[-0.4839278,51.4726546],[-0.4838532,51.4726316],[-0.483785,51.4726018],[-0.4837249,51.4725659],[-0.4836741,51.4725248],[-0.4836339,51.4724794],[-0.4836052,51.4724307],[-0.4835855,51.4723799]]}},{"type":"Feature","properties":{"aeroway":"taxiway","osmType":"way","osmId":44678534,"ref":"Link 55","name":null,"surface":null,"width":null,"lit":null,"service":null},"geometry":{"type":"LineString","coordinates":[[-0.4840895,51.4726803],[-0.484008,51.4726898],[-0.4839298,51.4727078],[-0.4838565,51.4727325],[-0.4837895,51.4727633],[-0.4837302,51.4727998],[-0.4836798,51.4728411],[-0.4836392,51.4728865],[-0.4836094,51.472935],[-0.4835914,51.4729856]]}},{"type":"Feature","properties":{"aeroway":"taxiway","osmType":"way","osmId":44678535,"ref":"Link 55","name":null,"surface":null,"width":null,"lit":null,"service":null},"geometry":{"type":"LineString","coordinates":[[-0.4842346,51.4726797],[-0.4843009,51.4726894],[-0.4843654,51.4727003],[-0.4844274,51.4727159],[-0.4844859,51.4727361],[-0.4845402,51.4727604],[-0.4845894,51.4727886],[-0.4846329,51.4728202],[-0.48467,51.4728549],[-0.4847002,51.4728921],[-0.4847231,51.4729312],[-0.4847311,51.4729615],[-0.4847367,51.473006]]}},{"type":"Feature","properties":{"aeroway":"taxiway","osmType":"way","osmId":44678536,"ref":null,"name":null,"surface":null,"width":null,"lit":null,"service":null},"geometry":{"type":"LineString","coordinates":[[-0.4853301,51.4748711],[-0.485178,51.4748639],[-0.485056,51.4748407],[-0.4849614,51.4748051],[-0.4848955,51.4747626],[-0.4848294,51.4747128],[-0.484785,51.4746587],[-0.4847497,51.4745677],[-0.4847204,51.4746448],[-0.4846816,51.4746963],[-0.4846289,51.4747507],[-0.4845493,51.4748002],[-0.484444,51.4748403],[-0.4843322,51.4748658],[-0.4841788,51.4748761]]}},{"type":"Feature","properties":{"aeroway":"taxiway","osmType":"way","osmId":44678537,"ref":null,"name":null,"surface":null,"width":null,"lit":null,"service":null},"geometry":{"type":"LineString","coordinates":[[-0.484758,51.4754322],[-0.484822,51.4755525],[-0.4849541,51.4756587],[-0.4851107,51.4757246],[-0.4852951,51.4757641]]}},{"type":"Feature","properties":{"aeroway":"taxiway","osmType":"way","osmId":44678538,"ref":"Link 58","name":null,"surface":null,"width":null,"lit":null,"service":null},"geometry":{"type":"LineString","coordinates":[[-0.4836116,51.4754118],[-0.4836318,51.4754865],[-0.4836819,51.4755592],[-0.4837465,51.4756234],[-0.4838332,51.4756852],[-0.4840032,51.4757422],[-0.48417,51.4757714]]}},{"type":"Feature","properties":{"aeroway":"taxiway","osmType":"way","osmId":44678539,"ref":"Link 58","name":null,"surface":null,"width":null,"lit":null,"service":null},"geometry":{"type":"LineString","coordinates":[[-0.4836084,51.4752197],[-0.4836481,51.4751105],[-0.4837183,51.4750321],[-0.483835,51.4749557],[-0.4839748,51.4749041],[-0.4841788,51.4748761]]}},{"type":"Feature","properties":{"aeroway":"taxiway","osmType":"way","osmId":44678540,"ref":"Link 56","name":null,"surface":null,"width":null,"lit":null,"service":null},"geometry":{"type":"LineString","coordinates":[[-0.4835962,51.4745564],[-0.4836415,51.4746725],[-0.4837241,51.4747523],[-0.4838248,51.4748121],[-0.4839693,51.4748606],[-0.4841788,51.4748761]]}},{"type":"Feature","properties":{"aeroway":"taxiway","osmType":"way","osmId":44678541,"ref":"Taxiway D","name":null,"surface":null,"width":null,"lit":null,"service":null},"geometry":{"type":"LineString","coordinates":[[-0.4735702,51.4754606],[-0.4735692,51.475363],[-0.4735682,51.4752681],[-0.4735644,51.4749044],[-0.4735609,51.4745644],[-0.4735598,51.4744614],[-0.473559,51.474389],[-0.4735548,51.4739726],[-0.4735466,51.4731774],[-0.4735436,51.4728872],[-0.473542,51.4727366],[-0.4735369,51.4722429],[-0.4735352,51.4720767],[-0.4735286,51.4714432],[-0.4735193,51.4705483],[-0.4735184,51.4704593],[-0.4735147,51.4701011],[-0.4735117,51.4698136],[-0.4735072,51.4693766],[-0.4735049,51.4691523],[-0.473498,51.4684828],[-0.4734928,51.4679734],[-0.4734986,51.4677902],[-0.4734957,51.467448],[-0.4734929,51.4671195],[-0.4734868,51.4670098],[-0.4734818,51.4669211]]}},{"type":"Feature","properties":{"aeroway":"taxiway","osmType":"way","osmId":44678542,"ref":"Taxiway C","name":null,"surface":null,"width":null,"lit":null,"service":null},"geometry":{"type":"LineString","coordinates":[[-0.4781081,51.4665342],[-0.4782736,51.4665525],[-0.4783977,51.466598],[-0.4784973,51.4666491],[-0.4785815,51.4667195],[-0.4786236,51.4667884],[-0.4786819,51.466881]]}},{"type":"Feature","properties":{"aeroway":"taxiway","osmType":"way","osmId":44678547,"ref":"Taxiway D","name":null,"surface":null,"width":null,"lit":null,"service":null},"geometry":{"type":"LineString","coordinates":[[-0.4734818,51.4669211],[-0.473453,51.4668133],[-0.4733949,51.4667276],[-0.4732973,51.4666529],[-0.4731695,51.466589],[-0.4730391,51.4665581],[-0.4729061,51.4665527]]}},{"type":"Feature","properties":{"aeroway":"taxiway","osmType":"way","osmId":44678548,"ref":"Taxiway D","name":null,"surface":null,"width":null,"lit":null,"service":null},"geometry":{"type":"LineString","coordinates":[[-0.4734986,51.4677902],[-0.4734596,51.46769],[-0.4734,51.4676211],[-0.473328,51.467564],[-0.4732101,51.4675028],[-0.4730882,51.4674781],[-0.4729651,51.4674514],[-0.4730868,51.4674383],[-0.4732214,51.4674021],[-0.4733211,51.4673521],[-0.4733986,51.4672917],[-0.4734624,51.4672167],[-0.4734929,51.4671195]]}},{"type":"Feature","properties":{"aeroway":"taxiway","osmType":"way","osmId":44678549,"ref":"Taxiway D","name":null,"surface":null,"width":null,"lit":null,"service":null},"geometry":{"type":"LineString","coordinates":[[-0.4734986,51.4677902],[-0.4735517,51.4677094],[-0.4735914,51.4676423],[-0.4736681,51.4675772],[-0.4737587,51.4675258],[-0.4738721,51.4674816],[-0.4740135,51.4674446],[-0.4738806,51.4674242],[-0.4737856,51.4673924],[-0.4736963,51.4673533],[-0.4736141,51.4672926],[-0.4735446,51.4672176],[-0.4734929,51.4671195]]}},{"type":"Feature","properties":{"aeroway":"taxiway","osmType":"way","osmId":44678551,"ref":"Taxiway C","name":null,"surface":null,"width":null,"lit":null,"service":null},"geometry":{"type":"LineString","coordinates":[[-0.4792023,51.4674211],[-0.4790461,51.4673948],[-0.4789331,51.4673548],[-0.4788314,51.467305],[-0.4787604,51.4672361],[-0.4787094,51.4671713],[-0.4786834,51.4670843],[-0.4786474,51.4671727],[-0.4785854,51.4672541],[-0.4785086,51.4673134],[-0.478406,51.46737],[-0.478293,51.46741],[-0.4781377,51.4674241]]}},{"type":"Feature","properties":{"aeroway":"taxiway","osmType":"way","osmId":44678552,"ref":"Taxiway C","name":null,"surface":null,"width":null,"lit":null,"service":null},"geometry":{"type":"LineString","coordinates":[[-0.4786819,51.466881],[-0.4786922,51.4667953],[-0.478741,51.4667236],[-0.4788118,51.4666601],[-0.4789226,51.466598],[-0.4790511,51.4665539],[-0.4792079,51.4665302]]}},{"type":"Feature","properties":{"aeroway":"taxiway","osmType":"way","osmId":44678553,"ref":"Link 51","name":null,"surface":null,"width":null,"lit":null,"service":null},"geometry":{"type":"LineString","coordinates":[[-0.4827232,51.4674114],[-0.4825529,51.4673903],[-0.4824222,51.4673489],[-0.4823097,51.4672893],[-0.4822473,51.4672316],[-0.482183,51.467153],[-0.4821544,51.4670587]]}},{"type":"Feature","properties":{"aeroway":"taxiway","osmType":"way","osmId":44678554,"ref":"Link 35","name":null,"surface":null,"width":null,"lit":null,"service":null},"geometry":{"type":"LineString","coordinates":[[-0.4686328,51.4681329],[-0.4685911,51.4682288],[-0.4685273,51.4683006],[-0.468421,51.4683635],[-0.4682597,51.4684187],[-0.4680966,51.4684353],[-0.467746,51.4684352],[-0.4664773,51.4684347],[-0.4662839,51.4684346],[-0.4660058,51.4684345],[-0.4654679,51.4684442],[-0.46525,51.4684408],[-0.4651348,51.4684265],[-0.4650232,51.4683967],[-0.4648935,51.4683284]]}},{"type":"Feature","properties":{"aeroway":"taxiway","osmType":"way","osmId":44678555,"ref":"Link 36","name":null,"surface":null,"width":null,"lit":null,"service":null},"geometry":{"type":"LineString","coordinates":[[-0.4686718,51.4708876],[-0.4686358,51.4707713],[-0.4685667,51.4706863],[-0.4684603,51.4706123],[-0.4682885,51.4705571],[-0.4681233,51.4705396],[-0.4679414,51.4705403],[-0.4678065,51.4705409],[-0.4676524,51.4705638],[-0.4675425,51.4705958],[-0.4674468,51.4706443],[-0.4673618,51.4707051],[-0.4672998,51.4707746],[-0.4672547,51.4708702]]}},{"type":"Feature","properties":{"aeroway":"taxiway","osmType":"way","osmId":44678556,"ref":"Link 36","name":null,"surface":null,"width":null,"lit":null,"service":null},"geometry":{"type":"LineString","coordinates":[[-0.4686556,51.4702512],[-0.468611,51.4703441],[-0.4685454,51.4704103],[-0.4684373,51.4704755],[-0.4682832,51.4705262],[-0.4681233,51.4705396]]}},{"type":"Feature","properties":{"aeroway":"taxiway","osmType":"way","osmId":44678557,"ref":"Link 36","name":null,"surface":null,"width":null,"lit":null,"service":null},"geometry":{"type":"LineString","coordinates":[[-0.4678065,51.4705409],[-0.4674893,51.4705373],[-0.4673565,51.4705031],[-0.4672572,51.4704655],[-0.4671708,51.4704103]]}},{"type":"Feature","properties":{"aeroway":"taxiway","osmType":"way","osmId":44678558,"ref":"Link 35","name":null,"surface":null,"width":null,"lit":null,"service":null},"geometry":{"type":"LineString","coordinates":[[-0.4686386,51.4687299],[-0.468607,51.4686428],[-0.4685716,51.4686019],[-0.4685078,51.4685456],[-0.4684068,51.4684916],[-0.4682597,51.4684474],[-0.4680966,51.4684353]]}},{"type":"Feature","properties":{"aeroway":"taxiway","osmType":"way","osmId":44678560,"ref":"Link 35","name":null,"surface":null,"width":null,"lit":null,"service":null},"geometry":{"type":"LineString","coordinates":[[-0.4660058,51.4684345],[-0.4658471,51.4684618],[-0.4657142,51.4685126],[-0.4656167,51.4685766],[-0.4655393,51.4686617],[-0.4655051,51.4687587],[-0.4655087,51.4688459],[-0.4655618,51.4689388]]}},{"type":"Feature","properties":{"aeroway":"taxiway","osmType":"way","osmId":44678564,"ref":null,"name":null,"surface":null,"width":null,"lit":null,"service":null},"geometry":{"type":"LineString","coordinates":[[-0.4781892,51.474879],[-0.4783515,51.4748515],[-0.4784377,51.4748275],[-0.4785319,51.4747863],[-0.4786327,51.4747138],[-0.4786936,51.4746422],[-0.4787388,51.4745365],[-0.4787833,51.4746391],[-0.4788527,51.4747173],[-0.4789456,51.4747809],[-0.4790489,51.4748289],[-0.4791476,51.4748564],[-0.4792898,51.4748782]]}},{"type":"Feature","properties":{"aeroway":"taxiway","osmType":"way","osmId":44678565,"ref":null,"name":null,"surface":null,"width":null,"lit":null,"service":null},"geometry":{"type":"LineString","coordinates":[[-0.4698655,51.4749298],[-0.469673,51.474951],[-0.4695215,51.4749975],[-0.4694102,51.4750711],[-0.4693365,51.4751647],[-0.4692997,51.4752453],[-0.4692907,51.4753801]]}},{"type":"Feature","properties":{"aeroway":"taxiway","osmType":"way","osmId":44678567,"ref":"Taxiway R","name":null,"surface":null,"width":null,"lit":null,"service":null},"geometry":{"type":"LineString","coordinates":[[-0.45928,51.4674762],[-0.459389,51.4674609],[-0.4594591,51.4674489],[-0.4595498,51.4674214],[-0.4596022,51.4673961],[-0.4596568,51.4673662],[-0.4597048,51.4673322],[-0.4597528,51.4672913],[-0.4597875,51.4672499],[-0.4598214,51.4671883],[-0.4598398,51.4671342]]}},{"type":"Feature","properties":{"aeroway":"taxiway","osmType":"way","osmId":44678576,"ref":"A5","name":null,"surface":null,"width":null,"lit":null,"service":null},"geometry":{"type":"LineString","coordinates":[[-0.4422991,51.4762733],[-0.4423144,51.4762078],[-0.44235,51.4761464],[-0.4424024,51.4760942],[-0.4424737,51.4760446],[-0.4425701,51.4760028],[-0.4426791,51.4759715],[-0.4428216,51.4759519],[-0.4429801,51.475953]]}},{"type":"Feature","properties":{"aeroway":"taxiway","osmType":"way","osmId":44678578,"ref":"Link 26","name":null,"surface":null,"width":null,"lit":null,"service":null},"geometry":{"type":"LineString","coordinates":[[-0.4366375,51.4705812],[-0.4364537,51.4705522],[-0.4362908,51.4704906],[-0.4361702,51.4703843],[-0.4361198,51.4703166],[-0.436096,51.4702365]]}},{"type":"Feature","properties":{"aeroway":"taxiway","osmType":"way","osmId":44678580,"ref":"Link 26","name":null,"surface":null,"width":null,"lit":null,"service":null},"geometry":{"type":"LineString","coordinates":[[-0.4375216,51.4702818],[-0.4374728,51.4703697],[-0.437396,51.4704454],[-0.4373192,51.4704941],[-0.4372185,51.4705343],[-0.4371114,51.4705627],[-0.4369861,51.4705775]]}},{"type":"Feature","properties":{"aeroway":"taxiway","osmType":"way","osmId":44678584,"ref":"Link 28","name":null,"surface":null,"width":null,"lit":null,"service":null},"geometry":{"type":"LineString","coordinates":[[-0.4355157,51.4677148],[-0.4357115,51.4676776],[-0.4358628,51.4676214],[-0.4359867,51.4675224],[-0.4360342,51.4674474],[-0.436067,51.4673557]]}},{"type":"Feature","properties":{"aeroway":"taxiway","osmType":"way","osmId":44678585,"ref":"Link 28","name":null,"surface":null,"width":null,"lit":null,"service":null},"geometry":{"type":"LineString","coordinates":[[-0.4360387,51.4681298],[-0.4360702,51.4680511],[-0.4361347,51.4679334],[-0.4362163,51.4678447],[-0.4364064,51.4677529],[-0.4366148,51.4677108],[-0.4364411,51.4676757],[-0.4363192,51.467636],[-0.436199,51.4675711],[-0.4361144,51.4674724],[-0.436067,51.4673557]]}},{"type":"Feature","properties":{"aeroway":"taxiway","osmType":"way","osmId":44678593,"ref":"Link 23","name":null,"surface":null,"width":null,"lit":null,"service":null},"geometry":{"type":"LineString","coordinates":[[-0.4325578,51.475746],[-0.432554,51.4755059],[-0.4325502,51.475274],[-0.4325654,51.4752038],[-0.4326044,51.4751343],[-0.4326717,51.4750603],[-0.4332459,51.4746654],[-0.4343289,51.4739],[-0.4348233,51.4735537],[-0.4357013,51.4729392],[-0.4357768,51.4728829],[-0.4358242,51.4728372],[-0.4358706,51.4727703],[-0.4359098,51.4726866]]}},{"type":"Feature","properties":{"aeroway":"taxiway","osmType":"way","osmId":44678594,"ref":"Link 25","name":null,"surface":null,"width":null,"lit":null,"service":null},"geometry":{"type":"LineString","coordinates":[[-0.437533,51.471152],[-0.4374672,51.4712701],[-0.4373608,51.4713454],[-0.4372473,51.4714044],[-0.437107,51.4714458],[-0.4369734,51.4714589]]}},{"type":"Feature","properties":{"aeroway":"taxiway","osmType":"way","osmId":44678595,"ref":"Link 25","name":null,"surface":null,"width":null,"lit":null,"service":null},"geometry":{"type":"LineString","coordinates":[[-0.4366275,51.47146],[-0.4364128,51.4714598],[-0.4362345,51.4715017],[-0.436141,51.4715375],[-0.4360661,51.4715791],[-0.4360135,51.4716188],[-0.4359805,51.4716572],[-0.4359301,51.4717228],[-0.435903,51.4718064]]}},{"type":"Feature","properties":{"aeroway":"taxiway","osmType":"way","osmId":44678596,"ref":"Taxiway M","name":null,"surface":null,"width":null,"lit":null,"service":null},"geometry":{"type":"LineString","coordinates":[[-0.4360143,51.4713947],[-0.4357927,51.4715516],[-0.4356487,51.4716519],[-0.4348957,51.4721794],[-0.4342008,51.4726668],[-0.4340334,51.4727846],[-0.4336366,51.4730641],[-0.432945,51.473551]]}},{"type":"Feature","properties":{"aeroway":"taxiway","osmType":"way","osmId":44678597,"ref":"A4","name":null,"surface":null,"width":null,"lit":null,"service":null},"geometry":{"type":"LineString","coordinates":[[-0.4377159,51.4764891],[-0.4376786,51.476431],[-0.4376523,51.4763535],[-0.4376502,51.4762692],[-0.4376882,51.4761867],[-0.4377582,51.4760998],[-0.4378667,51.4760226],[-0.4379841,51.4759771],[-0.4381103,51.4759426],[-0.4382697,51.4759233]]}},{"type":"Feature","properties":{"aeroway":"taxiway","osmType":"way","osmId":44678598,"ref":"A3","name":null,"surface":null,"width":null,"lit":null,"service":null},"geometry":{"type":"LineString","coordinates":[[-0.4355308,51.4760378],[-0.4357218,51.4759061],[-0.4358595,51.4757883],[-0.4359058,51.4757135],[-0.4359359,51.47563]]}},{"type":"Feature","properties":{"aeroway":"taxiway","osmType":"way","osmId":44678599,"ref":null,"name":null,"surface":null,"width":null,"lit":null,"service":null},"geometry":{"type":"LineString","coordinates":[[-0.4342257,51.4749076],[-0.4342428,51.4748359],[-0.4342818,51.4747663],[-0.4343426,51.4747002],[-0.4344233,51.4746443],[-0.4345059,51.4746053],[-0.4346002,51.4745742],[-0.4346991,51.4745533],[-0.434818,51.4745434]]}},{"type":"Feature","properties":{"aeroway":"taxiway","osmType":"way","osmId":44678601,"ref":null,"name":null,"surface":null,"width":null,"lit":null,"service":null},"geometry":{"type":"LineString","coordinates":[[-0.4375837,51.4747565],[-0.4375223,51.4746937],[-0.437432,51.4746297],[-0.4373381,51.4745922],[-0.4372371,51.4745602],[-0.4371254,51.4745403],[-0.4370136,51.4745379]]}},{"type":"Feature","properties":{"aeroway":"taxiway","osmType":"way","osmId":44678602,"ref":null,"name":null,"surface":null,"width":null,"lit":null,"service":null},"geometry":{"type":"LineString","coordinates":[[-0.4359297,51.474228],[-0.4359534,51.4742795],[-0.4360065,51.4743512],[-0.4361164,51.4744362],[-0.4362263,51.4744858],[-0.4363556,51.4745234],[-0.4364899,51.4745384]]}},{"type":"Feature","properties":{"aeroway":"taxiway","osmType":"way","osmId":44678603,"ref":null,"name":null,"surface":null,"width":null,"lit":null,"service":null},"geometry":{"type":"LineString","coordinates":[[-0.4370136,51.4745379],[-0.4371378,51.4745216],[-0.4372371,51.4744962],[-0.4373292,51.4744554],[-0.4374284,51.4743947],[-0.4374958,51.4743328],[-0.4375347,51.4742699],[-0.4375503,51.4742179]]}},{"type":"Feature","properties":{"aeroway":"taxiway","osmType":"way","osmId":44678818,"ref":"Link 56","name":null,"surface":null,"width":null,"lit":null,"service":null},"geometry":{"type":"LineString","coordinates":[[-0.4830547,51.4748817],[-0.4841788,51.4748761],[-0.4853301,51.4748711],[-0.4855767,51.4748711],[-0.4876194,51.4748707],[-0.4883345,51.4748658],[-0.4885626,51.4748664]]}},{"type":"Feature","properties":{"aeroway":"taxiway","osmType":"way","osmId":44678819,"ref":"Link 56","name":null,"surface":null,"width":null,"lit":null,"service":null},"geometry":{"type":"LineString","coordinates":[[-0.4885626,51.4748664],[-0.4886947,51.4748717],[-0.4888217,51.4748846],[-0.4889561,51.4749095],[-0.489056,51.4749339],[-0.4891378,51.474958],[-0.4892468,51.4749987],[-0.4893909,51.4750748],[-0.4894974,51.4751557],[-0.4895586,51.4752022],[-0.4896184,51.4752585],[-0.4896802,51.4753365],[-0.4902948,51.4761749]]}},{"type":"Feature","properties":{"aeroway":"taxiway","osmType":"way","osmId":44678820,"ref":null,"name":null,"surface":null,"width":null,"lit":null,"service":null},"geometry":{"type":"LineString","coordinates":[[-0.4608429,51.4755284],[-0.4608158,51.4754468],[-0.4607761,51.4753768],[-0.4606884,51.4752991],[-0.4605736,51.4752376],[-0.4604388,51.4751952],[-0.460265,51.4751703]]}},{"type":"Feature","properties":{"aeroway":"taxiway","osmType":"way","osmId":44683111,"ref":"S5W","name":null,"surface":null,"width":null,"lit":null,"service":null},"geometry":{"type":"LineString","coordinates":[[-0.4581283,51.465194],[-0.4570964,51.4642517],[-0.4565696,51.4637672],[-0.4564386,51.4636542],[-0.4560422,51.4632906],[-0.4559187,51.4632274],[-0.455781,51.4631804],[-0.4556172,51.4631552]]}},{"type":"Feature","properties":{"aeroway":"taxiway","osmType":"way","osmId":44683112,"ref":"Taxiway R","name":null,"surface":null,"width":null,"lit":null,"service":null},"geometry":{"type":"LineString","coordinates":[[-0.4598398,51.4671342],[-0.4598379,51.4670418],[-0.4598359,51.4669516],[-0.4598053,51.4668717],[-0.4597553,51.4667954]]}},{"type":"Feature","properties":{"aeroway":"taxiway","osmType":"way","osmId":44683113,"ref":"Taxiway B","name":null,"surface":null,"width":null,"lit":null,"service":null},"geometry":{"type":"LineString","coordinates":[[-0.4483849,51.4675092],[-0.447863,51.4675121],[-0.4471796,51.4675153],[-0.4460803,51.4675205],[-0.4450039,51.4675255],[-0.443563,51.4675318],[-0.4416688,51.4675401],[-0.4410556,51.4675435],[-0.4400976,51.4676925],[-0.4399868,51.4677067],[-0.4394149,51.4677038],[-0.4388582,51.4677008],[-0.4386416,51.4677039],[-0.4384594,51.4677049]]}},{"type":"Feature","properties":{"aeroway":"taxiway","osmType":"way","osmId":44683114,"ref":"Link 30","name":null,"surface":null,"width":null,"lit":null,"service":null},"geometry":{"type":"LineString","coordinates":[[-0.4484065,51.4672177],[-0.4483226,51.4673185],[-0.4482167,51.4674053],[-0.4480576,51.4674765],[-0.447863,51.4675121]]}},{"type":"Feature","properties":{"aeroway":"taxiway","osmType":"way","osmId":44683406,"ref":"Link 42","name":null,"surface":null,"width":null,"lit":null,"service":null},"geometry":{"type":"LineString","coordinates":[[-0.4532221,51.4606108],[-0.4532102,51.4605283],[-0.4531849,51.4604852],[-0.4531376,51.4604281],[-0.4530689,51.460379],[-0.4524108,51.460022],[-0.4523112,51.4599656],[-0.4519953,51.4597865]]}},{"type":"Feature","properties":{"aeroway":"taxiway","osmType":"way","osmId":44683407,"ref":"Link 53","name":null,"surface":null,"width":null,"lit":null,"service":null},"geometry":{"type":"LineString","coordinates":[[-0.4869701,51.4674018],[-0.4871056,51.4673813],[-0.4872119,51.4673496],[-0.4873205,51.4672944],[-0.4873935,51.4672364],[-0.4874556,51.4671688],[-0.4874946,51.4670627]]}},{"type":"Feature","properties":{"aeroway":"taxiway","osmType":"way","osmId":44683408,"ref":"Taxiway E","name":null,"surface":null,"width":null,"lit":null,"service":null},"geometry":{"type":"LineString","coordinates":[[-0.4689757,51.4745258],[-0.4689245,51.4743717],[-0.4686911,51.4737498],[-0.4686885,51.4737064],[-0.4686853,51.4736537],[-0.4686753,51.4729707],[-0.4686746,51.4729128],[-0.4686744,51.4728955],[-0.468672,51.4727038],[-0.4686635,51.4721121],[-0.4686631,51.4720842],[-0.4686648,51.4718542],[-0.4686704,51.4710795],[-0.4686718,51.4708876],[-0.4686627,51.470532],[-0.4686556,51.4702512],[-0.4686539,51.4701025],[-0.4686512,51.4698616],[-0.4686474,51.4694849],[-0.4686437,51.4691882],[-0.46864,51.4688571],[-0.4686386,51.4687299],[-0.4686328,51.4681329],[-0.4686298,51.4679886],[-0.4686248,51.4677641]]}},{"type":"Feature","properties":{"aeroway":"taxiway","osmType":"way","osmId":44683409,"ref":"Taxiway C","name":null,"surface":null,"width":null,"lit":null,"service":null},"geometry":{"type":"LineString","coordinates":[[-0.4786819,51.466881],[-0.4786827,51.4669849],[-0.4786834,51.4670843],[-0.4786859,51.4674226],[-0.4786885,51.4677683],[-0.47869,51.4679637],[-0.4786932,51.4684049],[-0.4786936,51.4684608],[-0.4786939,51.4684974],[-0.4786986,51.4691347],[-0.4786988,51.4691613],[-0.4787012,51.469479],[-0.4787036,51.4697979],[-0.4787038,51.4698231],[-0.4787076,51.4703377],[-0.4787088,51.4704959],[-0.478709,51.4705314],[-0.4787104,51.4707151],[-0.4787136,51.4711456],[-0.4787142,51.4712247],[-0.4787149,51.4713239],[-0.4787164,51.4715167],[-0.4787195,51.4719466],[-0.4787209,51.4721335],[-0.4787214,51.4721984],[-0.4787224,51.4723278],[-0.4787243,51.4725848],[-0.4787246,51.4726254],[-0.4787266,51.4728986],[-0.478728,51.473082],[-0.4787285,51.4731468],[-0.4787295,51.473289],[-0.4787332,51.4737875],[-0.4787344,51.4739394],[-0.4787346,51.473974],[-0.478736,51.4741658],[-0.4787375,51.4743684],[-0.4787388,51.4745365]]}},{"type":"Feature","properties":{"aeroway":"taxiway","osmType":"way","osmId":44683410,"ref":"Taxiway D","name":null,"surface":null,"width":null,"lit":null,"service":null},"geometry":{"type":"LineString","coordinates":[[-0.4734818,51.4669211],[-0.4735097,51.4668133],[-0.4735664,51.4667303],[-0.4736529,51.4666605],[-0.4737535,51.4666075],[-0.4738768,51.466566],[-0.4740628,51.4665486]]}},{"type":"Feature","properties":{"aeroway":"taxiway","osmType":"way","osmId":44683411,"ref":"N6","name":null,"surface":null,"width":null,"lit":null,"service":null},"geometry":{"type":"LineString","coordinates":[[-0.4686127,51.4662645],[-0.468615,51.4660748],[-0.4686094,51.4659328],[-0.468572,51.4658722],[-0.468537,51.4658232],[-0.4684809,51.4657766],[-0.4684111,51.4657269],[-0.4683412,51.4656989],[-0.4682539,51.4656725],[-0.4666486,51.4652281],[-0.4659924,51.4650831],[-0.4656416,51.4650234],[-0.4653997,51.4649842],[-0.4651432,51.4649509],[-0.4648127,51.4649163],[-0.4644531,51.4648899],[-0.463816,51.4648674],[-0.4618436,51.4648739]]}},{"type":"Feature","properties":{"aeroway":"taxiway","osmType":"way","osmId":44683412,"ref":"Taxiway C","name":null,"surface":null,"width":null,"lit":null,"service":null},"geometry":{"type":"LineString","coordinates":[[-0.4787388,51.4745365],[-0.4787427,51.4748786],[-0.4787466,51.4752225],[-0.4787471,51.4753445],[-0.4787475,51.4754331]]}},{"type":"Feature","properties":{"aeroway":"taxiway","osmType":"way","osmId":44683413,"ref":"Taxiway W","name":null,"surface":null,"width":null,"lit":null,"service":null},"geometry":{"type":"LineString","coordinates":[[-0.4560422,51.4632906],[-0.4557847,51.4630496],[-0.4556939,51.4629647],[-0.4553984,51.4626946],[-0.4553182,51.462623],[-0.4552856,51.4625939],[-0.4548275,51.4621852],[-0.4548093,51.4621685],[-0.4547766,51.4621398],[-0.4546036,51.4619813],[-0.4545965,51.4619748],[-0.4542151,51.4616252],[-0.4537294,51.4611802],[-0.4535469,51.4610103],[-0.4532975,51.4607781],[-0.4532638,51.4607318],[-0.453239,51.4606666],[-0.4532221,51.4606108]]}},{"type":"Feature","properties":{"aeroway":"taxiway","osmType":"way","osmId":44885001,"ref":"A11","name":null,"surface":null,"width":null,"lit":null,"service":null},"geometry":{"type":"LineString","coordinates":[[-0.4738983,51.476155],[-0.4739106,51.4761032],[-0.4739339,51.476053],[-0.4739684,51.4760054],[-0.4740133,51.4759612],[-0.4740677,51.4759214],[-0.4741307,51.4758868],[-0.4742008,51.4758581],[-0.4742767,51.4758358],[-0.4743569,51.4758204],[-0.4744585,51.475808]]}},{"type":"Feature","properties":{"aeroway":"taxiway","osmType":"way","osmId":44885002,"ref":null,"name":null,"surface":null,"width":null,"lit":null,"service":null},"geometry":{"type":"LineString","coordinates":[[-0.4692232,51.4756425],[-0.4691279,51.4757134],[-0.4690343,51.4757636],[-0.4689072,51.475806],[-0.4687599,51.4758324]]}},{"type":"Feature","properties":{"aeroway":"taxiway","osmType":"way","osmId":44885003,"ref":"A10E","name":null,"surface":null,"width":null,"lit":null,"service":null},"geometry":{"type":"LineString","coordinates":[[-0.469422,51.4758271],[-0.4692573,51.475854],[-0.4691327,51.4758987],[-0.469037,51.4759514],[-0.4689458,51.4760335]]}},{"type":"Feature","properties":{"aeroway":"taxiway","osmType":"way","osmId":45064477,"ref":"Taxiway A","name":null,"surface":null,"width":null,"lit":null,"service":null},"geometry":{"type":"LineString","coordinates":[[-0.4841576,51.4674076],[-0.4843407,51.467378],[-0.4844452,51.4673427],[-0.4845392,51.4672908],[-0.4846136,51.4672268],[-0.4846685,51.467154],[-0.4846953,51.4670603]]}},{"type":"Feature","properties":{"aeroway":"taxiway","osmType":"way","osmId":45064478,"ref":"Taxiway A","name":null,"surface":null,"width":null,"lit":null,"service":null},"geometry":{"type":"LineString","coordinates":[[-0.4852406,51.4674047],[-0.4850991,51.46742],[-0.4849626,51.4674542],[-0.4848705,51.4675017],[-0.4847908,51.4675591],[-0.4847376,51.4676286],[-0.484698,51.4677938],[-0.4846579,51.4676264],[-0.4845941,51.4675502],[-0.4845214,51.4674984],[-0.4844204,51.4674564],[-0.4843177,51.4674266],[-0.4841576,51.4674076]]}},{"type":"Feature","properties":{"aeroway":"taxiway","osmType":"way","osmId":45064479,"ref":null,"name":null,"surface":null,"width":null,"lit":null,"service":null},"geometry":{"type":"LineString","coordinates":[[-0.4787466,51.4752225],[-0.4787836,51.4751248],[-0.4788096,51.4750853],[-0.4788767,51.4750221],[-0.4789668,51.474967],[-0.4790546,51.4749264],[-0.4791499,51.4748995],[-0.4792898,51.4748782]]}},{"type":"Feature","properties":{"aeroway":"taxiway","osmType":"way","osmId":45064480,"ref":null,"name":null,"surface":null,"width":null,"lit":null,"service":null},"geometry":{"type":"LineString","coordinates":[[-0.4787466,51.4752225],[-0.4787013,51.4751169],[-0.4786174,51.4750237],[-0.4785137,51.4749588],[-0.4783652,51.4749044],[-0.4781892,51.474879]]}},{"type":"Feature","properties":{"aeroway":"taxiway","osmType":"way","osmId":45064481,"ref":"Link 21","name":null,"surface":null,"width":null,"lit":null,"service":null},"geometry":{"type":"LineString","coordinates":[[-0.4370136,51.4745379],[-0.4367338,51.4745381],[-0.4364899,51.4745384],[-0.4359309,51.4745405],[-0.4353319,51.4745427],[-0.4350859,51.474543],[-0.434818,51.4745434]]}},{"type":"Feature","properties":{"aeroway":"taxiway","osmType":"way","osmId":45100616,"ref":"Link 26","name":null,"surface":null,"width":null,"lit":null,"service":null},"geometry":{"type":"LineString","coordinates":[[-0.4366375,51.4705812],[-0.4364741,51.4706067],[-0.4363526,51.4706487],[-0.43623,51.4707216],[-0.4361528,51.4708039],[-0.4361151,51.4708716],[-0.4360988,51.4709417]]}},{"type":"Feature","properties":{"aeroway":"taxiway","osmType":"way","osmId":45100618,"ref":"Link 27","name":null,"surface":null,"width":null,"lit":null,"service":null},"geometry":{"type":"LineString","coordinates":[[-0.4366777,51.4692962],[-0.4363815,51.4692675],[-0.4361631,51.4691949],[-0.4360342,51.4690948]]}},{"type":"Feature","properties":{"aeroway":"taxiway","osmType":"way","osmId":105310153,"ref":"Link 32","name":null,"surface":null,"width":null,"lit":null,"service":null},"geometry":{"type":"LineString","coordinates":[[-0.4539033,51.467125],[-0.4538773,51.4672301],[-0.4538012,51.4673285],[-0.4536858,51.4674122],[-0.4535413,51.4674708],[-0.4533662,51.4674955]]}},{"type":"Feature","properties":{"aeroway":"taxiway","osmType":"way","osmId":105360640,"ref":"Taxiway F","name":null,"surface":null,"width":null,"lit":null,"service":null},"geometry":{"type":"LineString","coordinates":[[-0.4636776,51.467464],[-0.4638888,51.4674984],[-0.4640264,51.4675529],[-0.4641685,51.4676694],[-0.4642986,51.4677907]]}},{"type":"Feature","properties":{"aeroway":"taxiway","osmType":"way","osmId":105360641,"ref":"Taxiway F","name":null,"surface":null,"width":null,"lit":null,"service":null},"geometry":{"type":"LineString","coordinates":[[-0.4642986,51.4677907],[-0.464234,51.4676995],[-0.4642202,51.4676271],[-0.4642188,51.467468],[-0.4642159,51.4671278]]}},{"type":"Feature","properties":{"aeroway":"taxiway","osmType":"way","osmId":105360645,"ref":"Taxiway F","name":null,"surface":null,"width":null,"lit":null,"service":null},"geometry":{"type":"LineString","coordinates":[[-0.4647689,51.4665818],[-0.4645923,51.4666085],[-0.4644456,51.4666567],[-0.4643466,51.466714],[-0.4642751,51.4667812],[-0.4642431,51.4668265],[-0.4642152,51.4669112]]}},{"type":"Feature","properties":{"aeroway":"taxiway","osmType":"way","osmId":105360647,"ref":"Link 34","name":null,"surface":null,"width":null,"lit":null,"service":null},"geometry":{"type":"LineString","coordinates":[[-0.4572459,51.4666086],[-0.4574158,51.4666376],[-0.4575616,51.4667058],[-0.4576608,51.4667888],[-0.4577193,51.4668652],[-0.4577533,51.4669567]]}},{"type":"Feature","properties":{"aeroway":"taxiway","osmType":"way","osmId":105360649,"ref":"Link 34","name":null,"surface":null,"width":null,"lit":null,"service":null},"geometry":{"type":"LineString","coordinates":[[-0.4582901,51.4666049],[-0.4580987,51.4666456],[-0.4579373,51.4667121],[-0.4578441,51.4667944],[-0.457787,51.466865],[-0.4577533,51.4669567]]}},{"type":"Feature","properties":{"aeroway":"taxiway","osmType":"way","osmId":105360651,"ref":"Link 34","name":null,"surface":null,"width":null,"lit":null,"service":null},"geometry":{"type":"LineString","coordinates":[[-0.4577533,51.4669567],[-0.4577561,51.4670485],[-0.4577588,51.467145]]}},{"type":"Feature","properties":{"aeroway":"taxiway","osmType":"way","osmId":105360652,"ref":"N2E","name":null,"surface":null,"width":null,"lit":null,"service":null},"geometry":{"type":"LineString","coordinates":[[-0.4372673,51.4649358],[-0.4367144,51.4649478],[-0.4366095,51.4649584],[-0.4365083,51.4649785],[-0.4364129,51.4650077],[-0.4363254,51.4650452],[-0.4362477,51.4650904],[-0.4361815,51.4651422],[-0.4361283,51.4651995],[-0.4360892,51.4652611],[-0.436065,51.4653255],[-0.4360563,51.4653915],[-0.4360606,51.4657626],[-0.4360608,51.4659176],[-0.4360614,51.4661828],[-0.4360617,51.4663335]]}},{"type":"Feature","properties":{"aeroway":"apron","osmType":"way","osmId":105366843,"ref":null,"name":null,"surface":null,"width":null,"lit":null,"service":null},"geometry":{"type":"Polygon","coordinates":[[[-0.4619305,51.4722866],[-0.4605567,51.4728653],[-0.4626282,51.4747687],[-0.4644962,51.4747598],[-0.4665055,51.4747545],[-0.466743,51.4747489],[-0.4668319,51.4747327],[-0.4668715,51.4747079],[-0.4669046,51.4746743],[-0.4669326,51.4746262],[-0.4669326,51.4745923],[-0.4666684,51.4738411],[-0.4666708,51.4735778],[-0.4666125,51.4734417],[-0.4666029,51.4728161],[-0.4665776,51.4727826],[-0.4665369,51.4727658],[-0.4646605,51.4727795],[-0.4643922,51.4727661],[-0.4641347,51.472726],[-0.4638987,51.4726491],[-0.4637056,51.4725456],[-0.4635715,51.4724487],[-0.4610395,51.4701363],[-0.4604655,51.4703736],[-0.4603475,51.4704838],[-0.4601383,51.4706242],[-0.4619305,51.4722866]]]}},{"type":"Feature","properties":{"aeroway":"apron","osmType":"way","osmId":105366846,"ref":null,"name":null,"surface":null,"width":null,"lit":null,"service":null},"geometry":{"type":"Polygon","coordinates":[[[-0.4631215,51.4693726],[-0.4621433,51.4697877],[-0.4645195,51.4719471],[-0.4645852,51.471984],[-0.4646352,51.4719961],[-0.4664011,51.471993],[-0.4664665,51.4719879],[-0.4665339,51.4719609],[-0.4665882,51.4719115],[-0.4666013,51.471857],[-0.4665897,51.4706276],[-0.4665756,51.4705578],[-0.4665304,51.4704998],[-0.4637161,51.4679333],[-0.4604594,51.4679418],[-0.4604662,51.4681403],[-0.4612618,51.4688777],[-0.4621419,51.4685002],[-0.4623971,51.4684108],[-0.4628615,51.4688331],[-0.4633891,51.4693194],[-0.4632603,51.4693728],[-0.4631215,51.4693726]]]}},{"type":"Feature","properties":{"aeroway":"apron","osmType":"way","osmId":105366849,"ref":null,"name":null,"surface":null,"width":null,"lit":null,"service":null},"geometry":{"type":"Polygon","coordinates":[[[-0.4602633,51.4693104],[-0.4593346,51.4684527],[-0.4592601,51.4683305],[-0.4592365,51.4681837],[-0.4592363,51.467945],[-0.4538592,51.4679622],[-0.4538677,51.4683645],[-0.4542184,51.4687747],[-0.459067,51.468771],[-0.459007,51.4688913],[-0.4587887,51.469062],[-0.4588487,51.4691711],[-0.4594707,51.4696414],[-0.4602633,51.4693104]]]}},{"type":"Feature","properties":{"aeroway":"apron","osmType":"way","osmId":105439664,"ref":null,"name":null,"surface":null,"width":null,"lit":null,"service":null},"geometry":{"type":"Polygon","coordinates":[[[-0.4898724,51.4746465],[-0.4898467,51.4746367],[-0.4898047,51.4746174],[-0.4897627,51.4745962],[-0.4896584,51.4745495],[-0.4895698,51.4745167],[-0.4895003,51.474494],[-0.4893808,51.4744578],[-0.489296,51.4744339],[-0.4892613,51.4744251],[-0.4892203,51.4744164],[-0.489117,51.4743979],[-0.4890136,51.4743822],[-0.4889371,51.4743723],[-0.4888591,51.4743648],[-0.4887681,51.4743566],[-0.4886751,51.4743508],[-0.4886046,51.4743494],[-0.4883295,51.4743509],[-0.4880599,51.4743518],[-0.4879786,51.4743506],[-0.4876099,51.4743524],[-0.4872534,51.4743544],[-0.4867471,51.474355],[-0.4867469,51.4743354],[-0.4867882,51.4743239],[-0.4868347,51.4743054],[-0.4868781,51.4742852],[-0.486918,51.4742655],[-0.4869667,51.4742347],[-0.4870036,51.4742026],[-0.4870551,51.4741496],[-0.4870827,51.4740962],[-0.4871027,51.4740356],[-0.4871015,51.4737638],[-0.4870803,51.4737632],[-0.4870812,51.4737471],[-0.4870895,51.4737289],[-0.4871014,51.473718],[-0.4871169,51.473706],[-0.4871474,51.4736922],[-0.4871761,51.4736796],[-0.4872104,51.4736699],[-0.4872521,51.4736684],[-0.4872934,51.4736737],[-0.4873357,51.4736809],[-0.4874111,51.4736951],[-0.4875059,51.4737128],[-0.4875776,51.4737214],[-0.4876631,51.4737288],[-0.4879029,51.4737314],[-0.4881259,51.4737303],[-0.4886385,51.4737297],[-0.4889003,51.4737289],[-0.4890482,51.4737274],[-0.4891575,51.4737266],[-0.4892055,51.4737301],[-0.4892529,51.4737355],[-0.4892972,51.4737435],[-0.4893412,51.4737524],[-0.4894193,51.4737785],[-0.4894639,51.4738021],[-0.4894888,51.4738153],[-0.489512,51.4738308],[-0.4898733,51.4741429],[-0.4898724,51.4746465]]]}},{"type":"Feature","properties":{"aeroway":"apron","osmType":"way","osmId":105439666,"ref":null,"name":null,"surface":null,"width":null,"lit":null,"service":null},"geometry":{"type":"Polygon","coordinates":[[[-0.4853929,51.4742348],[-0.4853695,51.4715965],[-0.4853365,51.471573],[-0.4853509,51.4694226],[-0.4853548,51.4690169],[-0.4856622,51.4689968],[-0.4874965,51.4689891],[-0.4892988,51.4689847],[-0.4892985,51.4692563],[-0.4892942,51.4692772],[-0.4892873,51.4692944],[-0.4892788,51.4693049],[-0.4892596,51.4693147],[-0.4892351,51.4693256],[-0.4892149,51.4693381],[-0.4891927,51.4693552],[-0.4891674,51.4693739],[-0.4891484,51.4693932],[-0.4891279,51.4694164],[-0.4891124,51.4694377],[-0.4890898,51.4694558],[-0.4890676,51.4694707],[-0.4890326,51.4694899],[-0.489002,51.4695025],[-0.4889643,51.4695125],[-0.4889176,51.469525],[-0.4888638,51.4695394],[-0.4888056,51.4695486],[-0.4887453,51.4695555],[-0.4886768,51.4695604],[-0.4886098,51.469566],[-0.4868479,51.4695753],[-0.4868252,51.4695801],[-0.4868031,51.4695856],[-0.4867778,51.4695891],[-0.4867525,51.4695926],[-0.4867233,51.4696002],[-0.4866901,51.4696104],[-0.4866622,51.4696222],[-0.486639,51.4696359],[-0.4866093,51.4696542],[-0.4865845,51.4696827],[-0.4865717,51.4697105],[-0.4865527,51.4697557],[-0.4865497,51.4697938],[-0.486561,51.4733356],[-0.4865634,51.4740783],[-0.4864511,51.4741454],[-0.4853929,51.4742348]]]}},{"type":"Feature","properties":{"aeroway":"apron","osmType":"way","osmId":105439667,"ref":null,"name":null,"surface":null,"width":null,"lit":null,"service":null},"geometry":{"type":"Polygon","coordinates":[[[-0.4779231,51.4680729],[-0.4779857,51.4743738],[-0.4766602,51.4743752],[-0.4766466,51.4728363],[-0.4766648,51.4727989],[-0.4766884,51.4727787],[-0.476737,51.4727567],[-0.4767458,51.4726824],[-0.4767281,51.4726585],[-0.4767002,51.4726172],[-0.4766575,51.4725915],[-0.476623,51.4725455],[-0.4766315,51.4709263],[-0.4766946,51.470733],[-0.4766677,51.4682707],[-0.4766931,51.4681366],[-0.4776769,51.4680704],[-0.4779231,51.4680729]]]}},{"type":"Feature","properties":{"aeroway":"apron","osmType":"way","osmId":105439669,"ref":null,"name":null,"surface":"concrete","width":null,"lit":null,"service":null},"geometry":{"type":"Polygon","coordinates":[[[-0.4818751,51.4742389],[-0.4817937,51.474233],[-0.4817151,51.4742183],[-0.481642,51.4741953],[-0.4815765,51.4741646],[-0.4815206,51.4741271],[-0.4814762,51.4740842],[-0.4814446,51.4740371],[-0.4814268,51.4739872],[-0.4814007,51.4736854],[-0.4813998,51.473655],[-0.4814505,51.4736007],[-0.4815163,51.4735709],[-0.4815743,51.4735683],[-0.4816686,51.4735522],[-0.4817323,51.4735256],[-0.4817723,51.4734844],[-0.4818006,51.4733394],[-0.4817888,51.4728159],[-0.4817494,51.4688613],[-0.4816864,51.468746],[-0.4816782,51.4682503],[-0.4817842,51.4681827],[-0.4825392,51.4681827],[-0.4826207,51.4681691],[-0.4829357,51.4681691],[-0.4829906,51.4742419],[-0.4820653,51.4742481],[-0.4818751,51.4742389]]]}},{"type":"Feature","properties":{"aeroway":"apron","osmType":"way","osmId":105440271,"ref":null,"name":null,"surface":null,"width":null,"lit":null,"service":null},"geometry":{"type":"Polygon","coordinates":[[[-0.472354,51.4679812],[-0.4693517,51.4679876],[-0.4693785,51.4709283],[-0.4694241,51.4709283],[-0.4694509,51.4736432],[-0.4695652,51.4739691],[-0.4697113,51.4741212],[-0.4700357,51.4741244],[-0.4701679,51.4741079],[-0.4702943,51.474084],[-0.4707302,51.4740879],[-0.4708369,51.474084],[-0.4708301,51.4735485],[-0.4707495,51.4730277],[-0.4707504,51.4727714],[-0.4706772,51.4722613],[-0.4706733,51.4718038],[-0.4705393,51.4716311],[-0.4702263,51.4716017],[-0.4698564,51.471602],[-0.4698553,51.471161],[-0.4698547,51.4709324],[-0.470535,51.4709317],[-0.4705345,51.4688916],[-0.4706552,51.4687379],[-0.4710361,51.4687262],[-0.4719051,51.4687312],[-0.4720392,51.4687044],[-0.4723531,51.4684371],[-0.472354,51.4679812]]]}},{"type":"Feature","properties":{"aeroway":"apron","osmType":"way","osmId":105449622,"ref":null,"name":null,"surface":null,"width":null,"lit":null,"service":null},"geometry":{"type":"Polygon","coordinates":[[[-0.4435491,51.4598762],[-0.4418485,51.4623854],[-0.441708,51.4624188],[-0.4415877,51.4625688],[-0.4414281,51.4627139],[-0.4413565,51.4627784],[-0.4407265,51.462769],[-0.4405368,51.4626575],[-0.440427,51.4626321],[-0.4402514,51.4624822],[-0.4404142,51.4622441],[-0.4406323,51.4619251],[-0.4409648,51.4618025],[-0.4425245,51.4595988],[-0.4435491,51.4598762]]]}},{"type":"Feature","properties":{"aeroway":"apron","osmType":"way","osmId":105449623,"ref":null,"name":null,"surface":null,"width":null,"lit":null,"service":null},"geometry":{"type":"Polygon","coordinates":[[[-0.4406836,51.4616309],[-0.4400771,51.4616354],[-0.4390006,51.4616435],[-0.4389094,51.4616284],[-0.4387538,51.4616084],[-0.4385527,51.4616],[-0.4374492,51.4616034],[-0.437452,51.4610578],[-0.4378729,51.4608828],[-0.438028,51.4608597],[-0.4385088,51.4608928],[-0.439538,51.460892],[-0.4405823,51.4608911],[-0.4407265,51.4609792],[-0.4407319,51.4615361],[-0.4406836,51.4616309]]]}},{"type":"Feature","properties":{"aeroway":"apron","osmType":"way","osmId":105449626,"ref":null,"name":null,"surface":null,"width":null,"lit":null,"service":null},"geometry":{"type":"Polygon","coordinates":[[[-0.4484142,51.4584249],[-0.4485793,51.4584819],[-0.4490041,51.4583341],[-0.4492557,51.4582677],[-0.4495644,51.4582734],[-0.4505653,51.4579212],[-0.4509284,51.4576635],[-0.4511952,51.457498],[-0.4513141,51.457469],[-0.4514362,51.4574713],[-0.4515602,51.4575112],[-0.4516572,51.4575527],[-0.4517683,51.4575855],[-0.451833,51.4576635],[-0.4517906,51.4577277],[-0.4516895,51.4577731],[-0.4515725,51.4577746],[-0.4514305,51.4577497],[-0.4513293,51.4577678],[-0.4511907,51.457817],[-0.4494428,51.4590565],[-0.4495223,51.4591042],[-0.44946,51.4591602],[-0.4494631,51.4592193],[-0.44947,51.4593495],[-0.4494515,51.4593673],[-0.4491613,51.4593781],[-0.4491287,51.4594009],[-0.4487114,51.4595863],[-0.448838,51.459659],[-0.4488414,51.459736],[-0.4488439,51.4597924],[-0.4485744,51.4599863],[-0.4483955,51.460115],[-0.4478852,51.4604821],[-0.4477054,51.4604777],[-0.4475397,51.4604087],[-0.4452802,51.461959],[-0.4449954,51.4623567],[-0.4443594,51.4626474],[-0.443864,51.4625174],[-0.4439004,51.4624583],[-0.4441266,51.4623732],[-0.4442162,51.462352],[-0.444314,51.4622043],[-0.4443928,51.4622152],[-0.4445253,51.4621787],[-0.4446381,51.462217],[-0.4446803,51.4621842],[-0.4449546,51.4617845],[-0.4453577,51.4611969],[-0.4454913,51.4610111],[-0.4454655,51.4609236],[-0.4456492,51.4606378],[-0.4456285,51.4605286],[-0.4455086,51.4604637],[-0.4448132,51.4602746],[-0.4445566,51.4606448],[-0.4439154,51.4615895],[-0.4430604,51.4628183],[-0.4448046,51.462819],[-0.445962,51.4628126],[-0.4459963,51.4628372],[-0.4460538,51.4627974],[-0.4459478,51.4627383],[-0.4519846,51.4584948],[-0.4527145,51.4580026],[-0.4527315,51.4576035],[-0.4518026,51.4570871],[-0.4501459,51.4571645],[-0.4479637,51.457935],[-0.4484142,51.4584249]]]}},{"type":"Feature","properties":{"aeroway":"apron","osmType":"way","osmId":105452938,"ref":null,"name":null,"surface":null,"width":null,"lit":null,"service":null},"geometry":{"type":"Polygon","coordinates":[[[-0.4550676,51.4601777],[-0.4550112,51.4601775],[-0.4543378,51.4603113],[-0.4541536,51.4603088],[-0.4539579,51.4603851],[-0.4539526,51.4605982],[-0.4556077,51.4621125],[-0.4556874,51.4621852],[-0.45595,51.4624013],[-0.4561361,51.462552],[-0.4562963,51.4626657],[-0.4563873,51.4627175],[-0.4564609,51.4627513],[-0.4567725,51.462771],[-0.4571011,51.4627879],[-0.45697,51.4626637],[-0.4570276,51.4626419],[-0.4570834,51.4625497],[-0.4571631,51.4625461],[-0.4572114,51.4625241],[-0.4566926,51.4620535],[-0.4566476,51.4620701],[-0.4566035,51.4620296],[-0.4565101,51.462064],[-0.4562683,51.4620146],[-0.4563966,51.4619587],[-0.4563359,51.4619034],[-0.456525,51.461822],[-0.4564464,51.4615731],[-0.4560231,51.4612039],[-0.4560098,51.4610942],[-0.4552463,51.4604041],[-0.4552029,51.4603485],[-0.4551677,51.4602916],[-0.4551649,51.4602427],[-0.4550676,51.4601777]]]}},{"type":"Feature","properties":{"aeroway":"apron","osmType":"way","osmId":105452941,"ref":null,"name":null,"surface":null,"width":null,"lit":null,"service":null},"geometry":{"type":"Polygon","coordinates":[[[-0.4540317,51.4581197],[-0.4539637,51.4600828],[-0.4550622,51.4600955],[-0.4551722,51.4600287],[-0.4552381,51.4581971],[-0.4551334,51.4581303],[-0.4540317,51.4581197]]]}},{"type":"Feature","properties":{"aeroway":"apron","osmType":"way","osmId":105452944,"ref":null,"name":"Cargo Apron","surface":null,"width":null,"lit":null,"service":null},"geometry":{"type":"Polygon","coordinates":[[[-0.471995,51.4601581],[-0.4720111,51.4617415],[-0.4713687,51.4617449],[-0.471366,51.4616513],[-0.4712936,51.4615878],[-0.4712923,51.4614925],[-0.4713231,51.4602333],[-0.4715498,51.4602325],[-0.4716369,51.4601581],[-0.471995,51.4601581]]]}},{"type":"Feature","properties":{"aeroway":"apron","osmType":"way","osmId":105452946,"ref":null,"name":"Cargo Apron","surface":null,"width":null,"lit":null,"service":null},"geometry":{"type":"Polygon","coordinates":[[[-0.4738309,51.4598314],[-0.4732864,51.4600787],[-0.4733052,51.4625888],[-0.4743002,51.4621644],[-0.4742824,51.4601351],[-0.4738309,51.4598314]]]}},{"type":"Feature","properties":{"aeroway":"taxiway","osmType":"way","osmId":105452949,"ref":"Taxiway T","name":null,"surface":null,"width":null,"lit":null,"service":null},"geometry":{"type":"LineString","coordinates":[[-0.4533035,51.4582857],[-0.4532815,51.458354],[-0.4532378,51.4584195],[-0.453163,51.458479],[-0.4523646,51.4590455],[-0.4522821,51.4591032],[-0.4522348,51.4591358],[-0.4519362,51.4593453],[-0.451416,51.4597071],[-0.4512996,51.4597861],[-0.4509738,51.4600166],[-0.450828,51.4601197],[-0.4506162,51.460265],[-0.4501225,51.4606128],[-0.4498899,51.4607746],[-0.4498668,51.4607921],[-0.449621,51.460966],[-0.4494115,51.4611143],[-0.4491326,51.4613066],[-0.4491236,51.4613128],[-0.4488985,51.461468],[-0.4486124,51.461669],[-0.4485464,51.4617153],[-0.448383,51.4618301],[-0.447993,51.462104],[-0.4476244,51.462364],[-0.447319,51.4625796]]}},{"type":"Feature","properties":{"aeroway":"apron","osmType":"way","osmId":105452950,"ref":null,"name":"Cargo Apron","surface":null,"width":null,"lit":null,"service":null},"geometry":{"type":"Polygon","coordinates":[[[-0.4580375,51.4626862],[-0.4580307,51.4621545],[-0.4580455,51.4621473],[-0.4583042,51.4621466],[-0.4583039,51.4620546],[-0.458313,51.4620545],[-0.4583085,51.4619309],[-0.4590816,51.4619279],[-0.4601432,51.4619238],[-0.4608512,51.461921],[-0.4610342,51.4620357],[-0.463469,51.462023],[-0.4634701,51.4619115],[-0.464027,51.461911],[-0.4640273,51.4618587],[-0.4643441,51.4618567],[-0.4643451,51.4617276],[-0.4648345,51.4614116],[-0.4653155,51.4613982],[-0.4654507,51.4614707],[-0.4674685,51.4614628],[-0.4675458,51.4614845],[-0.4675928,51.4615307],[-0.467621,51.4615792],[-0.467628,51.4616268],[-0.4675985,51.4627118],[-0.464615,51.4627199],[-0.464251,51.4627925],[-0.4582392,51.4628177],[-0.4580662,51.4628164],[-0.4580657,51.4626974],[-0.4580375,51.4626862]]]}},{"type":"Feature","properties":{"aeroway":"apron","osmType":"way","osmId":105464513,"ref":null,"name":null,"surface":null,"width":null,"lit":null,"service":null},"geometry":{"type":"Polygon","coordinates":[[[-0.4398452,51.4716218],[-0.4398487,51.4722806],[-0.4398523,51.472943],[-0.4398561,51.4736534],[-0.4398604,51.4744654],[-0.4386373,51.4744599],[-0.4385313,51.4743955],[-0.4385026,51.4716235],[-0.4385148,51.4689346],[-0.4385524,51.4688177],[-0.4386543,51.4686573],[-0.4389011,51.4684735],[-0.4392498,51.4683666],[-0.4398452,51.4683097],[-0.4398452,51.4684592],[-0.4398452,51.4691231],[-0.4398452,51.4697864],[-0.4398452,51.470589],[-0.4398452,51.4714407],[-0.4398452,51.4716218]]]}},{"type":"Feature","properties":{"aeroway":"taxiway","osmType":"way","osmId":105466285,"ref":null,"name":null,"surface":null,"width":null,"lit":null,"service":null},"geometry":{"type":"LineString","coordinates":[[-0.4307627,51.4705482],[-0.430854,51.4706468],[-0.4309398,51.470706],[-0.4309935,51.4707395],[-0.4310578,51.4707646],[-0.4311356,51.4707863],[-0.43128,51.4708246],[-0.4320059,51.4710172],[-0.4320905,51.4710302]]}},{"type":"Feature","properties":{"aeroway":"taxiway","osmType":"way","osmId":105466286,"ref":null,"name":null,"surface":null,"width":null,"lit":null,"service":null},"geometry":{"type":"LineString","coordinates":[[-0.4348957,51.4721794],[-0.4349534,51.4720884],[-0.4349822,51.471983],[-0.4349669,51.471885],[-0.4349051,51.4717848],[-0.434757,51.4716586],[-0.4346368,51.4715962],[-0.4345526,51.4715464],[-0.4343675,51.4714629],[-0.4342997,51.4714271],[-0.4342327,51.4714003],[-0.4341603,51.471377],[-0.4340879,51.4713569],[-0.4340531,51.4713522],[-0.4339947,51.4713444],[-0.4338728,51.4713199],[-0.4331652,51.4712232],[-0.4328495,51.4711655],[-0.4322809,51.4710637],[-0.4320905,51.4710302],[-0.4301539,51.4710502],[-0.4298695,51.4710528],[-0.4281612,51.471057],[-0.4280457,51.4710536],[-0.4278257,51.4709985],[-0.4276782,51.4709166],[-0.4275789,51.4708147],[-0.4272245,51.4702876],[-0.4268365,51.4697105],[-0.4267461,51.4695761],[-0.4264698,51.4691651],[-0.426429,51.4691044],[-0.4261232,51.4686495],[-0.4261118,51.4686326]]}},{"type":"Feature","properties":{"aeroway":"taxiway","osmType":"way","osmId":105466288,"ref":null,"name":null,"surface":null,"width":null,"lit":null,"service":null},"geometry":{"type":"LineString","coordinates":[[-0.4301539,51.4710502],[-0.4303014,51.4710285],[-0.430406,51.4709968],[-0.4305241,51.4709466],[-0.4306099,51.4708848],[-0.4306743,51.470808],[-0.4307306,51.4707245],[-0.4307521,51.4706359],[-0.4307627,51.4705482]]}},{"type":"Feature","properties":{"aeroway":"apron","osmType":"way","osmId":105466289,"ref":null,"name":null,"surface":null,"width":null,"lit":null,"service":null},"geometry":{"type":"Polygon","coordinates":[[[-0.4252622,51.4686612],[-0.4242584,51.4689066],[-0.4252642,51.4705156],[-0.425452,51.4707963],[-0.4257792,51.4711839],[-0.4259375,51.4712006],[-0.4264632,51.4712274],[-0.4264981,51.4712307],[-0.4265651,51.471219],[-0.426608,51.4711973],[-0.4266322,51.4711572],[-0.4266268,51.4711121],[-0.4253849,51.4691272],[-0.4253581,51.4690787],[-0.4253474,51.4690152],[-0.4253501,51.4689417],[-0.4253528,51.4688882],[-0.4253528,51.4688515],[-0.4252623,51.4686613],[-0.4252622,51.4686612]]]}},{"type":"Feature","properties":{"aeroway":"taxiway","osmType":"way","osmId":105466290,"ref":null,"name":null,"surface":null,"width":null,"lit":null,"service":null},"geometry":{"type":"LineString","coordinates":[[-0.4289254,51.4676485],[-0.4290241,51.4678007],[-0.4292426,51.4681379],[-0.4293177,51.4682537],[-0.4294123,51.4683997],[-0.4296939,51.4688342],[-0.4299039,51.4691582],[-0.430124,51.4695144],[-0.4302718,51.4697536],[-0.4306382,51.4703466],[-0.4307627,51.4705482]]}},{"type":"Feature","properties":{"aeroway":"apron","osmType":"way","osmId":105505784,"ref":null,"name":null,"surface":null,"width":null,"lit":null,"service":null},"geometry":{"type":"Polygon","coordinates":[[[-0.487088,51.4685409],[-0.485655,51.4685466],[-0.4853254,51.4685277],[-0.4853538,51.4681341],[-0.4864017,51.4681327],[-0.4865098,51.4681219],[-0.4865936,51.4680922],[-0.4867033,51.4680489],[-0.4867563,51.4680386],[-0.4868059,51.4680341],[-0.4871567,51.468033],[-0.487163,51.4684954],[-0.487088,51.4685409]]]}},{"type":"Feature","properties":{"aeroway":"taxiway","osmType":"way","osmId":105515594,"ref":null,"name":null,"surface":null,"width":null,"lit":null,"service":null},"geometry":{"type":"LineString","coordinates":[[-0.4841788,51.4748761],[-0.4843405,51.4748956],[-0.4844116,51.474911],[-0.484498,51.4749431],[-0.4845766,51.4749899],[-0.48465,51.4750408],[-0.4847031,51.4750995],[-0.4847328,51.4751722],[-0.484756,51.4752233],[-0.484779,51.4751487],[-0.4848191,51.4750811],[-0.4848823,51.4750236],[-0.4849722,51.4749644],[-0.4850771,51.474918],[-0.4851912,51.4748875],[-0.4853301,51.4748711]]}},{"type":"Feature","properties":{"aeroway":"apron","osmType":"way","osmId":106552018,"ref":null,"name":null,"surface":null,"width":null,"lit":null,"service":null},"geometry":{"type":"Polygon","coordinates":[[[-0.4295504,51.4736752],[-0.4295992,51.4730414],[-0.430538,51.4728543],[-0.4308384,51.4729345],[-0.4314445,51.4738066],[-0.4300873,51.4746887],[-0.4297543,51.4746139],[-0.429148,51.4745137],[-0.4287954,51.4744536],[-0.4285794,51.4744168],[-0.4284512,51.4743445],[-0.4273837,51.4743445],[-0.4272066,51.4742176],[-0.427035,51.4742176],[-0.4270511,51.4733087],[-0.4273247,51.4733121],[-0.427389,51.4732586],[-0.4276135,51.4732689],[-0.4276178,51.4733914],[-0.4280757,51.4739436],[-0.4281985,51.4739624],[-0.4295504,51.4736752]]]}},{"type":"Feature","properties":{"aeroway":"taxiway","osmType":"way","osmId":106552020,"ref":null,"name":null,"surface":null,"width":null,"lit":null,"service":null},"geometry":{"type":"LineString","coordinates":[[-0.4314333,51.4722935],[-0.4328625,51.4730845],[-0.432955,51.4731572],[-0.4330064,51.4732351],[-0.433024,51.4733192],[-0.433006,51.4734367],[-0.432945,51.473551]]}},{"type":"Feature","properties":{"aeroway":"taxiway","osmType":"way","osmId":106552021,"ref":null,"name":null,"surface":null,"width":null,"lit":null,"service":null},"geometry":{"type":"LineString","coordinates":[[-0.4336366,51.4730641],[-0.4334042,51.4731503],[-0.433233,51.4731622],[-0.4331284,51.4731539],[-0.4330185,51.4731271],[-0.4328625,51.4730845]]}},{"type":"Feature","properties":{"aeroway":"apron","osmType":"way","osmId":106552024,"ref":null,"name":null,"surface":null,"width":null,"lit":null,"service":null},"geometry":{"type":"Polygon","coordinates":[[[-0.4265973,51.475535],[-0.4269192,51.4749598],[-0.4266219,51.474925],[-0.4265625,51.474918],[-0.4258785,51.474796],[-0.4252321,51.4747342],[-0.4247708,51.4747159],[-0.4237918,51.4747159],[-0.4234994,51.4747276],[-0.4231588,51.4747342],[-0.4222415,51.474761],[-0.4218579,51.4747543],[-0.4213993,51.4747593],[-0.420954,51.4747559],[-0.4204524,51.4747526],[-0.4199911,51.4747559],[-0.4197577,51.4747593],[-0.4196216,51.4750471],[-0.419981,51.4756751],[-0.4204293,51.47575],[-0.4213223,51.4758311],[-0.4222548,51.4758744],[-0.4224372,51.475709],[-0.4224146,51.4754968],[-0.4237366,51.4754902],[-0.4238244,51.4755449],[-0.4265973,51.475535]]]}},{"type":"Feature","properties":{"aeroway":"apron","osmType":"way","osmId":130147164,"ref":null,"name":null,"surface":null,"width":null,"lit":null,"service":null},"geometry":{"type":"Polygon","coordinates":[[[-0.4794939,51.4743606],[-0.4794438,51.4681577],[-0.4797412,51.4681537],[-0.4797947,51.4681643],[-0.4806677,51.4681617],[-0.4807811,51.468227],[-0.4807832,51.4684789],[-0.4807897,51.4686935],[-0.4806741,51.4687588],[-0.4806761,51.4688256],[-0.4807897,51.4688945],[-0.4807977,51.4701218],[-0.4808028,51.4709193],[-0.4808079,51.4717124],[-0.4808153,51.4728552],[-0.4808242,51.4733811],[-0.480821,51.4734483],[-0.4808367,51.4734795],[-0.4808637,51.4735067],[-0.4809023,51.4735352],[-0.480947,51.4735554],[-0.4810064,51.4735664],[-0.4810637,51.4735683],[-0.4811078,51.4735713],[-0.4811428,51.4735839],[-0.4811803,51.4736034],[-0.4812068,51.4736256],[-0.4812209,51.4736805],[-0.4812249,51.4740441],[-0.481243,51.4741026],[-0.481294,51.4741701],[-0.4813337,51.4742145],[-0.4814013,51.4742551],[-0.4814872,51.4743019],[-0.4813388,51.4743602],[-0.4794939,51.4743606]]]}},{"type":"Feature","properties":{"aeroway":"apron","osmType":"way","osmId":130147170,"ref":null,"name":null,"surface":null,"width":null,"lit":null,"service":null},"geometry":{"type":"Polygon","coordinates":[[[-0.4743091,51.4743815],[-0.4742585,51.4681038],[-0.4748637,51.4681037],[-0.4751565,51.4681218],[-0.4755027,51.4681154],[-0.4756408,51.4743779],[-0.4743091,51.4743815]]]}},{"type":"Feature","properties":{"aeroway":"taxiway","osmType":"way","osmId":136038283,"ref":"Taxiway A","name":null,"surface":null,"width":null,"lit":null,"service":null},"geometry":{"type":"LineString","coordinates":[[-0.447882,51.466642],[-0.4477566,51.4666407],[-0.4476276,51.4666402],[-0.4462441,51.4666479],[-0.4461272,51.4666485]]}},{"type":"Feature","properties":{"aeroway":"taxiway","osmType":"way","osmId":136038284,"ref":"N5W","name":null,"surface":null,"width":null,"lit":null,"service":null},"geometry":{"type":"LineString","coordinates":[[-0.4594279,51.4663884],[-0.4595443,51.4664775],[-0.4596511,51.4665361],[-0.459768,51.4665741],[-0.4599287,51.4666019]]}},{"type":"Feature","properties":{"aeroway":"taxiway","osmType":"way","osmId":136038285,"ref":"Taxiway R","name":null,"surface":null,"width":null,"lit":null,"service":null},"geometry":{"type":"LineString","coordinates":[[-0.4597553,51.4667954],[-0.4596625,51.4667212],[-0.4594993,51.4666436],[-0.4592849,51.4666053]]}},{"type":"Feature","properties":{"aeroway":"taxiway","osmType":"way","osmId":136038286,"ref":"Link 32","name":null,"surface":null,"width":null,"lit":null,"service":null},"geometry":{"type":"LineString","coordinates":[[-0.4544414,51.4666186],[-0.4542323,51.4666652],[-0.4540838,51.4667324],[-0.4540042,51.4668141],[-0.4539067,51.4669118]]}},{"type":"Feature","properties":{"aeroway":"taxiway","osmType":"way","osmId":136038287,"ref":"Link 30","name":null,"surface":null,"width":null,"lit":null,"service":null},"geometry":{"type":"LineString","coordinates":[[-0.4489891,51.4675072],[-0.4487416,51.4674665],[-0.4486059,51.4674057],[-0.4484986,51.4673245],[-0.4484065,51.4672177]]}},{"type":"Feature","properties":{"aeroway":"taxiway","osmType":"way","osmId":136038288,"ref":"Taxiway R","name":null,"surface":null,"width":null,"lit":null,"service":null},"geometry":{"type":"LineString","coordinates":[[-0.4598359,51.4669516],[-0.459858,51.4668763],[-0.4598996,51.4668124],[-0.4599829,51.4667361],[-0.4600935,51.4666698],[-0.4602081,51.4666264],[-0.4603712,51.4665975]]}},{"type":"Feature","properties":{"aeroway":"taxiway","osmType":"way","osmId":136040161,"ref":null,"name":null,"surface":null,"width":null,"lit":null,"service":null},"geometry":{"type":"LineString","coordinates":[[-0.4406174,51.4746879],[-0.4406181,51.4754635]]}},{"type":"Feature","properties":{"aeroway":"taxiway","osmType":"way","osmId":136040162,"ref":"Link 31","name":null,"surface":null,"width":null,"lit":null,"service":null},"geometry":{"type":"LineString","coordinates":[[-0.4514308,51.4666296],[-0.4511831,51.4666414],[-0.4510263,51.4666808],[-0.4509247,51.4667279],[-0.4508487,51.4667776],[-0.4507838,51.4668479],[-0.450744,51.4669115],[-0.4507263,51.466979]]}},{"type":"Feature","properties":{"aeroway":"taxiway","osmType":"way","osmId":136040164,"ref":"Link 31","name":null,"surface":null,"width":null,"lit":null,"service":null},"geometry":{"type":"LineString","coordinates":[[-0.4507263,51.466979],[-0.4506963,51.4668985],[-0.450644,51.4668227],[-0.4505647,51.4667576],[-0.4504824,51.4667121],[-0.4503906,51.466675],[-0.4502946,51.4666515],[-0.4501746,51.4666339]]}},{"type":"Feature","properties":{"aeroway":"taxiway","osmType":"way","osmId":136040165,"ref":"N4E","name":null,"surface":null,"width":null,"lit":null,"service":null},"geometry":{"type":"LineString","coordinates":[[-0.4487071,51.4650679],[-0.4487896,51.4650251],[-0.4488577,51.4649961],[-0.4489354,51.4649697],[-0.4490267,51.4649453],[-0.4491263,51.4649269],[-0.4493093,51.4649129],[-0.4498646,51.464912],[-0.4498642,51.4648965]]}},{"type":"Feature","properties":{"aeroway":"taxiway","osmType":"way","osmId":136040167,"ref":null,"name":null,"surface":null,"width":null,"lit":null,"service":null},"geometry":{"type":"LineString","coordinates":[[-0.4602124,51.4759477],[-0.4603481,51.4759382],[-0.4604598,51.4759154],[-0.4605496,51.4758804],[-0.4606555,51.4758286]]}},{"type":"Feature","properties":{"aeroway":"taxiway","osmType":"way","osmId":136040168,"ref":null,"name":null,"surface":null,"width":null,"lit":null,"service":null},"geometry":{"type":"LineString","coordinates":[[-0.460288,51.4760851],[-0.4603721,51.476037],[-0.4604579,51.4759992],[-0.4605262,51.4759776],[-0.4606174,51.4759589],[-0.4607389,51.4759454]]}},{"type":"Feature","properties":{"aeroway":"taxiway","osmType":"way","osmId":136040169,"ref":null,"name":null,"surface":null,"width":null,"lit":null,"service":null},"geometry":{"type":"LineString","coordinates":[[-0.4606069,51.476273],[-0.4605466,51.4761771],[-0.4605292,51.4760855],[-0.4605434,51.4760056],[-0.460573,51.4759326],[-0.4606555,51.4758286]]}},{"type":"Feature","properties":{"aeroway":"taxiway","osmType":"way","osmId":136040171,"ref":"Link 31","name":null,"surface":null,"width":null,"lit":null,"service":null},"geometry":{"type":"LineString","coordinates":[[-0.4512433,51.4675006],[-0.4510722,51.4674723],[-0.4509484,51.4674246],[-0.4508612,51.4673682],[-0.4507939,51.4673022],[-0.4507454,51.4672412],[-0.4507164,51.4671681]]}},{"type":"Feature","properties":{"aeroway":"taxiway","osmType":"way","osmId":136049133,"ref":"Link 32","name":null,"surface":null,"width":null,"lit":null,"service":null},"geometry":{"type":"LineString","coordinates":[[-0.4544504,51.4674895],[-0.4542311,51.4674571],[-0.45406,51.4673658],[-0.4539548,51.467274],[-0.4539033,51.467125],[-0.4539043,51.4670625],[-0.4539067,51.4669118],[-0.4537812,51.4667855],[-0.4536709,51.4667103],[-0.4535603,51.4666663],[-0.4533833,51.4666224]]}},{"type":"Feature","properties":{"aeroway":"taxiway","osmType":"way","osmId":136049134,"ref":"Taxiway A","name":null,"surface":null,"width":null,"lit":null,"service":null},"geometry":{"type":"LineString","coordinates":[[-0.4461272,51.4666485],[-0.4449598,51.4666485],[-0.4434094,51.4666526],[-0.4416631,51.4666572],[-0.4411248,51.4666559],[-0.4399816,51.4666599],[-0.4394052,51.4666627],[-0.4388468,51.4666655],[-0.4377787,51.4666691],[-0.4371603,51.4666712],[-0.4366465,51.466673]]}},{"type":"Feature","properties":{"aeroway":"taxiway","osmType":"way","osmId":136049135,"ref":"Taxiway B","name":null,"surface":null,"width":null,"lit":null,"service":null},"geometry":{"type":"LineString","coordinates":[[-0.4533662,51.4674955],[-0.4544504,51.4674895]]}},{"type":"Feature","properties":{"aeroway":"taxiway","osmType":"way","osmId":136049136,"ref":"S1","name":null,"surface":null,"width":null,"lit":null,"service":null},"geometry":{"type":"LineString","coordinates":[[-0.4343953,51.4649453],[-0.4344678,51.4647912],[-0.43481,51.4641836]]}},{"type":"Feature","properties":{"aeroway":"taxiway","osmType":"way","osmId":136049137,"ref":"N3","name":null,"surface":null,"width":null,"lit":null,"service":null},"geometry":{"type":"LineString","coordinates":[[-0.4411248,51.4666559],[-0.4410204,51.4666466],[-0.44092,51.4666264],[-0.4408266,51.4665959],[-0.4407428,51.466556],[-0.440671,51.4665078],[-0.4406134,51.4664528],[-0.4405715,51.4663925],[-0.4405467,51.4663286]]}},{"type":"Feature","properties":{"aeroway":"taxiway","osmType":"way","osmId":136049138,"ref":"N3","name":null,"surface":null,"width":null,"lit":null,"service":null},"geometry":{"type":"LineString","coordinates":[[-0.4399816,51.4666599],[-0.4401162,51.4666414],[-0.4402413,51.4666054],[-0.440351,51.4665534],[-0.4404401,51.4664879],[-0.4405044,51.466412],[-0.4405467,51.4663286]]}},{"type":"Feature","properties":{"aeroway":"taxiway","osmType":"way","osmId":136049139,"ref":null,"name":null,"surface":null,"width":null,"lit":null,"service":null},"geometry":{"type":"LineString","coordinates":[[-0.4350858,51.4647953],[-0.435902,51.4655313],[-0.4359824,51.465611],[-0.4360324,51.465682],[-0.4360606,51.4657626]]}},{"type":"Feature","properties":{"aeroway":"taxiway","osmType":"way","osmId":136049140,"ref":"Taxiway A","name":null,"surface":null,"width":null,"lit":null,"service":null},"geometry":{"type":"LineString","coordinates":[[-0.4366465,51.466673],[-0.4364792,51.46669],[-0.4362896,51.4667529],[-0.4361441,51.4668646],[-0.4360659,51.4670109]]}},{"type":"Feature","properties":{"aeroway":"taxiway","osmType":"way","osmId":136049141,"ref":"N2W","name":null,"surface":null,"width":null,"lit":null,"service":null},"geometry":{"type":"LineString","coordinates":[[-0.4388468,51.4666655],[-0.438649,51.4666289],[-0.4384895,51.466564],[-0.438367,51.466471],[-0.4382943,51.466333]]}},{"type":"Feature","properties":{"aeroway":"taxiway","osmType":"way","osmId":136049143,"ref":"Link 29","name":null,"surface":null,"width":null,"lit":null,"service":null},"geometry":{"type":"LineString","coordinates":[[-0.4388468,51.4666655],[-0.4387254,51.4666832],[-0.4385897,51.4667276],[-0.4384628,51.4667831],[-0.4383693,51.466869],[-0.4383037,51.4669938],[-0.4382491,51.4668954],[-0.4381867,51.4668177],[-0.4380799,51.4667498],[-0.4379508,51.4666999],[-0.4377787,51.4666691]]}},{"type":"Feature","properties":{"aeroway":"taxiway","osmType":"way","osmId":136049144,"ref":"N1","name":null,"surface":null,"width":null,"lit":null,"service":null},"geometry":{"type":"LineString","coordinates":[[-0.4343593,51.4653017],[-0.4343697,51.4652279],[-0.4343865,51.4651814],[-0.4344225,51.4651314],[-0.4344708,51.4650856],[-0.4345301,51.4650452],[-0.4345991,51.4650112],[-0.4346758,51.4649844],[-0.4347585,51.4649656],[-0.4348448,51.4649553],[-0.4354289,51.4649419]]}},{"type":"Feature","properties":{"aeroway":"taxiway","osmType":"way","osmId":136049145,"ref":"A3","name":null,"surface":null,"width":null,"lit":null,"service":null},"geometry":{"type":"LineString","coordinates":[[-0.4344551,51.4766368],[-0.4343541,51.4767067],[-0.4342987,51.4767647],[-0.4342612,51.4768221],[-0.4342399,51.4769067]]}},{"type":"Feature","properties":{"aeroway":"taxiway","osmType":"way","osmId":136049146,"ref":null,"name":null,"surface":null,"width":null,"lit":null,"service":null},"geometry":{"type":"LineString","coordinates":[[-0.4339839,51.4767974],[-0.4340917,51.4767453],[-0.4341587,51.4766917],[-0.4342096,51.4766216],[-0.4342334,51.4765265]]}},{"type":"Feature","properties":{"aeroway":"taxiway","osmType":"way","osmId":136049147,"ref":"N3","name":null,"surface":null,"width":null,"lit":null,"service":null},"geometry":{"type":"LineString","coordinates":[[-0.4405467,51.4663286],[-0.4405451,51.4661695],[-0.440542,51.4659029],[-0.4405361,51.4653673],[-0.4405302,51.464925]]}},{"type":"Feature","properties":{"aeroway":"taxiway","osmType":"way","osmId":136049148,"ref":"N2W","name":null,"surface":null,"width":null,"lit":null,"service":null},"geometry":{"type":"LineString","coordinates":[[-0.4382943,51.466333],[-0.4382927,51.466174],[-0.43829,51.4659098],[-0.438293,51.4653688],[-0.4383,51.4653047],[-0.4383211,51.4652407],[-0.4383582,51.4651821],[-0.4384023,51.465129],[-0.4384504,51.465089],[-0.4385126,51.4650489],[-0.4385836,51.4650138],[-0.4386688,51.464981],[-0.4389313,51.4649303]]}},{"type":"Feature","properties":{"aeroway":"taxiway","osmType":"way","osmId":136049149,"ref":null,"name":null,"surface":null,"width":null,"lit":null,"service":null},"geometry":{"type":"LineString","coordinates":[[-0.4406181,51.4754635],[-0.4405911,51.4753231],[-0.4405551,51.4752403],[-0.440472,51.4751748],[-0.4403391,51.4750972],[-0.4401905,51.4750632],[-0.4400259,51.4750466]]}},{"type":"Feature","properties":{"aeroway":"taxiway","osmType":"way","osmId":136050314,"ref":"Taxiway B","name":null,"surface":null,"width":null,"lit":null,"service":null},"geometry":{"type":"LineString","coordinates":[[-0.4649413,51.4674764],[-0.4646879,51.4674715],[-0.4645452,51.4674387],[-0.4643906,51.4673603],[-0.4642776,51.4672577],[-0.4642159,51.4671278]]}},{"type":"Feature","properties":{"aeroway":"taxiway","osmType":"way","osmId":136050315,"ref":null,"name":null,"surface":null,"width":null,"lit":null,"service":null},"geometry":{"type":"LineString","coordinates":[[-0.4692236,51.4751953],[-0.4691173,51.4750789],[-0.4690087,51.4750134],[-0.4688822,51.4749673],[-0.4686636,51.4749394]]}},{"type":"Feature","properties":{"aeroway":"taxiway","osmType":"way","osmId":136050316,"ref":null,"name":null,"surface":null,"width":null,"lit":null,"service":null},"geometry":{"type":"LineString","coordinates":[[-0.4690476,51.47472],[-0.4691353,51.4747877],[-0.469234,51.4748472],[-0.4693312,51.4748887],[-0.4694469,51.474915],[-0.469582,51.4749324]]}},{"type":"Feature","properties":{"aeroway":"taxiway","osmType":"way","osmId":136051546,"ref":"Taxiway Y","name":null,"surface":null,"width":null,"lit":null,"service":null},"geometry":{"type":"LineString","coordinates":[[-0.4852147,51.4687723],[-0.4842156,51.4687765]]}},{"type":"Feature","properties":{"aeroway":"taxiway","osmType":"way","osmId":136051547,"ref":"N10","name":null,"surface":null,"width":null,"lit":null,"service":null},"geometry":{"type":"LineString","coordinates":[[-0.4852525,51.464777],[-0.4850748,51.464795],[-0.4849032,51.4648553],[-0.484762,51.4649537],[-0.4846928,51.4650502],[-0.4846611,51.4651455]]}},{"type":"Feature","properties":{"aeroway":"taxiway","osmType":"way","osmId":136052150,"ref":null,"name":null,"surface":null,"width":null,"lit":null,"service":null},"geometry":{"type":"LineString","coordinates":[[-0.440622,51.4755694],[-0.4405858,51.4756743],[-0.4405061,51.4757659],[-0.4403661,51.4758475],[-0.4402272,51.4758945],[-0.4401032,51.4759183]]}},{"type":"Feature","properties":{"aeroway":"taxiway","osmType":"way","osmId":136052315,"ref":"S4W","name":null,"surface":null,"width":null,"lit":null,"service":null},"geometry":{"type":"LineString","coordinates":[[-0.4516356,51.4631717],[-0.451487,51.4631929],[-0.4513693,51.4632294],[-0.451248,51.4632849]]}},{"type":"Feature","properties":{"aeroway":"taxiway","osmType":"way","osmId":136052316,"ref":null,"name":null,"surface":null,"width":null,"lit":null,"service":null},"geometry":{"type":"LineString","coordinates":[[-0.4519901,51.4626288],[-0.4519777,51.4627072],[-0.451953,51.4627492],[-0.45193,51.4627867],[-0.4518655,51.46285]]}},{"type":"Feature","properties":{"aeroway":"taxiway","osmType":"way","osmId":136052317,"ref":null,"name":null,"surface":null,"width":null,"lit":null,"service":null},"geometry":{"type":"LineString","coordinates":[[-0.4515422,51.4630798],[-0.4514291,51.4631257],[-0.4513257,51.4631539],[-0.4511967,51.4631729]]}},{"type":"Feature","properties":{"aeroway":"taxiway","osmType":"way","osmId":136052318,"ref":"Link 42","name":null,"surface":null,"width":null,"lit":null,"service":null},"geometry":{"type":"LineString","coordinates":[[-0.4532569,51.4597944],[-0.453199,51.4598764],[-0.4531191,51.4599513],[-0.4530018,51.4600182],[-0.4528751,51.4600535],[-0.4526993,51.4600689],[-0.4525596,51.4600548],[-0.4524108,51.460022]]}},{"type":"Feature","properties":{"aeroway":"taxiway","osmType":"way","osmId":136052319,"ref":"S4W","name":null,"surface":null,"width":null,"lit":null,"service":null},"geometry":{"type":"LineString","coordinates":[[-0.4500385,51.4631761],[-0.4502284,51.4631935],[-0.4504043,51.4632484],[-0.4505292,51.4633306],[-0.4506001,51.4634057],[-0.4506431,51.4634795],[-0.450653,51.4635542],[-0.4506376,51.4636317],[-0.4506031,51.4637104],[-0.4505182,51.4637989]]}},{"type":"Feature","properties":{"aeroway":"taxiway","osmType":"way","osmId":136052320,"ref":"Taxiway T","name":null,"surface":null,"width":null,"lit":null,"service":null},"geometry":{"type":"LineString","coordinates":[[-0.4523646,51.4590455],[-0.4525484,51.4589837],[-0.4527145,51.4589708],[-0.452891,51.4589859],[-0.4530433,51.4590333],[-0.453154,51.4590937],[-0.4532232,51.4591692],[-0.4532769,51.4592682]]}},{"type":"Feature","properties":{"aeroway":"taxiway","osmType":"way","osmId":150851650,"ref":null,"name":null,"surface":null,"width":null,"lit":null,"service":null},"geometry":{"type":"LineString","coordinates":[[-0.4364899,51.4745384],[-0.4363538,51.4745565],[-0.4362227,51.4745907],[-0.4361146,51.4746437],[-0.4360154,51.4747198],[-0.4359587,51.4748004],[-0.4359325,51.4749358],[-0.4359038,51.4747993],[-0.4358382,51.4747209],[-0.4357443,51.474647],[-0.4356291,51.474594],[-0.4355175,51.4745587],[-0.4353319,51.4745427],[-0.4355193,51.4745245],[-0.435622,51.4744914],[-0.4357532,51.4744285],[-0.4358471,51.4743523],[-0.4358931,51.4742806],[-0.4359297,51.474228]]}},{"type":"Feature","properties":{"aeroway":"taxiway","osmType":"way","osmId":151571677,"ref":"Taxiway H","name":null,"surface":null,"width":null,"lit":null,"service":null},"geometry":{"type":"LineString","coordinates":[[-0.4600154,51.4730606],[-0.4602228,51.4732507],[-0.4603087,51.4733295],[-0.4607953,51.4737757],[-0.460879,51.4738524],[-0.4613471,51.4742816],[-0.4614408,51.4743675],[-0.461623,51.4745346],[-0.4617838,51.474682],[-0.4617903,51.474693],[-0.4618292,51.4747588],[-0.4618385,51.4748451],[-0.4618047,51.4749314],[-0.4617605,51.4749938],[-0.4616918,51.4750474],[-0.4616185,51.4750957],[-0.4615046,51.4751405],[-0.4613683,51.4751676]]}},{"type":"Feature","properties":{"aeroway":"taxiway","osmType":"way","osmId":151571679,"ref":"Taxiway H","name":null,"surface":null,"width":null,"lit":null,"service":null},"geometry":{"type":"LineString","coordinates":[[-0.4617903,51.474693],[-0.4619339,51.4748255],[-0.4620927,51.4749928],[-0.4621906,51.475075],[-0.4622649,51.475108],[-0.4623493,51.4751382],[-0.4623972,51.4751523],[-0.4625133,51.4751642]]}},{"type":"Feature","properties":{"aeroway":"taxiway","osmType":"way","osmId":151571717,"ref":"Link 11","name":null,"surface":null,"width":null,"lit":null,"service":null},"geometry":{"type":"LineString","coordinates":[[-0.4574203,51.4756428],[-0.4574001,51.4756973],[-0.4573687,51.4757518],[-0.4573317,51.475793],[-0.4572868,51.4758343],[-0.4572217,51.4758713],[-0.4571555,51.4759021],[-0.4570915,51.4759209],[-0.4570242,51.4759342],[-0.456947,51.4759519]]}},{"type":"Feature","properties":{"aeroway":"taxiway","osmType":"way","osmId":151571718,"ref":"Link 12","name":null,"surface":null,"width":null,"lit":null,"service":null},"geometry":{"type":"LineString","coordinates":[[-0.4546752,51.4756599],[-0.4546539,51.4757194],[-0.4546169,51.4757746],[-0.4545731,51.4758207],[-0.4545248,51.4758563],[-0.4544654,51.4758934],[-0.4544025,51.4759179],[-0.4543453,51.4759353],[-0.4542768,51.4759535],[-0.4541713,51.475961]]}},{"type":"Feature","properties":{"aeroway":"taxiway","osmType":"way","osmId":151571719,"ref":null,"name":null,"surface":null,"width":null,"lit":null,"service":null},"geometry":{"type":"LineString","coordinates":[[-0.4567568,51.4750753],[-0.4569285,51.4750896],[-0.4570738,51.4751266],[-0.4571796,51.4751709],[-0.4572656,51.4752312],[-0.4573309,51.4752925],[-0.4573727,51.4753506],[-0.457396,51.4754032],[-0.457408,51.4754345],[-0.4574192,51.4754974]]}},{"type":"Feature","properties":{"aeroway":"taxiway","osmType":"way","osmId":151571720,"ref":"A9W","name":null,"surface":null,"width":null,"lit":null,"service":null},"geometry":{"type":"LineString","coordinates":[[-0.461509,51.4770801],[-0.461682,51.4772134],[-0.4618054,51.4773186],[-0.4618706,51.4773628],[-0.461952,51.4774085],[-0.4620312,51.4774483],[-0.4621185,51.4774781],[-0.4622221,51.4775092],[-0.4623467,51.4775361],[-0.462498,51.4775535],[-0.4627071,51.4775805]]}},{"type":"Feature","properties":{"aeroway":"taxiway","osmType":"way","osmId":151571724,"ref":"Link 12","name":null,"surface":null,"width":null,"lit":null,"service":null},"geometry":{"type":"LineString","coordinates":[[-0.4551897,51.4759576],[-0.4551142,51.4759545],[-0.4550317,51.4759407],[-0.4549444,51.475916],[-0.4548849,51.4758898],[-0.4548222,51.4758572],[-0.4547817,51.475825],[-0.454746,51.4757914],[-0.4547135,51.4757494],[-0.4546952,51.4757143],[-0.4546752,51.4756599]]}},{"type":"Feature","properties":{"aeroway":"taxiway","osmType":"way","osmId":151571726,"ref":null,"name":null,"surface":null,"width":null,"lit":null,"service":null},"geometry":{"type":"LineString","coordinates":[[-0.4735682,51.4752681],[-0.4735562,51.4752052],[-0.4735309,51.4751509],[-0.4734929,51.4750995],[-0.473443,51.4750522],[-0.4733824,51.47501],[-0.4733123,51.474974],[-0.4732344,51.4749448],[-0.4731504,51.4749233],[-0.4730622,51.4749097],[-0.4729718,51.4749033]]}},{"type":"Feature","properties":{"aeroway":"taxiway","osmType":"way","osmId":151571729,"ref":"Link 12","name":null,"surface":null,"width":null,"lit":null,"service":null},"geometry":{"type":"LineString","coordinates":[[-0.4546763,51.4754243],[-0.4546595,51.4753624],[-0.4546357,51.4753145],[-0.4546064,51.4752779],[-0.4545746,51.4752478],[-0.4545349,51.4752166],[-0.4545008,51.4751934],[-0.4544564,51.4751682],[-0.4544088,51.4751479],[-0.4543437,51.4751267],[-0.4542905,51.4751168],[-0.4541693,51.4751018]]}},{"type":"Feature","properties":{"aeroway":"taxiway","osmType":"way","osmId":151571731,"ref":"A12","name":null,"surface":null,"width":null,"lit":null,"service":null},"geometry":{"type":"LineString","coordinates":[[-0.4814616,51.4760221],[-0.48139,51.4759402],[-0.4813391,51.4759016],[-0.4812566,51.4758574],[-0.4811555,51.4758202],[-0.4810414,51.4757962],[-0.4808988,51.4757847]]}},{"type":"Feature","properties":{"aeroway":"taxiway","osmType":"way","osmId":151571735,"ref":"A12","name":null,"surface":null,"width":null,"lit":null,"service":null},"geometry":{"type":"LineString","coordinates":[[-0.4815252,51.4770317],[-0.4815376,51.4770887],[-0.4815704,51.4771584],[-0.4816086,51.477217],[-0.4816548,51.4772679],[-0.4816983,51.477305],[-0.4817631,51.477352],[-0.4818457,51.4773951],[-0.4819043,51.4774206],[-0.4820082,51.4774537],[-0.482105,51.4774748],[-0.4822089,51.477488],[-0.4823215,51.4774943],[-0.4824461,51.4775143]]}},{"type":"Feature","properties":{"aeroway":"taxiway","osmType":"way","osmId":151571736,"ref":null,"name":null,"surface":null,"width":null,"lit":null,"service":null},"geometry":{"type":"LineString","coordinates":[[-0.4612174,51.4759443],[-0.461135,51.4759556],[-0.4610295,51.4759809],[-0.4609508,51.4760113],[-0.4608935,51.476042],[-0.460848,51.4760727],[-0.4608026,51.4761184],[-0.460763,51.4761749],[-0.4607456,51.4762199],[-0.4607398,51.4762757],[-0.4607519,51.4763582]]}},{"type":"Feature","properties":{"aeroway":"taxiway","osmType":"way","osmId":151571737,"ref":null,"name":null,"surface":null,"width":null,"lit":null,"service":null},"geometry":{"type":"LineString","coordinates":[[-0.4597993,51.476362],[-0.4598085,51.4762846],[-0.459805,51.4762353],[-0.4597749,51.4761672],[-0.4597272,51.4761125],[-0.4596722,51.4760668],[-0.4596053,51.476028],[-0.4595174,51.4759875],[-0.4594012,51.4759601],[-0.4592862,51.4759471]]}},{"type":"Feature","properties":{"aeroway":"taxiway","osmType":"way","osmId":151571742,"ref":"A8","name":null,"surface":null,"width":null,"lit":null,"service":null},"geometry":{"type":"LineString","coordinates":[[-0.4557973,51.4776036],[-0.4556194,51.477587],[-0.4554926,51.4775689],[-0.4553759,51.4775437],[-0.4552648,51.4775115],[-0.4551503,51.4774689],[-0.4550785,51.4774312],[-0.4550157,51.4773948],[-0.4549427,51.4773438],[-0.4548653,51.4772844],[-0.4548081,51.4772264],[-0.4547677,51.4771649],[-0.4547284,51.477095],[-0.4547116,51.4770328],[-0.4546936,51.4769524]]}},{"type":"Feature","properties":{"aeroway":"taxiway","osmType":"way","osmId":151571745,"ref":"A10E","name":null,"surface":null,"width":null,"lit":null,"service":null},"geometry":{"type":"LineString","coordinates":[[-0.4686544,51.4764477],[-0.4686823,51.4763735],[-0.4686869,51.4763227],[-0.4686902,51.4762692],[-0.4686889,51.4762583],[-0.4686785,51.4762131],[-0.4686587,51.476169],[-0.4686348,51.4761277],[-0.4685967,51.4760858],[-0.4685613,51.4760568],[-0.4685171,51.4760277],[-0.4684379,51.4759878],[-0.4683449,51.4759538],[-0.4682501,51.4759302],[-0.4681222,51.4759146]]}},{"type":"Feature","properties":{"aeroway":"taxiway","osmType":"way","osmId":151571751,"ref":"A10W","name":null,"surface":null,"width":null,"lit":null,"service":null},"geometry":{"type":"LineString","coordinates":[[-0.4709463,51.4768685],[-0.4710156,51.4770063],[-0.4710274,51.4770828],[-0.4710164,51.4771511],[-0.4709881,51.4772135],[-0.4709598,51.4772607],[-0.4709149,51.4773119],[-0.4708481,51.4773679],[-0.4707736,51.4774143],[-0.4706952,51.4774519],[-0.4706078,51.4774831],[-0.4704961,51.4775095],[-0.4704074,51.477524],[-0.4702931,51.477555]]}},{"type":"Feature","properties":{"aeroway":"taxiway","osmType":"way","osmId":151571755,"ref":null,"name":null,"surface":null,"width":null,"lit":null,"service":null},"geometry":{"type":"LineString","coordinates":[[-0.4741066,51.4749029],[-0.4740028,51.4749193],[-0.4739045,51.4749442],[-0.4738145,51.4749792],[-0.4737355,51.4750233],[-0.4736697,51.4750752],[-0.4736191,51.4751333],[-0.4735853,51.475196],[-0.4735682,51.4752681]]}},{"type":"Feature","properties":{"aeroway":"taxiway","osmType":"way","osmId":151571759,"ref":"Link 11","name":null,"surface":null,"width":null,"lit":null,"service":null},"geometry":{"type":"LineString","coordinates":[[-0.4581061,51.4751785],[-0.4579603,51.4751804],[-0.457837,51.4751881],[-0.4577329,51.4752115],[-0.4576387,51.4752433],[-0.4575393,51.4752982],[-0.4574888,51.4753437],[-0.4574574,51.4753856],[-0.4574361,51.4754303],[-0.4574192,51.4754974],[-0.4574201,51.4756134],[-0.4574203,51.4756428],[-0.4574439,51.4757113],[-0.4574753,51.4757602],[-0.4575236,51.4758098],[-0.4576167,51.4758692],[-0.4576706,51.4758944],[-0.4577536,51.4759202],[-0.4578154,51.4759328],[-0.4579183,51.4759526]]}},{"type":"Feature","properties":{"aeroway":"taxiway","osmType":"way","osmId":151571763,"ref":null,"name":null,"surface":null,"width":null,"lit":null,"service":null},"geometry":{"type":"LineString","coordinates":[[-0.4552528,51.4759574],[-0.4551454,51.4759773],[-0.4550444,51.4760003],[-0.4549558,51.476036],[-0.4548761,51.4760765],[-0.4548166,51.4761178],[-0.4547627,51.476166],[-0.4547268,51.4762142],[-0.4546988,51.4762729],[-0.4546819,51.4763316],[-0.4546573,51.4762687],[-0.4546326,51.4762142],[-0.4545933,51.4761688],[-0.4545551,51.4761303],[-0.4545046,51.4760933],[-0.4544205,51.4760458],[-0.4543453,51.4760164],[-0.4542611,51.4759947],[-0.4541826,51.4759787],[-0.4540565,51.4759613]]}},{"type":"Feature","properties":{"aeroway":"taxiway","osmType":"way","osmId":151571764,"ref":"A11","name":null,"surface":null,"width":null,"lit":null,"service":null},"geometry":{"type":"LineString","coordinates":[[-0.4738983,51.476155],[-0.4738994,51.4763128],[-0.4739011,51.4765711],[-0.4739029,51.4768358],[-0.473898,51.4769185],[-0.4738778,51.4769934],[-0.473824,51.4771012],[-0.4737624,51.4771803],[-0.4737028,51.4772396],[-0.4736364,51.4772906],[-0.4735845,51.4773241],[-0.4734988,51.4773715],[-0.4733805,51.4774224],[-0.4733045,51.4774511],[-0.4732276,51.4774781],[-0.4731323,51.4775057],[-0.4729858,51.477546]]}},{"type":"Feature","properties":{"aeroway":"taxiway","osmType":"way","osmId":151571765,"ref":"A10E","name":null,"surface":null,"width":null,"lit":null,"service":null},"geometry":{"type":"LineString","coordinates":[[-0.469305,51.4754253],[-0.4692981,51.4755045],[-0.4692745,51.4755693],[-0.4692232,51.4756425],[-0.4690903,51.4758298],[-0.4689458,51.4760335],[-0.4687747,51.4762776],[-0.4687085,51.47637],[-0.4686544,51.4764477],[-0.46861,51.4764969],[-0.4685464,51.4765432],[-0.4684794,51.4765862],[-0.4683724,51.4766302],[-0.4670286,51.4770753],[-0.4666174,51.4771897],[-0.4663092,51.4772619],[-0.4659868,51.4773329],[-0.4657048,51.4773875],[-0.4654344,51.4774401],[-0.4651622,51.4774688],[-0.4648829,51.4775],[-0.4645941,51.4775284],[-0.4643097,51.4775514],[-0.4640159,51.4775761]]}},{"type":"Feature","properties":{"aeroway":"taxiway","osmType":"way","osmId":151571766,"ref":"A12","name":null,"surface":null,"width":null,"lit":null,"service":null},"geometry":{"type":"LineString","coordinates":[[-0.4820834,51.4757792],[-0.4819245,51.4757969],[-0.4818348,51.4758235],[-0.4817717,51.4758484],[-0.481706,51.4758838],[-0.4816439,51.4759286],[-0.4816039,51.4759684],[-0.4815728,51.4760043],[-0.4815311,51.4760709],[-0.4815081,51.476135]]}},{"type":"Feature","properties":{"aeroway":"taxiway","osmType":"way","osmId":151571767,"ref":"A9W","name":null,"surface":null,"width":null,"lit":null,"service":null},"geometry":{"type":"LineString","coordinates":[[-0.4609299,51.4775864],[-0.4610749,51.4775655],[-0.4611924,51.4775503],[-0.46131,51.4775133],[-0.4613927,51.4774727],[-0.4614532,51.477427],[-0.46148,51.4774038],[-0.4615068,51.4773625],[-0.4615417,51.4773096],[-0.4615591,51.4772458],[-0.461551,51.4771899],[-0.4615312,51.4771276],[-0.461509,51.4770801],[-0.4608016,51.4764477],[-0.4606896,51.4763584]]}},{"type":"Feature","properties":{"aeroway":"taxiway","osmType":"way","osmId":151571768,"ref":"Link 12","name":null,"surface":null,"width":null,"lit":null,"service":null},"geometry":{"type":"LineString","coordinates":[[-0.4551309,51.4751],[-0.4550534,51.475114],[-0.4549715,51.4751336],[-0.4548907,51.4751678],[-0.4548312,51.4751965],[-0.4547863,51.4752321],[-0.4547425,51.4752719],[-0.4547111,51.4753125],[-0.454692,51.4753544],[-0.4546763,51.4754243]]}},{"type":"Feature","properties":{"aeroway":"taxiway","osmType":"way","osmId":151571769,"ref":"A9E","name":null,"surface":null,"width":null,"lit":null,"service":null},"geometry":{"type":"LineString","coordinates":[[-0.4599067,51.4763615],[-0.4596748,51.4765098],[-0.4589323,51.4770264],[-0.4587589,51.4771308],[-0.4586087,51.4772084],[-0.4584457,51.4772809],[-0.4582571,51.4773555],[-0.4580662,51.4774208],[-0.4578858,51.4774657],[-0.4576471,51.4775172],[-0.457483,51.4775419],[-0.4573037,51.4775622],[-0.4571501,51.4775767],[-0.4568794,51.4776]]}},{"type":"Feature","properties":{"aeroway":"taxiway","osmType":"way","osmId":151571770,"ref":"A13","name":null,"surface":null,"width":null,"lit":null,"service":null},"geometry":{"type":"LineString","coordinates":[[-0.4902948,51.4761749],[-0.4903557,51.4762703],[-0.4904045,51.4763916],[-0.4904226,51.4765099],[-0.4904567,51.4767879],[-0.4904549,51.4769228],[-0.4904153,51.4770535],[-0.4903362,51.4771659],[-0.4902393,51.4772603],[-0.4901279,51.4773401],[-0.4899721,51.4774147],[-0.4898254,51.4774621],[-0.4896606,51.4774876],[-0.4894255,51.4774783]]}},{"type":"Feature","properties":{"aeroway":"taxiway","osmType":"way","osmId":151571772,"ref":null,"name":null,"surface":null,"width":null,"lit":null,"service":null},"geometry":{"type":"LineString","coordinates":[[-0.4698332,51.4758725],[-0.46975,51.47585],[-0.4696589,51.4758364],[-0.4695393,51.4758264]]}},{"type":"Feature","properties":{"aeroway":"taxiway","osmType":"way","osmId":151571774,"ref":null,"name":null,"surface":null,"width":null,"lit":null,"service":null},"geometry":{"type":"LineString","coordinates":[[-0.4700121,51.4758274],[-0.4698887,51.4758131],[-0.4697856,51.4757903],[-0.4696905,51.4757526],[-0.4695892,51.4756962]]}},{"type":"Feature","properties":{"aeroway":"taxiway","osmType":"way","osmId":151571775,"ref":null,"name":null,"surface":null,"width":null,"lit":null,"service":null},"geometry":{"type":"LineString","coordinates":[[-0.4787475,51.4754331],[-0.4787744,51.4755136],[-0.4788198,51.4755808],[-0.4788712,51.4756291],[-0.4789337,51.4756743],[-0.4789982,51.4757082],[-0.4790929,51.4757415],[-0.4791665,51.4757597],[-0.4792771,51.4757909]]}},{"type":"Feature","properties":{"aeroway":"taxiway","osmType":"way","osmId":151571776,"ref":null,"name":null,"surface":null,"width":null,"lit":null,"service":null},"geometry":{"type":"LineString","coordinates":[[-0.4684598,51.4749404],[-0.4686018,51.4749104],[-0.4687059,51.4748714],[-0.4687971,51.4748282],[-0.4688626,51.4747793],[-0.4689166,51.4747257],[-0.4689477,51.4746787],[-0.4689718,51.4746188],[-0.4689757,51.4745258]]}},{"type":"Feature","properties":{"aeroway":"taxiway","osmType":"way","osmId":151571777,"ref":null,"name":null,"surface":null,"width":null,"lit":null,"service":null},"geometry":{"type":"LineString","coordinates":[[-0.4787475,51.4754331],[-0.4787241,51.4755143],[-0.4786616,51.4755971],[-0.478592,51.4756542],[-0.4785346,51.4756925],[-0.478459,51.4757264],[-0.4783703,51.4757559],[-0.4783058,51.4757685],[-0.4781965,51.4757966]]}},{"type":"Feature","properties":{"aeroway":"taxiway","osmType":"way","osmId":151571779,"ref":null,"name":null,"surface":null,"width":null,"lit":null,"service":null},"geometry":{"type":"LineString","coordinates":[[-0.4740885,51.475806],[-0.4740326,51.4757968],[-0.4739712,51.4757839],[-0.4739122,51.4757672],[-0.4738561,51.4757468],[-0.4738036,51.4757231],[-0.4737553,51.4756962],[-0.4737115,51.4756664],[-0.4736727,51.4756341],[-0.4736393,51.4755994],[-0.4736117,51.4755629],[-0.4735902,51.4755248],[-0.4735749,51.4754855],[-0.4735702,51.4754606]]}},{"type":"Feature","properties":{"aeroway":"taxiway","osmType":"way","osmId":151577326,"ref":"Taxiway B","name":null,"surface":null,"width":null,"lit":null,"service":null},"geometry":{"type":"LineString","coordinates":[[-0.4544504,51.4674895],[-0.4548647,51.4674883],[-0.4552024,51.4674874],[-0.4554478,51.4674867],[-0.455743,51.4674859],[-0.4560527,51.4674851],[-0.4562442,51.4674845],[-0.4567367,51.4674832],[-0.4567942,51.467483],[-0.4570156,51.4674824],[-0.4572192,51.4674818],[-0.4573428,51.4674815],[-0.458295,51.4674789],[-0.4583481,51.4674787],[-0.4588555,51.4674774],[-0.45928,51.4674762],[-0.4598457,51.4674746],[-0.4603611,51.4674732],[-0.4606751,51.4674723],[-0.4634094,51.4674647],[-0.4636776,51.467464],[-0.4642188,51.467468],[-0.4646879,51.4674715],[-0.4649413,51.4674764],[-0.4652166,51.4674756],[-0.467766,51.4674686],[-0.4681318,51.4674676],[-0.4686224,51.467464],[-0.4691043,51.4674605],[-0.4694582,51.4674595],[-0.4699108,51.4674583],[-0.4709955,51.467461],[-0.4719637,51.4674526],[-0.4726223,51.4674518],[-0.4729651,51.4674514],[-0.4734957,51.467448],[-0.4740135,51.4674446],[-0.4743217,51.4674431],[-0.4778474,51.4674255],[-0.4781377,51.4674241],[-0.4786859,51.4674226],[-0.4792023,51.4674211],[-0.4795001,51.4674203],[-0.4813161,51.4674153],[-0.481605,51.4674145],[-0.4827232,51.4674114],[-0.4828639,51.467411],[-0.4830417,51.4674105]]}},{"type":"Feature","properties":{"aeroway":"taxiway","osmType":"way","osmId":151577331,"ref":"Taxiway M","name":null,"surface":null,"width":null,"lit":null,"service":null},"geometry":{"type":"LineString","coordinates":[[-0.432945,51.473551],[-0.4327211,51.4737066],[-0.4323211,51.4739903],[-0.4321072,51.4741168],[-0.4317008,51.4743655],[-0.431173,51.4747029],[-0.4310932,51.4747542],[-0.4308199,51.474952],[-0.4307149,51.4750059],[-0.4306352,51.4750386],[-0.430536,51.4750719],[-0.430432,51.4750991],[-0.4303192,51.4751149],[-0.4302142,51.4751239],[-0.4300975,51.4751215],[-0.4299565,51.4751118]]}},{"type":"Feature","properties":{"aeroway":"taxiway","osmType":"way","osmId":151577332,"ref":null,"name":null,"surface":null,"width":null,"lit":null,"service":null},"geometry":{"type":"LineString","coordinates":[[-0.4308199,51.474952],[-0.4307596,51.4750143],[-0.4307139,51.4750791],[-0.4306984,51.4751451],[-0.4307052,51.4752087],[-0.4307285,51.4752772],[-0.4307557,51.4753111],[-0.4307829,51.475342],[-0.4308238,51.4753813]]}},{"type":"Feature","properties":{"aeroway":"taxiway","osmType":"way","osmId":151577340,"ref":null,"name":null,"surface":null,"width":null,"lit":null,"service":null},"geometry":{"type":"LineString","coordinates":[[-0.434818,51.4745434],[-0.4346595,51.4745292],[-0.4345506,51.4745044],[-0.4344699,51.4744699],[-0.4344047,51.4744354],[-0.4343406,51.4743881],[-0.4343085,51.4743572],[-0.4342725,51.4743179],[-0.4342433,51.4742609],[-0.4342181,51.4741998]]}},{"type":"Feature","properties":{"aeroway":"taxiway","osmType":"way","osmId":151577341,"ref":"Link 13","name":null,"surface":null,"width":null,"lit":null,"service":null},"geometry":{"type":"LineString","coordinates":[[-0.4517544,51.4754282],[-0.4517398,51.4753682],[-0.4517087,51.4753107],[-0.4516601,51.475258],[-0.4516115,51.4752132],[-0.4515551,51.4751835],[-0.4514744,51.475152],[-0.4513908,51.4751284],[-0.4513299,51.4751251],[-0.4512025,51.4751191]]}},{"type":"Feature","properties":{"aeroway":"taxiway","osmType":"way","osmId":151577342,"ref":"Link 13","name":null,"surface":null,"width":null,"lit":null,"service":null},"geometry":{"type":"LineString","coordinates":[[-0.451755,51.4756703],[-0.451735,51.4757224],[-0.4517048,51.4757727],[-0.4516523,51.4758278],[-0.4515989,51.4758653],[-0.4515327,51.4758992],[-0.4514734,51.4759235],[-0.4513801,51.4759501],[-0.4513082,51.4759616],[-0.4512213,51.4759702]]}},{"type":"Feature","properties":{"aeroway":"taxiway","osmType":"way","osmId":151577343,"ref":null,"name":null,"surface":null,"width":null,"lit":null,"service":null},"geometry":{"type":"LineString","coordinates":[[-0.4672697,51.4720409],[-0.4672378,51.4721226],[-0.467193,51.472182],[-0.4671522,51.4722226],[-0.467088,51.472271],[-0.4670248,51.4723031],[-0.4669548,51.4723328],[-0.4668732,51.472357],[-0.4668032,51.4723697],[-0.4667108,51.4723806]]}},{"type":"Feature","properties":{"aeroway":"taxiway","osmType":"way","osmId":151577344,"ref":"Taxiway K","name":null,"surface":null,"width":null,"lit":null,"service":null},"geometry":{"type":"LineString","coordinates":[[-0.4471239,51.4759845],[-0.4469963,51.4759667],[-0.4468961,51.4759455],[-0.446829,51.4759194],[-0.4467532,51.4758795],[-0.4467046,51.4758437],[-0.4466667,51.4758098],[-0.4466346,51.4757705],[-0.4466132,51.475725],[-0.4465938,51.4756657]]}},{"type":"Feature","properties":{"aeroway":"taxiway","osmType":"way","osmId":151577345,"ref":"Link 13","name":null,"surface":null,"width":null,"lit":null,"service":null},"geometry":{"type":"LineString","coordinates":[[-0.4522596,51.4759669],[-0.4521472,51.4759531],[-0.4520753,51.4759362],[-0.4520043,51.4759119],[-0.4519421,51.4758817],[-0.4518808,51.4758417],[-0.4518342,51.4757981],[-0.4517943,51.4757551],[-0.4517758,51.4757194],[-0.451755,51.4756703]]}},{"type":"Feature","properties":{"aeroway":"taxiway","osmType":"way","osmId":151577347,"ref":"A6","name":null,"surface":null,"width":null,"lit":null,"service":null},"geometry":{"type":"LineString","coordinates":[[-0.4478644,51.476307],[-0.4478491,51.4762439],[-0.4478222,51.476197],[-0.4477933,51.4761573],[-0.4477501,51.476117],[-0.4477033,51.4760846],[-0.4476473,51.4760561],[-0.4475903,51.4760317],[-0.4475294,51.4760114],[-0.4474642,51.4759973],[-0.44737,51.4759846]]}},{"type":"Feature","properties":{"aeroway":"taxiway","osmType":"way","osmId":151577348,"ref":null,"name":null,"surface":null,"width":null,"lit":null,"service":null},"geometry":{"type":"LineString","coordinates":[[-0.4337895,51.4768576],[-0.4336943,51.4768802],[-0.4336228,51.4768947],[-0.4335417,51.4769033],[-0.4334798,51.4769063],[-0.433398,51.4769042],[-0.4333031,51.4768952],[-0.4332234,51.4768806],[-0.4331237,51.4768545],[-0.4330646,51.4768335],[-0.4329951,51.4768014]]}},{"type":"Feature","properties":{"aeroway":"taxiway","osmType":"way","osmId":151577349,"ref":null,"name":null,"surface":null,"width":null,"lit":null,"service":null},"geometry":{"type":"LineString","coordinates":[[-0.4672733,51.4727189],[-0.4672514,51.4726592],[-0.467231,51.4726156],[-0.4671794,51.4725605],[-0.4671464,51.472529],[-0.4671094,51.4724975],[-0.4670569,51.4724733],[-0.4670015,51.4724479],[-0.4669364,51.472423],[-0.4668314,51.4723958],[-0.4667108,51.4723806]]}},{"type":"Feature","properties":{"aeroway":"taxiway","osmType":"way","osmId":151577350,"ref":null,"name":null,"surface":null,"width":null,"lit":null,"service":null},"geometry":{"type":"LineString","coordinates":[[-0.4325578,51.475746],[-0.432532,51.4757997],[-0.4325038,51.4758493],[-0.43246,51.4758917],[-0.4324085,51.4759317],[-0.4323667,51.4759541],[-0.4323181,51.4759771],[-0.4322656,51.4759941],[-0.4322092,51.4760062],[-0.4321537,51.4760146],[-0.4321168,51.4760183],[-0.4320478,51.4760207]]}},{"type":"Feature","properties":{"aeroway":"parking_position","osmType":"way","osmId":151577351,"ref":null,"name":null,"surface":null,"width":null,"lit":null,"service":null},"geometry":{"type":"LineString","coordinates":[[-0.4211238,51.4723992],[-0.420619,51.4732536],[-0.4205239,51.4734067],[-0.4203079,51.4739049],[-0.4203208,51.4741983]]}},{"type":"Feature","properties":{"aeroway":"taxiway","osmType":"way","osmId":151577352,"ref":"A2","name":null,"surface":null,"width":null,"lit":null,"service":null},"geometry":{"type":"LineString","coordinates":[[-0.4337895,51.4768576],[-0.4337308,51.4768892],[-0.4336689,51.4769401],[-0.4336448,51.4769637],[-0.4336263,51.4769894],[-0.4336118,51.4770202],[-0.4336022,51.4770497],[-0.4335988,51.4770793],[-0.4336022,51.4771358],[-0.4336098,51.4771547],[-0.4336283,51.4771846],[-0.4336531,51.4772137],[-0.4337019,51.47726]]}},{"type":"Feature","properties":{"aeroway":"taxiway","osmType":"way","osmId":151577353,"ref":"A7","name":null,"surface":null,"width":null,"lit":null,"service":null},"geometry":{"type":"LineString","coordinates":[[-0.4527617,51.4776138],[-0.4526222,51.4775869],[-0.4525055,51.4775657],[-0.4524005,51.4775372],[-0.4523023,51.4775057],[-0.4522109,51.4774718],[-0.4521467,51.4774397],[-0.4520816,51.4774016],[-0.4519999,51.4773507],[-0.4519416,51.477301],[-0.4518861,51.4772453],[-0.4518307,51.4771702],[-0.4517792,51.4770594],[-0.4517607,51.4769631]]}},{"type":"Feature","properties":{"aeroway":"taxiway","osmType":"way","osmId":151577354,"ref":null,"name":null,"surface":null,"width":null,"lit":null,"service":null},"geometry":{"type":"LineString","coordinates":[[-0.4686631,51.4720842],[-0.4686213,51.4721493],[-0.4685358,51.4722359],[-0.4684599,51.4722801],[-0.468387,51.4723177],[-0.4682946,51.4723455],[-0.4682013,51.4723643],[-0.4680895,51.4723758],[-0.4681867,51.4723849],[-0.4682956,51.4724049],[-0.4683802,51.4724333],[-0.468456,51.4724666],[-0.4685328,51.4725151],[-0.4685815,51.4725545],[-0.4686165,51.4725944],[-0.4686466,51.4726417],[-0.468672,51.4727038]]}},{"type":"Feature","properties":{"aeroway":"taxiway","osmType":"way","osmId":151577355,"ref":"A3","name":null,"surface":null,"width":null,"lit":null,"service":null},"geometry":{"type":"LineString","coordinates":[[-0.4365184,51.4759369],[-0.4360426,51.4759375],[-0.4359094,51.4759405],[-0.4358423,51.4759448],[-0.4357684,51.4759532],[-0.4356994,51.4759714],[-0.4355308,51.4760378],[-0.4353143,51.476184],[-0.4351857,51.4762631],[-0.4348075,51.4764644],[-0.4344551,51.4766368],[-0.4341427,51.476752],[-0.4339839,51.4767974],[-0.4337895,51.4768576]]}},{"type":"Feature","properties":{"aeroway":"taxiway","osmType":"way","osmId":151577356,"ref":"A6","name":null,"surface":null,"width":null,"lit":null,"service":null},"geometry":{"type":"LineString","coordinates":[[-0.4482696,51.4768306],[-0.4483158,51.4768932],[-0.448357,51.476962],[-0.4483734,51.4770171],[-0.4483846,51.4770747],[-0.4483791,51.4771436],[-0.4483619,51.477188],[-0.4483386,51.477245],[-0.4483145,51.4772967],[-0.4482756,51.4773478],[-0.4482392,51.4773874],[-0.4481956,51.4774252],[-0.4481489,51.4774573],[-0.4480575,51.4775118],[-0.4479671,51.4775451],[-0.447899,51.4775718],[-0.447795,51.4775972],[-0.4477046,51.4776087],[-0.4475797,51.4776312]]}},{"type":"Feature","properties":{"aeroway":"taxiway","osmType":"way","osmId":151577357,"ref":null,"name":null,"surface":null,"width":null,"lit":null,"service":null},"geometry":{"type":"LineString","coordinates":[[-0.4523263,51.4759667],[-0.4522425,51.475981],[-0.4521346,51.4760016],[-0.4520529,51.47603],[-0.4519683,51.4760749],[-0.45191,51.4761094],[-0.4518507,51.4761614],[-0.4518147,51.4762075],[-0.4517875,51.4762602],[-0.4517612,51.4763316],[-0.4517398,51.4762626],[-0.4517107,51.4762129],[-0.4516747,51.4761639],[-0.4516232,51.4761227],[-0.4515736,51.4760827],[-0.451523,51.4760518],[-0.451455,51.4760197],[-0.4513801,51.4759955],[-0.4512965,51.475978],[-0.4512213,51.4759702]]}},{"type":"Feature","properties":{"aeroway":"taxiway","osmType":"way","osmId":151577358,"ref":"A1","name":null,"surface":null,"width":null,"lit":null,"service":null},"geometry":{"type":"LineString","coordinates":[[-0.434537,51.4776749],[-0.4344134,51.4776574],[-0.4343344,51.4776394],[-0.4342725,51.477621],[-0.434201,51.477585],[-0.4341323,51.4775422],[-0.4338366,51.4773456],[-0.4337019,51.47726],[-0.4334028,51.477069],[-0.4331526,51.476902],[-0.4329951,51.4768014],[-0.4327655,51.4766515],[-0.4326878,51.4765997],[-0.4326493,51.4765663],[-0.4326135,51.4765329],[-0.4325832,51.4764919],[-0.4325595,51.4764483]]}},{"type":"Feature","properties":{"aeroway":"taxiway","osmType":"way","osmId":151577359,"ref":"A4","name":null,"surface":null,"width":null,"lit":null,"service":null},"geometry":{"type":"LineString","coordinates":[[-0.436899,51.4759351],[-0.4369914,51.4759425],[-0.4370746,51.4759592],[-0.4371475,51.4759793],[-0.4372121,51.4760054],[-0.4372795,51.4760393],[-0.4373283,51.4760722],[-0.4373791,51.4761103],[-0.4376627,51.476431],[-0.4377159,51.4764891],[-0.4381471,51.4769351],[-0.438574,51.477389],[-0.4386283,51.4774468],[-0.4386455,51.4774635],[-0.438682,51.4774943],[-0.4387273,51.4775303],[-0.4387913,51.4775658],[-0.4388353,51.4775885],[-0.4388848,51.4776031],[-0.4390154,51.477639],[-0.4391305,51.4776595]]}},{"type":"Feature","properties":{"aeroway":"taxiway","osmType":"way","osmId":151577360,"ref":"Taxiway K","name":null,"surface":null,"width":null,"lit":null,"service":null},"geometry":{"type":"LineString","coordinates":[[-0.447141,51.4751012],[-0.4469438,51.4751512],[-0.4467841,51.4752199],[-0.4466705,51.4753179],[-0.4466254,51.4753875],[-0.4466031,51.4754625],[-0.4466006,51.4755184],[-0.4465938,51.4756657],[-0.4465782,51.4757232],[-0.44655,51.4757777],[-0.4465072,51.475831],[-0.4464469,51.4758795],[-0.4463847,51.4759164],[-0.4463312,51.475937],[-0.4462544,51.4759618],[-0.4462029,51.4759727],[-0.446079,51.4759865]]}},{"type":"Feature","properties":{"aeroway":"taxiway","osmType":"way","osmId":151577361,"ref":null,"name":null,"surface":null,"width":null,"lit":null,"service":null},"geometry":{"type":"LineString","coordinates":[[-0.4672733,51.4727189],[-0.4672912,51.4726617],[-0.4673117,51.4726223],[-0.4673428,51.4725799],[-0.4673758,51.4725448],[-0.4674293,51.4725078],[-0.4674925,51.4724703],[-0.4675518,51.4724424],[-0.4676277,51.4724146],[-0.4676957,51.472394],[-0.4677641,51.4723794],[-0.4677122,51.4723655],[-0.4676325,51.4723485],[-0.4675664,51.4723261],[-0.4674876,51.4722892],[-0.4674371,51.4722583],[-0.4673953,51.4722274],[-0.4673535,51.4721929],[-0.4673194,51.4721493],[-0.467298,51.4721154],[-0.4672697,51.4720409]]}},{"type":"Feature","properties":{"aeroway":"taxiway","osmType":"way","osmId":151577362,"ref":"Link 13","name":null,"surface":null,"width":null,"lit":null,"service":null},"geometry":{"type":"LineString","coordinates":[[-0.4522308,51.4751141],[-0.4521567,51.4751195],[-0.4520694,51.4751345],[-0.4519732,51.4751696],[-0.4518954,51.4752144],[-0.4518478,51.4752514],[-0.4517972,51.4753083],[-0.4517671,51.4753664],[-0.4517544,51.4754282]]}},{"type":"Feature","properties":{"aeroway":"taxiway","osmType":"way","osmId":151577363,"ref":"A6","name":null,"surface":null,"width":null,"lit":null,"service":null},"geometry":{"type":"LineString","coordinates":[[-0.4483734,51.4759804],[-0.4482685,51.4759991],[-0.4481878,51.4760215],[-0.4480925,51.4760548],[-0.4480109,51.4760971],[-0.447955,51.4761421],[-0.4479175,51.4761881],[-0.4478847,51.476248],[-0.4478644,51.476307],[-0.447867,51.476336],[-0.44787,51.4763681],[-0.4478788,51.4764091],[-0.4478936,51.4764542],[-0.4479278,51.476512],[-0.4479716,51.4765572],[-0.4482696,51.4768306],[-0.4487916,51.4772714],[-0.4488645,51.477332],[-0.4489423,51.4773822],[-0.4490143,51.4774234],[-0.4491338,51.4774803],[-0.4492282,51.4775161],[-0.4493468,51.4775506],[-0.4494693,51.4775784],[-0.4496151,51.4776015],[-0.4498074,51.4776237]]}},{"type":"Feature","properties":{"aeroway":"taxiway","osmType":"way","osmId":151577364,"ref":"A2","name":null,"surface":null,"width":null,"lit":null,"service":null},"geometry":{"type":"LineString","coordinates":[[-0.4347917,51.4776741],[-0.4346877,51.4776546],[-0.4345759,51.4776255],[-0.4344689,51.4775832],[-0.4344154,51.4775505],[-0.4343727,51.477522],[-0.434324,51.4774748],[-0.4342939,51.4774293],[-0.4342686,51.477387],[-0.434256,51.4773555],[-0.4342482,51.4773137],[-0.4342453,51.4772531],[-0.4342399,51.4769067],[-0.4342334,51.4765265],[-0.4342339,51.4760293]]}},{"type":"Feature","properties":{"aeroway":"taxiway","osmType":"way","osmId":151577366,"ref":null,"name":null,"surface":null,"width":null,"lit":null,"service":null},"geometry":{"type":"LineString","coordinates":[[-0.4209103,51.4743657],[-0.4207388,51.4743755],[-0.4205059,51.4744445],[-0.4200822,51.4745915]]}},{"type":"Feature","properties":{"aeroway":"taxiway","osmType":"way","osmId":151577367,"ref":"A5","name":null,"surface":null,"width":null,"lit":null,"service":null},"geometry":{"type":"LineString","coordinates":[[-0.4471156,51.4776327],[-0.4468501,51.4775936],[-0.4464719,51.4775488],[-0.4461783,51.4775143],[-0.4458224,51.4774616],[-0.4455852,51.4774234],[-0.4453518,51.477381],[-0.4451894,51.4773465],[-0.4448433,51.4772599],[-0.4445409,51.4771842],[-0.443909,51.4769983],[-0.4431204,51.4767779],[-0.4426285,51.4766344],[-0.4425371,51.4765993],[-0.4424603,51.4765538],[-0.4423971,51.4765024],[-0.4423582,51.4764624],[-0.442328,51.4764184],[-0.4423125,51.4763758],[-0.4423018,51.476328],[-0.4422991,51.4762733],[-0.4422833,51.4762105],[-0.4422541,51.4761572],[-0.4422172,51.4761039],[-0.442152,51.4760512],[-0.4420937,51.4760125],[-0.4420169,51.4759773],[-0.4419381,51.4759489],[-0.4418633,51.4759337],[-0.4417355,51.4759139]]}},{"type":"Feature","properties":{"aeroway":"taxiway","osmType":"way","osmId":151577368,"ref":"Link 25","name":null,"surface":null,"width":null,"lit":null,"service":null},"geometry":{"type":"LineString","coordinates":[[-0.4364128,51.4714598],[-0.4360875,51.4714659],[-0.4359776,51.4714892],[-0.4359289,51.4715056],[-0.4357927,51.4715516]]}},{"type":"Feature","properties":{"aeroway":"taxiway","osmType":"way","osmId":151577370,"ref":"Taxiway B","name":null,"surface":null,"width":null,"lit":null,"service":null},"geometry":{"type":"LineString","coordinates":[[-0.4533662,51.4674955],[-0.4523336,51.4674978],[-0.4518234,51.467499],[-0.4512433,51.4675006],[-0.4511261,51.4675008],[-0.4504475,51.4675032],[-0.4501968,51.4675041],[-0.4497957,51.4675051],[-0.4495515,51.4675058],[-0.449042,51.4675071],[-0.4489891,51.4675072],[-0.4488622,51.4675076],[-0.4483849,51.4675092]]}},{"type":"Feature","properties":{"aeroway":"taxiway","osmType":"way","osmId":151577371,"ref":null,"name":null,"surface":null,"width":null,"lit":null,"service":null},"geometry":{"type":"LineString","coordinates":[[-0.4406174,51.4746879],[-0.4405763,51.4748038],[-0.4404931,51.4748907],[-0.440414,51.4749399],[-0.44028,51.4749982],[-0.4402085,51.4750179],[-0.4400259,51.4750466]]}},{"type":"Feature","properties":{"aeroway":"taxiway","osmType":"way","osmId":151577372,"ref":null,"name":null,"surface":null,"width":null,"lit":null,"service":null},"geometry":{"type":"LineString","coordinates":[[-0.4186026,51.4706982],[-0.4185245,51.4706689],[-0.4183823,51.4706388],[-0.4182906,51.4706322],[-0.4182178,51.4706312],[-0.418154,51.4706359]]}},{"type":"Feature","properties":{"aeroway":"taxiway","osmType":"way","osmId":151577373,"ref":null,"name":null,"surface":null,"width":null,"lit":null,"service":null},"geometry":{"type":"LineString","coordinates":[[-0.4411945,51.475043],[-0.4410147,51.4750665],[-0.440874,51.4751048],[-0.440765,51.4751727],[-0.4406812,51.4752458],[-0.4406435,51.4753215],[-0.4406181,51.4754635]]}},{"type":"Feature","properties":{"aeroway":"taxiway","osmType":"way","osmId":151577375,"ref":"Link 21","name":null,"surface":null,"width":null,"lit":null,"service":null},"geometry":{"type":"LineString","coordinates":[[-0.4332459,51.4746654],[-0.4333245,51.4746225],[-0.4333761,51.4745995],[-0.433447,51.4745753],[-0.4335307,51.4745577],[-0.4335939,51.4745468],[-0.4336697,51.4745438],[-0.4337883,51.474545],[-0.434818,51.4745434]]}},{"type":"Feature","properties":{"aeroway":"taxiway","osmType":"way","osmId":151577376,"ref":"Link 25","name":null,"surface":null,"width":null,"lit":null,"service":null},"geometry":{"type":"LineString","coordinates":[[-0.4375367,51.471835],[-0.437509,51.4717097],[-0.4374467,51.4716246],[-0.4373339,51.4715519],[-0.4372313,51.4715075],[-0.4371084,51.4714719],[-0.4369734,51.4714589]]}},{"type":"Feature","properties":{"aeroway":"taxiway","osmType":"way","osmId":151577377,"ref":"Taxiway M","name":null,"surface":null,"width":null,"lit":null,"service":null},"geometry":{"type":"LineString","coordinates":[[-0.4299565,51.4751118],[-0.4297967,51.4750828],[-0.4296686,51.4750596],[-0.4292939,51.4749908],[-0.4290114,51.4749399],[-0.4288873,51.4749164],[-0.4283038,51.4748057],[-0.4281906,51.4747842],[-0.4277048,51.4746921],[-0.4275415,51.474659],[-0.427481,51.4746496],[-0.427411,51.4746406],[-0.4273079,51.4746345],[-0.4270365,51.4746051],[-0.4269077,51.4746016],[-0.4266753,51.4745646],[-0.4265752,51.4745434],[-0.4262547,51.4744871],[-0.4261496,51.4744687],[-0.4258925,51.4744358],[-0.4256621,51.4744107],[-0.4255811,51.4744019],[-0.4252896,51.4743797],[-0.4250022,51.4743617],[-0.4248912,51.4743596],[-0.424622,51.4743544],[-0.4240679,51.474354],[-0.4237599,51.4743591],[-0.4233674,51.474364],[-0.4231078,51.4743642],[-0.4227322,51.4743644],[-0.4211538,51.4743692],[-0.4209103,51.4743657],[-0.4207868,51.4743583],[-0.4206752,51.4743386],[-0.4205505,51.4743043],[-0.4204444,51.4742571],[-0.4203208,51.4741983],[-0.4198309,51.4740319],[-0.4197488,51.4739983],[-0.4196708,51.4739802],[-0.4195992,51.473967],[-0.4195241,51.4739602],[-0.4193647,51.4739647],[-0.4185209,51.4739829],[-0.4183882,51.4739482],[-0.4182782,51.4739195],[-0.4182246,51.4738925],[-0.4181146,51.4738373],[-0.4179558,51.4737452],[-0.4177372,51.4735983],[-0.417502,51.4734219],[-0.4171377,51.4731435],[-0.416862,51.4729397],[-0.4164962,51.4726691],[-0.4162556,51.4724883],[-0.4160885,51.4723564],[-0.4159407,51.4722233],[-0.4158795,51.4721505],[-0.4158266,51.4720425],[-0.4158238,51.4719929],[-0.4158293,51.4719595],[-0.4158452,51.4719256],[-0.4158733,51.4718807],[-0.415905,51.4718425],[-0.4159448,51.4718036],[-0.4159875,51.4717753],[-0.4160425,51.4717419],[-0.4162597,51.471625],[-0.418154,51.4706359]]}},{"type":"Feature","properties":{"aeroway":"taxiway","osmType":"way","osmId":151583952,"ref":"Taxiway S","name":null,"surface":null,"width":null,"lit":null,"service":null},"geometry":{"type":"LineString","coordinates":[[-0.4872311,51.4632042],[-0.4871288,51.463092],[-0.4870516,51.4630258],[-0.4869587,51.4629553],[-0.4867945,51.4628485],[-0.4865514,51.4627284],[-0.4862824,51.4626299],[-0.4860324,51.4625637],[-0.4857561,51.4625195],[-0.4853538,51.4624899],[-0.4789139,51.4625137],[-0.478789,51.4625169],[-0.4786674,51.4625393],[-0.4785587,51.4625738],[-0.477717,51.4628766],[-0.4763969,51.4633451],[-0.4763082,51.4633668],[-0.4762103,51.4633806],[-0.4761196,51.4633838],[-0.4755011,51.4633862],[-0.4743208,51.4633886],[-0.4742159,51.4633803],[-0.4739078,51.4633268],[-0.4735043,51.4632505],[-0.4733399,51.4632228],[-0.4732456,51.4632107],[-0.4731557,51.4632098],[-0.4721426,51.4632134],[-0.4719182,51.4632137],[-0.4690993,51.463223],[-0.4683898,51.4632242],[-0.4676838,51.4632279],[-0.4671698,51.4632172],[-0.4670959,51.4632175],[-0.4660444,51.4632213],[-0.4658565,51.463222],[-0.4650011,51.4632252],[-0.4649074,51.4632255],[-0.4638853,51.4632289],[-0.4628312,51.4632324],[-0.4617663,51.4632359],[-0.4606854,51.4632395],[-0.4602492,51.4632409],[-0.4596179,51.4632429],[-0.458705,51.4632459],[-0.458545,51.4632465],[-0.4577879,51.4632446],[-0.4570734,51.4632427],[-0.4569001,51.4632391],[-0.456618,51.4632237],[-0.456182,51.4631842],[-0.4556172,51.4631552],[-0.454848,51.4631579],[-0.4545718,51.4631596],[-0.4534717,51.4631666],[-0.4526487,51.463169],[-0.4516356,51.4631717],[-0.4511967,51.4631729],[-0.4500385,51.4631761],[-0.4492261,51.4631807],[-0.4481599,51.4631826],[-0.4477501,51.4631824],[-0.4474751,51.4631848],[-0.4466091,51.4631861],[-0.4464517,51.4631989],[-0.4463307,51.46323]]}},{"type":"Feature","properties":{"aeroway":"taxiway","osmType":"way","osmId":151583953,"ref":"Taxiway T","name":null,"surface":null,"width":null,"lit":null,"service":null},"geometry":{"type":"LineString","coordinates":[[-0.4533035,51.4582857],[-0.4533205,51.458102],[-0.4533209,51.4579576],[-0.4533121,51.4578058],[-0.4532693,51.457655],[-0.4532147,51.4575382],[-0.4530877,51.4573662],[-0.452946,51.4572218],[-0.4528088,51.4571161],[-0.4526745,51.4570333],[-0.4524973,51.4569478],[-0.4522273,51.4568509],[-0.4520613,51.4568069],[-0.4519471,51.4567828],[-0.4517483,51.4567501],[-0.4515286,51.456731],[-0.4513494,51.4567276],[-0.4511595,51.4567344],[-0.4500989,51.456785],[-0.4500238,51.4567903],[-0.4499454,51.4568034],[-0.4498781,51.4568188],[-0.44982,51.4568393],[-0.4497662,51.4568585],[-0.4488733,51.457178],[-0.4480081,51.4574876],[-0.4477536,51.4575787]]}},{"type":"Feature","properties":{"aeroway":"taxiway","osmType":"way","osmId":151583954,"ref":"Taxiway V","name":null,"surface":null,"width":null,"lit":null,"service":null},"geometry":{"type":"LineString","coordinates":[[-0.4440629,51.4601616],[-0.443974,51.4602902],[-0.443852,51.4604665],[-0.4436431,51.4607686],[-0.4434329,51.4610725],[-0.443169,51.4614539],[-0.4430223,51.4616661],[-0.4429754,51.4617338],[-0.4429331,51.4617951],[-0.4426067,51.462267],[-0.4425937,51.4622858],[-0.4424226,51.462533],[-0.4422047,51.4628481]]}},{"type":"Feature","properties":{"aeroway":"taxiway","osmType":"way","osmId":151583955,"ref":"Taxiway W","name":null,"surface":null,"width":null,"lit":null,"service":null},"geometry":{"type":"LineString","coordinates":[[-0.4532221,51.4606108],[-0.4532374,51.460484],[-0.453256,51.4598251],[-0.4532569,51.4597944],[-0.4532601,51.4597088],[-0.4532769,51.4592682],[-0.4532763,51.4590908],[-0.453276,51.459024],[-0.4532984,51.4584235],[-0.4533004,51.4583684],[-0.4533035,51.4582857]]}},{"type":"Feature","properties":{"aeroway":"taxiway","osmType":"way","osmId":151583956,"ref":"Taxiway Z","name":null,"surface":null,"width":null,"lit":null,"service":null},"geometry":{"type":"LineString","coordinates":[[-0.472634,51.4629134],[-0.4726179,51.4629583],[-0.4725902,51.4630051],[-0.4725513,51.4630511],[-0.4725117,51.4630871],[-0.4724484,51.4631287],[-0.4723769,51.4631624],[-0.4722765,51.4631945],[-0.4721426,51.4632134]]}},{"type":"Feature","properties":{"aeroway":"taxiway","osmType":"way","osmId":151583957,"ref":"Taxiway Z","name":null,"surface":null,"width":null,"lit":null,"service":null},"geometry":{"type":"LineString","coordinates":[[-0.4731557,51.4632098],[-0.4730266,51.4631976],[-0.4729195,51.4631715],[-0.4728284,51.4631328],[-0.4727509,51.4630818],[-0.4726965,51.4630297],[-0.4726587,51.4629753],[-0.472634,51.4629134]]}},{"type":"Feature","properties":{"aeroway":"taxiway","osmType":"way","osmId":151583958,"ref":"N5W","name":null,"surface":null,"width":null,"lit":null,"service":null},"geometry":{"type":"LineString","coordinates":[[-0.4600495,51.4648605],[-0.4598417,51.4648895],[-0.4595871,51.4649461],[-0.4594556,51.4649884],[-0.4593105,51.4650469],[-0.4591769,51.465123],[-0.4590798,51.4651841],[-0.4589995,51.4652485],[-0.4589191,51.4653213],[-0.4588732,51.4653902],[-0.4588273,51.4654656],[-0.4588043,51.4655261],[-0.4587949,51.4655807],[-0.4587939,51.4656399],[-0.4588033,51.4657023],[-0.4588242,51.4657569],[-0.4588482,51.4658063],[-0.4588669,51.4658369],[-0.4589456,51.4659308]]}},{"type":"Feature","properties":{"aeroway":"taxiway","osmType":"way","osmId":151583981,"ref":"N8","name":null,"surface":null,"width":null,"lit":null,"service":null},"geometry":{"type":"LineString","coordinates":[[-0.4821399,51.4662287],[-0.4821837,51.4662864],[-0.4822395,51.46634],[-0.4823064,51.4663884],[-0.4823831,51.4664307],[-0.4824682,51.4664663],[-0.4825603,51.4664944],[-0.4826575,51.4665179]]}},{"type":"Feature","properties":{"aeroway":"taxiway","osmType":"way","osmId":151583982,"ref":"Link 33","name":null,"surface":null,"width":null,"lit":null,"service":null},"geometry":{"type":"LineString","coordinates":[[-0.4557237,51.4669596],[-0.4557002,51.4668792],[-0.4556667,51.4668246],[-0.455609,51.4667705],[-0.4555546,51.46673],[-0.4554771,51.4666835],[-0.4553667,51.4666396],[-0.4552486,51.4666157]]}},{"type":"Feature","properties":{"aeroway":"taxiway","osmType":"way","osmId":151583983,"ref":"N10","name":null,"surface":null,"width":null,"lit":null,"service":null},"geometry":{"type":"LineString","coordinates":[[-0.4846761,51.4661828],[-0.4846398,51.4662633],[-0.484591,51.4663255],[-0.4845299,51.466384],[-0.4844593,51.4664241],[-0.4843694,51.4664682],[-0.4842967,51.466491],[-0.4841511,51.4665126]]}},{"type":"Feature","properties":{"aeroway":"taxiway","osmType":"way","osmId":151583986,"ref":"Taxiway R","name":null,"surface":null,"width":null,"lit":null,"service":null},"geometry":{"type":"LineString","coordinates":[[-0.4598398,51.4671342],[-0.4598642,51.4671901],[-0.4598893,51.467237],[-0.4599174,51.4672779],[-0.4599572,51.4673156],[-0.4599956,51.4673469],[-0.4600642,51.4673869],[-0.4601528,51.467425],[-0.4602539,51.467454],[-0.4603611,51.4674732]]}},{"type":"Feature","properties":{"aeroway":"taxiway","osmType":"way","osmId":151583987,"ref":"N8","name":null,"surface":null,"width":null,"lit":null,"service":null},"geometry":{"type":"LineString","coordinates":[[-0.481599,51.4665217],[-0.4816903,51.4665046],[-0.4817779,51.4664838],[-0.48186,51.4664557],[-0.4819351,51.4664209],[-0.4820019,51.4663799],[-0.4820589,51.4663336],[-0.4821053,51.4662829],[-0.4821399,51.4662287]]}},{"type":"Feature","properties":{"aeroway":"taxiway","osmType":"way","osmId":151583988,"ref":"N7","name":null,"surface":null,"width":null,"lit":null,"service":null},"geometry":{"type":"LineString","coordinates":[[-0.4749531,51.4661997],[-0.4749368,51.4662518],[-0.4749094,51.466302],[-0.4748715,51.4663495],[-0.4748236,51.4663934],[-0.4747667,51.4664329],[-0.4747018,51.4664673],[-0.4746301,51.4664959],[-0.4745528,51.4665183],[-0.4744715,51.466534],[-0.4743875,51.4665474]]}},{"type":"Feature","properties":{"aeroway":"taxiway","osmType":"way","osmId":151583989,"ref":null,"name":null,"surface":null,"width":null,"lit":null,"service":null},"geometry":{"type":"LineString","coordinates":[[-0.4613935,51.4759432],[-0.4612415,51.4759201],[-0.461122,51.4758804],[-0.4610325,51.475842],[-0.4609672,51.4757973],[-0.4609267,51.4757526],[-0.4608856,51.4757053],[-0.4608563,51.4756513],[-0.4608412,51.4755779]]}},{"type":"Feature","properties":{"aeroway":"taxiway","osmType":"way","osmId":151583990,"ref":null,"name":null,"surface":null,"width":null,"lit":null,"service":null},"geometry":{"type":"LineString","coordinates":[[-0.4421978,51.4632715],[-0.4420584,51.4632843],[-0.4419609,51.463308],[-0.4418653,51.4633427],[-0.4417806,51.463385],[-0.4417103,51.4634363]]}},{"type":"Feature","properties":{"aeroway":"taxiway","osmType":"way","osmId":151583991,"ref":"N1","name":null,"surface":null,"width":null,"lit":null,"service":null},"geometry":{"type":"LineString","coordinates":[[-0.4343749,51.4661869],[-0.4343724,51.465922],[-0.4343679,51.4654383],[-0.4343593,51.4653017],[-0.43437,51.4650703],[-0.4343953,51.4649453]]}},{"type":"Feature","properties":{"aeroway":"taxiway","osmType":"way","osmId":151583992,"ref":"S6","name":null,"surface":null,"width":null,"lit":null,"service":null},"geometry":{"type":"LineString","coordinates":[[-0.4677386,51.4636152],[-0.4677271,51.4635314],[-0.4677054,51.4634757],[-0.467672,51.4634195],[-0.4676224,51.4633688],[-0.4675576,51.4633219],[-0.4674824,51.4632792],[-0.4673974,51.4632497],[-0.4673003,51.4632289],[-0.4671698,51.4632172]]}},{"type":"Feature","properties":{"aeroway":"taxiway","osmType":"way","osmId":151583993,"ref":"N5W","name":null,"surface":null,"width":null,"lit":null,"service":null},"geometry":{"type":"LineString","coordinates":[[-0.4590416,51.4660235],[-0.4591227,51.4661419],[-0.4591436,51.466211],[-0.459129,51.4663079],[-0.4590935,51.4663696],[-0.4590549,51.4664145],[-0.4589871,51.4664691],[-0.4589224,51.4665094],[-0.4588253,51.4665484],[-0.4587617,51.4665692],[-0.4586917,51.4665836],[-0.4585968,51.4666038]]}},{"type":"Feature","properties":{"aeroway":"taxiway","osmType":"way","osmId":151583994,"ref":"S7","name":null,"surface":null,"width":null,"lit":null,"service":null},"geometry":{"type":"LineString","coordinates":[[-0.4749271,51.4644344],[-0.4749189,51.4644791],[-0.4749044,51.4645215],[-0.4748824,51.4645625],[-0.474853,51.4646018],[-0.4748168,51.4646388],[-0.4747741,51.4646729],[-0.4747255,51.4647039],[-0.4746716,51.4647312],[-0.4746141,51.4647556],[-0.4745257,51.4647854],[-0.4744653,51.4647996],[-0.4743892,51.4648087],[-0.4738201,51.4648121],[-0.4738199,51.4648182]]}},{"type":"Feature","properties":{"aeroway":"taxiway","osmType":"way","osmId":151583995,"ref":"Link 51","name":null,"surface":null,"width":null,"lit":null,"service":null},"geometry":{"type":"LineString","coordinates":[[-0.4821531,51.466897],[-0.4821451,51.4668413],[-0.4821243,51.4667868],[-0.4820912,51.4667348],[-0.4820464,51.4666863],[-0.4819908,51.4666424],[-0.4819257,51.4666038],[-0.4818524,51.4665715],[-0.4817724,51.4665461],[-0.4816873,51.4665282],[-0.481599,51.4665217]]}},{"type":"Feature","properties":{"aeroway":"taxiway","osmType":"way","osmId":151583996,"ref":"Link 33","name":null,"surface":null,"width":null,"lit":null,"service":null},"geometry":{"type":"LineString","coordinates":[[-0.4562442,51.4674845],[-0.4560899,51.4674581],[-0.4559755,51.4674193],[-0.4558955,51.4673747],[-0.4558245,51.4673177],[-0.4557741,51.46726],[-0.4557477,51.4672146],[-0.4557228,51.4671357]]}},{"type":"Feature","properties":{"aeroway":"taxiway","osmType":"way","osmId":151583997,"ref":"Taxiway F","name":null,"surface":null,"width":null,"lit":null,"service":null},"geometry":{"type":"LineString","coordinates":[[-0.4649413,51.4674764],[-0.4648073,51.4674955],[-0.4646971,51.4675317],[-0.4646019,51.467579],[-0.4645498,51.4676163],[-0.4645093,51.4676542],[-0.4644766,51.4677059],[-0.4644581,51.4677526],[-0.4644484,51.4678267],[-0.4644546,51.4678844],[-0.4644784,51.4679361],[-0.464506,51.4679781]]}},{"type":"Feature","properties":{"aeroway":"taxiway","osmType":"way","osmId":151583998,"ref":"N8","name":null,"surface":null,"width":null,"lit":null,"service":null},"geometry":{"type":"LineString","coordinates":[[-0.4827212,51.4647855],[-0.4826399,51.4647971],[-0.4825603,51.4648089],[-0.4824839,51.4648272],[-0.4824121,51.4648516],[-0.4823462,51.4648818],[-0.4822873,51.4649172],[-0.4822365,51.4649571],[-0.4821946,51.4650009],[-0.4821625,51.4650478],[-0.4821407,51.4650969],[-0.4821275,51.4651475]]}},{"type":"Feature","properties":{"aeroway":"taxiway","osmType":"way","osmId":151583999,"ref":"Link 30","name":null,"surface":null,"width":null,"lit":null,"service":null},"geometry":{"type":"LineString","coordinates":[[-0.4484062,51.4669988],[-0.4483922,51.4669407],[-0.4483797,51.4669042],[-0.4483557,51.4668646],[-0.448316,51.4668152],[-0.4482753,51.4667827],[-0.4482346,51.4667482],[-0.4481751,51.4667164],[-0.4481209,51.4666942],[-0.4480635,51.4666734],[-0.4479904,51.4666539],[-0.447882,51.466642]]}},{"type":"Feature","properties":{"aeroway":"taxiway","osmType":"way","osmId":151584000,"ref":"Link 30","name":null,"surface":null,"width":null,"lit":null,"service":null},"geometry":{"type":"LineString","coordinates":[[-0.4489315,51.4666383],[-0.4487965,51.4666587],[-0.4486995,51.4666867],[-0.4486327,51.4667147],[-0.4485607,51.4667589],[-0.4485064,51.4668031],[-0.4484605,51.4668551],[-0.4484323,51.4669006],[-0.4484177,51.466939],[-0.4484062,51.4669988],[-0.4484063,51.4671001],[-0.4484065,51.4672177]]}},{"type":"Feature","properties":{"aeroway":"taxiway","osmType":"way","osmId":151584001,"ref":"Taxiway R","name":null,"surface":null,"width":null,"lit":null,"service":null},"geometry":{"type":"LineString","coordinates":[[-0.4603611,51.4674732],[-0.4602297,51.4674988],[-0.4601106,51.4675413],[-0.4599993,51.4676005],[-0.4599225,51.4676679],[-0.4598744,51.4677412],[-0.4598518,51.4678278],[-0.4598188,51.4677417],[-0.4597688,51.4676698],[-0.4596926,51.467605],[-0.4596019,51.467553],[-0.4594682,51.4675031],[-0.45928,51.4674762]]}},{"type":"Feature","properties":{"aeroway":"taxiway","osmType":"way","osmId":151584002,"ref":"N5E","name":null,"surface":null,"width":null,"lit":null,"service":null},"geometry":{"type":"LineString","coordinates":[[-0.4569576,51.4666097],[-0.4568357,51.4665795],[-0.4567481,51.4665488],[-0.4566871,51.4665157],[-0.456627,51.4664743],[-0.4565803,51.4664267],[-0.4565402,51.4663657],[-0.4565238,51.4663066],[-0.4565242,51.4662434],[-0.4565341,51.466192],[-0.4565599,51.4661291],[-0.4565849,51.466039]]}},{"type":"Feature","properties":{"aeroway":"taxiway","osmType":"way","osmId":151584003,"ref":"N5W","name":null,"surface":null,"width":null,"lit":null,"service":null},"geometry":{"type":"LineString","coordinates":[[-0.4581283,51.465194],[-0.4579758,51.4650993],[-0.4578332,51.4650283],[-0.4577038,51.4649813],[-0.4575012,51.4649309],[-0.4573143,51.4648991],[-0.4571013,51.4648878],[-0.4566395,51.4648903],[-0.4566398,51.464876]]}},{"type":"Feature","properties":{"aeroway":"taxiway","osmType":"way","osmId":151584004,"ref":"Taxiway F","name":null,"surface":null,"width":null,"lit":null,"service":null},"geometry":{"type":"LineString","coordinates":[[-0.4680907,51.4749458],[-0.4679748,51.4749223],[-0.4679039,51.4748967],[-0.4678235,51.4748687],[-0.4677424,51.4748233],[-0.4676882,51.4747833],[-0.4676464,51.474746],[-0.4676071,51.4747031],[-0.467609,51.4747759],[-0.4675909,51.4748586],[-0.4675472,51.474925],[-0.4675283,51.4749469],[-0.4675079,51.4749705],[-0.4674523,51.4750277]]}},{"type":"Feature","properties":{"aeroway":"taxiway","osmType":"way","osmId":151584006,"ref":"N8","name":null,"surface":null,"width":null,"lit":null,"service":null},"geometry":{"type":"LineString","coordinates":[[-0.4821275,51.4651475],[-0.4821149,51.4650922],[-0.4820891,51.4650388],[-0.4820509,51.4649883],[-0.482001,51.464942],[-0.4819405,51.4649008],[-0.4818709,51.4648657],[-0.4817936,51.4648375],[-0.4817104,51.4648167],[-0.4816232,51.4648039],[-0.4815339,51.4647994],[-0.4810752,51.4647939]]}},{"type":"Feature","properties":{"aeroway":"taxiway","osmType":"way","osmId":151584007,"ref":null,"name":null,"surface":null,"width":null,"lit":null,"service":null},"geometry":{"type":"LineString","coordinates":[[-0.4427363,51.4632727],[-0.442595,51.4632579],[-0.4424964,51.4632332],[-0.4424109,51.4632035],[-0.4423387,51.463163],[-0.442287,51.4631185],[-0.4422421,51.4630655],[-0.4422119,51.4630134],[-0.4421993,51.462969],[-0.4421951,51.4629193],[-0.4422047,51.4628481]]}},{"type":"Feature","properties":{"aeroway":"taxiway","osmType":"way","osmId":151584009,"ref":"N4E","name":null,"surface":null,"width":null,"lit":null,"service":null},"geometry":{"type":"LineString","coordinates":[[-0.4477566,51.4666407],[-0.4476801,51.4666323],[-0.4476464,51.4666269],[-0.447606,51.4666178],[-0.4475354,51.4665977],[-0.4474694,51.4665722],[-0.4474091,51.4665417],[-0.4473554,51.4665067],[-0.4473093,51.4664678],[-0.4472715,51.4664255],[-0.4472425,51.4663806],[-0.4472228,51.4663338],[-0.4472128,51.4662859],[-0.4472125,51.4662375],[-0.4472221,51.4661774],[-0.4472365,51.4661513],[-0.4472572,51.4661143],[-0.447284,51.4660789],[-0.447325,51.4660338]]}},{"type":"Feature","properties":{"aeroway":"taxiway","osmType":"way","osmId":151584010,"ref":"S5W","name":null,"surface":null,"width":null,"lit":null,"service":null},"geometry":{"type":"LineString","coordinates":[[-0.4570964,51.4642517],[-0.457147,51.464338],[-0.4571662,51.4644038],[-0.4571688,51.4644714],[-0.4571539,51.4645417],[-0.457128,51.4646058],[-0.4570648,51.4646755],[-0.4569951,51.4647317],[-0.456904,51.4647844],[-0.4568118,51.4648229],[-0.4566985,51.4648549],[-0.4565498,51.464871],[-0.4559495,51.4648744],[-0.45595,51.464878]]}},{"type":"Feature","properties":{"aeroway":"taxiway","osmType":"way","osmId":151584011,"ref":"S5W","name":null,"surface":null,"width":null,"lit":null,"service":null},"geometry":{"type":"LineString","coordinates":[[-0.4570734,51.4632427],[-0.4569524,51.4632629],[-0.4568644,51.4632869],[-0.4567591,51.4633245],[-0.4566811,51.4633687],[-0.4566086,51.4634276],[-0.4565595,51.4634956],[-0.4565196,51.4635603],[-0.4565105,51.4636539],[-0.4565187,51.4636912],[-0.4565696,51.4637672]]}},{"type":"Feature","properties":{"aeroway":"taxiway","osmType":"way","osmId":151584012,"ref":"Link 44","name":null,"surface":null,"width":null,"lit":null,"service":null},"geometry":{"type":"LineString","coordinates":[[-0.4492951,51.4619935],[-0.4492028,51.4619782],[-0.4491261,51.4619574],[-0.4490656,51.461935],[-0.4490124,51.46191],[-0.4489664,51.4618833],[-0.4489336,51.4618605],[-0.4488918,51.4618189],[-0.4488595,51.4617786],[-0.4488412,51.4617461],[-0.4488313,51.4617152],[-0.4488209,51.4616827],[-0.4488214,51.4616307],[-0.4488302,51.4615829],[-0.4488459,51.4615471],[-0.4488652,51.4615162],[-0.4488985,51.461468]]}},{"type":"Feature","properties":{"aeroway":"taxiway","osmType":"way","osmId":151584013,"ref":"Link 42","name":null,"surface":null,"width":null,"lit":null,"service":null},"geometry":{"type":"LineString","coordinates":[[-0.4519362,51.4593453],[-0.4518603,51.4594416],[-0.4518355,51.4595349],[-0.4518472,51.4596265],[-0.4518791,51.4596847],[-0.4519192,51.4597219],[-0.4519953,51.4597865],[-0.4519331,51.4597581],[-0.4518779,51.4597426],[-0.4518163,51.4597254],[-0.4517374,51.459713],[-0.451646,51.4597091],[-0.4515619,51.4597117],[-0.4514876,51.4597255],[-0.4514103,51.4597471],[-0.4512996,51.4597861]]}},{"type":"Feature","properties":{"aeroway":"taxiway","osmType":"way","osmId":151584014,"ref":null,"name":null,"surface":null,"width":null,"lit":null,"service":null},"geometry":{"type":"LineString","coordinates":[[-0.43628,51.4628021],[-0.4360922,51.4628025],[-0.4359504,51.4628049],[-0.4358505,51.4628153],[-0.4357656,51.4628345],[-0.4356645,51.4628675],[-0.4355947,51.462901],[-0.4355342,51.462939],[-0.4354623,51.4630082]]}},{"type":"Feature","properties":{"aeroway":"taxiway","osmType":"way","osmId":151584015,"ref":"S3","name":null,"surface":null,"width":null,"lit":null,"service":null},"geometry":{"type":"LineString","coordinates":[[-0.4408526,51.4643781],[-0.4408232,51.4644305],[-0.4408059,51.464485],[-0.4408012,51.4645405],[-0.4408091,51.4645958],[-0.4408295,51.4646498],[-0.4408619,51.4647015],[-0.4409057,51.4647499],[-0.4409601,51.4647939],[-0.4410239,51.4648326],[-0.4410958,51.4648654],[-0.4411745,51.4648915],[-0.4412582,51.4649104],[-0.4413455,51.4649218],[-0.4414344,51.464922]]}},{"type":"Feature","properties":{"aeroway":"taxiway","osmType":"way","osmId":151584016,"ref":"Taxiway T","name":null,"surface":null,"width":null,"lit":null,"service":null},"geometry":{"type":"LineString","coordinates":[[-0.4477501,51.4631824],[-0.4475975,51.4631548],[-0.4474979,51.4631277],[-0.4473775,51.4630643],[-0.4473055,51.4630054],[-0.4472424,51.4629279],[-0.4472129,51.4628291],[-0.4472181,51.4627363],[-0.4472464,51.4626605],[-0.447319,51.4625796]]}},{"type":"Feature","properties":{"aeroway":"taxiway","osmType":"way","osmId":151584017,"ref":"N7","name":null,"surface":null,"width":null,"lit":null,"service":null},"geometry":{"type":"LineString","coordinates":[[-0.4760443,51.4648108],[-0.4760445,51.4648246],[-0.4755209,51.4648266],[-0.4753988,51.4648399],[-0.4752802,51.4648694],[-0.4751916,51.4649068],[-0.4751094,51.4649536],[-0.4750502,51.4649988],[-0.475004,51.4650444],[-0.4749726,51.4650963],[-0.4749535,51.4651504],[-0.4749336,51.4652005]]}},{"type":"Feature","properties":{"aeroway":"taxiway","osmType":"way","osmId":151584018,"ref":"Link 34","name":null,"surface":null,"width":null,"lit":null,"service":null},"geometry":{"type":"LineString","coordinates":[[-0.4583481,51.4674787],[-0.4582949,51.4674722],[-0.4582479,51.4674665],[-0.4581372,51.4674469],[-0.4580444,51.4674183],[-0.457964,51.4673754],[-0.4579118,51.4673449],[-0.457868,51.4673085],[-0.4578283,51.4672734],[-0.457797,51.4672291],[-0.4577751,51.467183],[-0.4577588,51.467145],[-0.4577365,51.4672155],[-0.4577052,51.4672695],[-0.4576551,51.4673176],[-0.4575925,51.4673605],[-0.4575225,51.4674008],[-0.4574516,51.4674313],[-0.4573712,51.4674548],[-0.4573138,51.4674658],[-0.4572192,51.4674818]]}},{"type":"Feature","properties":{"aeroway":"taxiway","osmType":"way","osmId":151584022,"ref":"S7","name":null,"surface":null,"width":null,"lit":null,"service":null},"geometry":{"type":"LineString","coordinates":[[-0.4749336,51.4652005],[-0.4749271,51.4644344],[-0.4749214,51.4638558],[-0.4749219,51.4637679],[-0.4749405,51.4636744],[-0.4749732,51.4636115],[-0.4750281,51.4635519],[-0.4750951,51.463501],[-0.4751634,51.4634608],[-0.4752452,51.4634299],[-0.4753576,51.4634006],[-0.4755011,51.4633862]]}},{"type":"Feature","properties":{"aeroway":"taxiway","osmType":"way","osmId":151584026,"ref":"Link 44","name":null,"surface":null,"width":null,"lit":null,"service":null},"geometry":{"type":"LineString","coordinates":[[-0.4547766,51.4621398],[-0.4547201,51.4621026],[-0.4546632,51.462071],[-0.4546069,51.4620437],[-0.4545495,51.4620249],[-0.4544853,51.4620083],[-0.4544253,51.4619959],[-0.4543684,51.4619878],[-0.4543047,51.4619839],[-0.4542207,51.4619839],[-0.4541482,51.4619836],[-0.4533874,51.461981],[-0.453322,51.4619808],[-0.4528872,51.4619815],[-0.4513746,51.4619824],[-0.4494428,51.4619945],[-0.4492951,51.4619935],[-0.4483799,51.4619992],[-0.4482907,51.4620031],[-0.4482301,51.4620106],[-0.4481634,51.4620265],[-0.4481075,51.462044],[-0.4480652,51.4620619],[-0.447993,51.462104]]}},{"type":"Feature","properties":{"aeroway":"taxiway","osmType":"way","osmId":151584027,"ref":"Link 43","name":null,"surface":null,"width":null,"lit":null,"service":null},"geometry":{"type":"LineString","coordinates":[[-0.4523188,51.4630334],[-0.4521476,51.4629249],[-0.4520509,51.4628371],[-0.4519994,51.462739],[-0.4519901,51.4626288],[-0.4519908,51.4625209],[-0.451992,51.462337],[-0.4519807,51.4622783],[-0.4519534,51.4622247],[-0.4519241,51.4621884],[-0.4518921,51.462154],[-0.4518557,51.462124],[-0.4518288,51.4621029],[-0.4517809,51.4620737],[-0.4517369,51.4620522],[-0.4516584,51.4620222],[-0.4515597,51.4619992],[-0.4514752,51.4619883],[-0.4513746,51.4619824]]}},{"type":"Feature","properties":{"aeroway":"taxiway","osmType":"way","osmId":151584029,"ref":"Link 52","name":null,"surface":null,"width":null,"lit":null,"service":null},"geometry":{"type":"LineString","coordinates":[[-0.4841511,51.4665126],[-0.485242,51.4665075],[-0.485754,51.4665058],[-0.4869228,51.4665018]]}},{"type":"Feature","properties":{"aeroway":"taxiway","osmType":"way","osmId":151584030,"ref":"Link 43","name":null,"surface":null,"width":null,"lit":null,"service":null},"geometry":{"type":"LineString","coordinates":[[-0.4537294,51.4611802],[-0.453773,51.4612435],[-0.4537959,51.4613202],[-0.453797,51.4613827],[-0.4537803,51.4614483],[-0.4537437,51.4615121],[-0.453677,51.4615836],[-0.4536175,51.4616252],[-0.4533051,51.4618431],[-0.4532416,51.4618874],[-0.4529694,51.462081],[-0.4522517,51.4625815],[-0.4520824,51.4626994],[-0.4520069,51.4627512],[-0.4518655,51.46285],[-0.4515422,51.4630798]]}},{"type":"Feature","properties":{"aeroway":"taxiway","osmType":"way","osmId":151584031,"ref":"S6","name":null,"surface":null,"width":null,"lit":null,"service":null},"geometry":{"type":"LineString","coordinates":[[-0.4690993,51.463223],[-0.4683898,51.4632242],[-0.4681658,51.4632453],[-0.4680053,51.4632896],[-0.4678966,51.4633502],[-0.4678189,51.4634148],[-0.4677754,51.4634759],[-0.4677505,51.4635368],[-0.4677386,51.4636152]]}},{"type":"Feature","properties":{"aeroway":"taxiway","osmType":"way","osmId":151584035,"ref":"N5E","name":null,"surface":null,"width":null,"lit":null,"service":null},"geometry":{"type":"LineString","coordinates":[[-0.4561167,51.4664632],[-0.4559906,51.4665388],[-0.4558767,51.4665824],[-0.4557351,51.466614]]}},{"type":"Feature","properties":{"aeroway":"taxiway","osmType":"way","osmId":151584037,"ref":null,"name":null,"surface":null,"width":null,"lit":null,"service":null},"geometry":{"type":"LineString","coordinates":[[-0.4642159,51.4671278],[-0.4641513,51.4672536],[-0.4640227,51.4673571],[-0.4639135,51.4674137],[-0.4636776,51.467464]]}},{"type":"Feature","properties":{"aeroway":"taxiway","osmType":"way","osmId":151584038,"ref":"S4W","name":null,"surface":null,"width":null,"lit":null,"service":null},"geometry":{"type":"LineString","coordinates":[[-0.4491104,51.4647839],[-0.4490342,51.4648237],[-0.4489831,51.4648445],[-0.4489291,51.4648623],[-0.4488727,51.4648769],[-0.4488143,51.4648882],[-0.4487546,51.464896],[-0.4482218,51.464899],[-0.4482217,51.4649014]]}},{"type":"Feature","properties":{"aeroway":"taxiway","osmType":"way","osmId":151584039,"ref":null,"name":null,"surface":null,"width":null,"lit":null,"service":null},"geometry":{"type":"LineString","coordinates":[[-0.4532416,51.4618874],[-0.453168,51.4619232],[-0.4531147,51.4619453],[-0.4530605,51.4619609],[-0.453002,51.4619706],[-0.4528872,51.4619815]]}},{"type":"Feature","properties":{"aeroway":"taxiway","osmType":"way","osmId":151584040,"ref":null,"name":null,"surface":null,"width":null,"lit":null,"service":null},"geometry":{"type":"LineString","coordinates":[[-0.453322,51.4619808],[-0.4532191,51.4619967],[-0.4531495,51.4620103],[-0.4530893,51.4620295],[-0.4530373,51.4620489],[-0.4529694,51.462081]]}},{"type":"Feature","properties":{"aeroway":"taxiway","osmType":"way","osmId":151584041,"ref":"Taxiway C","name":null,"surface":null,"width":null,"lit":null,"service":null},"geometry":{"type":"LineString","coordinates":[[-0.4786885,51.4677683],[-0.4787161,51.4676707],[-0.4787626,51.46761],[-0.4788334,51.4675521],[-0.4789287,51.4674955],[-0.4790483,51.4674527],[-0.4792023,51.4674211]]}},{"type":"Feature","properties":{"aeroway":"taxiway","osmType":"way","osmId":151584042,"ref":null,"name":null,"surface":null,"width":null,"lit":null,"service":null},"geometry":{"type":"LineString","coordinates":[[-0.4686184,51.4669711],[-0.4685911,51.4668349],[-0.4685324,51.4667564],[-0.4684526,51.4666842],[-0.4683728,51.466636],[-0.4682755,51.4665987],[-0.468095,51.4665699]]}},{"type":"Feature","properties":{"aeroway":"taxiway","osmType":"way","osmId":151584043,"ref":"Taxiway A","name":null,"surface":null,"width":null,"lit":null,"service":null},"geometry":{"type":"LineString","coordinates":[[-0.485242,51.4665075],[-0.4850853,51.466533],[-0.4849724,51.466563],[-0.4848813,51.4666143],[-0.4848084,51.4666765],[-0.4847331,51.4667564],[-0.4846905,51.4668436]]}},{"type":"Feature","properties":{"aeroway":"taxiway","osmType":"way","osmId":151584044,"ref":null,"name":null,"surface":null,"width":null,"lit":null,"service":null},"geometry":{"type":"LineString","coordinates":[[-0.4419925,51.4631308],[-0.4419439,51.463168],[-0.4418889,51.4631996],[-0.4418272,51.4632258],[-0.4417582,51.4632478],[-0.4416906,51.4632626],[-0.4416098,51.4632736]]}},{"type":"Feature","properties":{"aeroway":"taxiway","osmType":"way","osmId":151584045,"ref":"Taxiway C","name":null,"surface":null,"width":null,"lit":null,"service":null},"geometry":{"type":"LineString","coordinates":[[-0.4781377,51.4674241],[-0.478293,51.4674652],[-0.4784015,51.4674969],[-0.4785058,51.4675461],[-0.4785854,51.4676073],[-0.4786341,51.467668],[-0.4786885,51.4677683]]}},{"type":"Feature","properties":{"aeroway":"taxiway","osmType":"way","osmId":151584046,"ref":"Taxiway S","name":null,"surface":null,"width":null,"lit":null,"service":null},"geometry":{"type":"LineString","coordinates":[[-0.4397666,51.4622197],[-0.4396299,51.4624121],[-0.4395976,51.4624999],[-0.4395903,51.4625461],[-0.4396038,51.4626157],[-0.4396237,51.462654],[-0.4396691,51.462713]]}},{"type":"Feature","properties":{"aeroway":"taxiway","osmType":"way","osmId":151584047,"ref":"Link 33","name":null,"surface":null,"width":null,"lit":null,"service":null},"geometry":{"type":"LineString","coordinates":[[-0.4562299,51.4666122],[-0.4560891,51.4666417],[-0.4559981,51.4666719],[-0.4559262,51.4667095],[-0.4558757,51.4667423],[-0.4558134,51.4667795]]}},{"type":"Feature","properties":{"aeroway":"taxiway","osmType":"way","osmId":151584048,"ref":"Link 51","name":null,"surface":null,"width":null,"lit":null,"service":null},"geometry":{"type":"LineString","coordinates":[[-0.4821544,51.4670587],[-0.4821374,51.4671318],[-0.4820963,51.4672033],[-0.4820452,51.4672616],[-0.4819703,51.4673168],[-0.4818668,51.4673634],[-0.4817608,51.4673929],[-0.481605,51.4674145]]}},{"type":"Feature","properties":{"aeroway":"taxiway","osmType":"way","osmId":151584049,"ref":"Taxiway S","name":null,"surface":null,"width":null,"lit":null,"service":null},"geometry":{"type":"LineString","coordinates":[[-0.4390465,51.4627113],[-0.4391352,51.4626488],[-0.4391812,51.4625981],[-0.4392166,51.4625383],[-0.4392281,51.4624967],[-0.439226,51.4624245],[-0.4392166,51.4623744],[-0.4391947,51.4623335],[-0.4391626,51.4622788]]}},{"type":"Feature","properties":{"aeroway":"taxiway","osmType":"way","osmId":151584050,"ref":"Taxiway F","name":null,"surface":null,"width":null,"lit":null,"service":null},"geometry":{"type":"LineString","coordinates":[[-0.4642152,51.4669112],[-0.4641847,51.4668284],[-0.4641366,51.4667737],[-0.4640755,51.4667199],[-0.463997,51.4666733],[-0.4638881,51.4666304],[-0.4637738,51.4665989],[-0.4636681,51.4665857]]}},{"type":"Feature","properties":{"aeroway":"taxiway","osmType":"way","osmId":151584051,"ref":"Taxiway S","name":null,"surface":null,"width":null,"lit":null,"service":null},"geometry":{"type":"LineString","coordinates":[[-0.4396299,51.4624121],[-0.4395798,51.4624564],[-0.4395151,51.4624954],[-0.4394286,51.4625343],[-0.4391686,51.4626573],[-0.4390465,51.4627113],[-0.4389547,51.462749],[-0.4388858,51.4627698],[-0.4387423,51.4627976]]}},{"type":"Feature","properties":{"aeroway":"taxiway","osmType":"way","osmId":151584052,"ref":"Link 51","name":null,"surface":null,"width":null,"lit":null,"service":null},"geometry":{"type":"LineString","coordinates":[[-0.4826575,51.4665179],[-0.4825509,51.4665292],[-0.4824507,51.4665564],[-0.4823605,51.4665948],[-0.4822836,51.4666432],[-0.4822227,51.4666997],[-0.48218,51.4667624],[-0.482157,51.4668289],[-0.4821531,51.466897]]}},{"type":"Feature","properties":{"aeroway":"taxiway","osmType":"way","osmId":151584053,"ref":"N10","name":null,"surface":null,"width":null,"lit":null,"service":null},"geometry":{"type":"LineString","coordinates":[[-0.4846905,51.4668436],[-0.4846761,51.4661828],[-0.4846737,51.4660202],[-0.4846699,51.4657545],[-0.4846611,51.4651455],[-0.4846346,51.4650485],[-0.4845682,51.4649468],[-0.4844353,51.4648709],[-0.4842864,51.4648088],[-0.4840959,51.4647809]]}},{"type":"Feature","properties":{"aeroway":"taxiway","osmType":"way","osmId":151584054,"ref":null,"name":null,"surface":null,"width":null,"lit":null,"service":null},"geometry":{"type":"LineString","coordinates":[[-0.4686184,51.4669711],[-0.4686457,51.4668289],[-0.4686664,51.466778],[-0.4686976,51.4667432],[-0.4687689,51.4666882],[-0.4688481,51.4666406],[-0.4689597,51.4666009],[-0.4690388,51.4665767],[-0.4691642,51.4665661]]}},{"type":"Feature","properties":{"aeroway":"taxiway","osmType":"way","osmId":151585719,"ref":"Taxiway E","name":null,"surface":null,"width":null,"lit":null,"service":null},"geometry":{"type":"LineString","coordinates":[[-0.4686248,51.4677641],[-0.4686411,51.4677183],[-0.4686659,51.4676697],[-0.4687062,51.4676228],[-0.4687576,51.46758],[-0.4688108,51.4675474],[-0.4688879,51.4675165],[-0.4689622,51.4674908],[-0.469031,51.4674794],[-0.4691043,51.4674605]]}},{"type":"Feature","properties":{"aeroway":"taxiway","osmType":"way","osmId":151585724,"ref":"Taxiway E","name":null,"surface":null,"width":null,"lit":null,"service":null},"geometry":{"type":"LineString","coordinates":[[-0.4691043,51.4674605],[-0.4689989,51.4674365],[-0.468898,51.4674051],[-0.4688072,51.4673622],[-0.4687613,51.4673291],[-0.4686952,51.4672691],[-0.4686503,51.4672171],[-0.4686197,51.4671372]]}},{"type":"Feature","properties":{"aeroway":"taxiway","osmType":"way","osmId":151585725,"ref":"Taxiway E","name":null,"surface":null,"width":null,"lit":null,"service":null},"geometry":{"type":"LineString","coordinates":[[-0.4686197,51.4671372],[-0.4685934,51.4671942],[-0.4685338,51.4672828],[-0.4684622,51.4673445],[-0.4683787,51.4673925],[-0.4683053,51.4674222],[-0.4682374,51.4674445],[-0.4681787,51.4674548],[-0.4681318,51.4674676]]}},{"type":"Feature","properties":{"aeroway":"taxiway","osmType":"way","osmId":151585726,"ref":"N6","name":null,"surface":null,"width":null,"lit":null,"service":null},"geometry":{"type":"LineString","coordinates":[[-0.4686127,51.4662645],[-0.4685399,51.4663586],[-0.4684925,51.4664045],[-0.4684277,51.4664519],[-0.4683454,51.4664923],[-0.4682531,51.4665288],[-0.4681683,51.4665498],[-0.468095,51.4665699]]}},{"type":"Feature","properties":{"aeroway":"taxiway","osmType":"way","osmId":151585727,"ref":"N6","name":null,"surface":null,"width":null,"lit":null,"service":null},"geometry":{"type":"LineString","coordinates":[[-0.4691642,51.4665661],[-0.4690622,51.4665476],[-0.4689376,51.4665185],[-0.4688494,51.4664862],[-0.4687754,51.466449],[-0.4687183,51.4664029],[-0.4686807,51.4663633],[-0.4686127,51.4662645]]}},{"type":"Feature","properties":{"aeroway":"taxiway","osmType":"way","osmId":151585728,"ref":"Taxiway E","name":null,"surface":null,"width":null,"lit":null,"service":null},"geometry":{"type":"LineString","coordinates":[[-0.4681318,51.4674676],[-0.4682218,51.4674845],[-0.4683393,51.467516],[-0.4684319,51.4675554],[-0.4685007,51.4676011],[-0.4685521,51.4676446],[-0.4685815,51.4676886],[-0.4686007,51.4677189],[-0.4686248,51.4677641]]}},{"type":"Feature","properties":{"aeroway":"taxiway","osmType":"way","osmId":151625580,"ref":"Taxiway W","name":null,"surface":null,"width":null,"lit":null,"service":null},"geometry":{"type":"LineString","coordinates":[[-0.4552856,51.4625939],[-0.4553237,51.4626647],[-0.4553445,51.4627256],[-0.4553521,51.4627959],[-0.4553357,51.462869],[-0.4552968,51.4629367],[-0.4552335,51.4630016],[-0.455164,51.4630531],[-0.4550772,51.4630951],[-0.4549806,51.4631286],[-0.454848,51.4631579]]}},{"type":"Feature","properties":{"aeroway":"taxiway","osmType":"way","osmId":151625583,"ref":"S1","name":null,"surface":null,"width":null,"lit":null,"service":null},"geometry":{"type":"LineString","coordinates":[[-0.4361891,51.4649393],[-0.4354696,51.4649289],[-0.4353743,51.464913],[-0.435287,51.4648883],[-0.4352153,51.4648634],[-0.4351642,51.4648388],[-0.4350858,51.4647953],[-0.434994,51.4647111],[-0.43492,51.4646444],[-0.4348652,51.464584],[-0.4348324,51.4645354],[-0.4348101,51.46449],[-0.4347897,51.4644372],[-0.4347795,51.4643814],[-0.4347776,51.464314],[-0.4347891,51.464223],[-0.43481,51.4641836],[-0.4354623,51.4630082]]}},{"type":"Feature","properties":{"aeroway":"taxiway","osmType":"way","osmId":151625586,"ref":"Taxiway S","name":null,"surface":null,"width":null,"lit":null,"service":null},"geometry":{"type":"LineString","coordinates":[[-0.4399082,51.4629289],[-0.4396691,51.462713],[-0.4394469,51.4625273],[-0.4391626,51.4622788],[-0.4389915,51.4621406],[-0.4388955,51.462084],[-0.4388124,51.4620541],[-0.4387359,51.4620387],[-0.4386212,51.4620243]]}},{"type":"Feature","properties":{"aeroway":"apron","osmType":"way","osmId":162580250,"ref":null,"name":null,"surface":null,"width":null,"lit":null,"service":null},"geometry":{"type":"Polygon","coordinates":[[[-0.4715842,51.4692576],[-0.4715131,51.469302],[-0.4714246,51.4693063],[-0.4714261,51.4693758],[-0.4715148,51.4693744],[-0.471556,51.4693995],[-0.471556,51.4694134],[-0.471556,51.4694477],[-0.471556,51.46953],[-0.4717062,51.4695275],[-0.4717076,51.4695971],[-0.4717558,51.4695979],[-0.4717566,51.4696162],[-0.4718095,51.4696154],[-0.4718097,51.4697005],[-0.471826,51.4697007],[-0.4719816,51.4696351],[-0.4724827,51.4696317],[-0.4724814,51.469606],[-0.4726584,51.4696085],[-0.4726571,51.4696306],[-0.4729119,51.4696289],[-0.4729052,51.4689642],[-0.4726477,51.4689655],[-0.4726504,51.4690294],[-0.4724774,51.4690299],[-0.472476,51.4689664],[-0.4722681,51.4689675],[-0.4722068,51.4689754],[-0.4722071,51.4689778],[-0.4721839,51.4689784],[-0.4718685,51.4690191],[-0.4718698,51.4690529],[-0.4717007,51.4690536],[-0.4715735,51.4691023],[-0.4715765,51.4691461],[-0.4715842,51.4692576]]]}},{"type":"Feature","properties":{"aeroway":"apron","osmType":"way","osmId":162580282,"ref":null,"name":null,"surface":null,"width":null,"lit":null,"service":null},"geometry":{"type":"Polygon","coordinates":[[[-0.4729217,51.47071],[-0.4729195,51.4700608],[-0.4721594,51.4700671],[-0.4719811,51.4700686],[-0.4719342,51.470069],[-0.4719353,51.4701336],[-0.4717678,51.4701343],[-0.4716177,51.4701349],[-0.4716191,51.4701826],[-0.4715949,51.4701833],[-0.4715983,51.4703032],[-0.4716,51.4703655],[-0.4715551,51.4703788],[-0.4714349,51.4703775],[-0.4714353,51.4704745],[-0.4714809,51.470445],[-0.471548,51.4704456],[-0.4716202,51.4704962],[-0.4716838,51.4705484],[-0.471662,51.4705652],[-0.4716597,51.4705729],[-0.4717941,51.4705735],[-0.4717937,51.4706052],[-0.4717925,51.47062],[-0.4716355,51.4706196],[-0.4715266,51.4706187],[-0.4715051,51.4706187],[-0.4715547,51.4706506],[-0.4718846,51.470652],[-0.4719066,51.4706669],[-0.4719382,51.4706821],[-0.4719731,51.4706957],[-0.4720188,51.4707072],[-0.4720616,51.4707137],[-0.4721126,51.4707156],[-0.4722238,51.4707147],[-0.4725498,51.4707121],[-0.4729217,51.47071]]]}},{"type":"Feature","properties":{"aeroway":"apron","osmType":"way","osmId":185882013,"ref":null,"name":null,"surface":null,"width":null,"lit":null,"service":null},"geometry":{"type":"Polygon","coordinates":[[[-0.4349256,51.4689481],[-0.4341603,51.4677374],[-0.4338269,51.4672471],[-0.4330294,51.4674578],[-0.4329854,51.4675144],[-0.4334942,51.4683093],[-0.432614,51.4685347],[-0.4331351,51.4693676],[-0.4346153,51.4689984],[-0.4347255,51.4690091],[-0.4349256,51.4689481]]]}},{"type":"Feature","properties":{"aeroway":"taxiway","osmType":"way","osmId":185904793,"ref":"Link 27","name":null,"surface":null,"width":null,"lit":null,"service":null},"geometry":{"type":"LineString","coordinates":[[-0.4375298,51.4696265],[-0.4374777,51.4695131],[-0.4373611,51.4694082],[-0.4371894,51.4693213],[-0.4369847,51.4692873]]}},{"type":"Feature","properties":{"aeroway":"taxiway","osmType":"way","osmId":208599761,"ref":"Taxiway A","name":null,"surface":null,"width":null,"lit":null,"service":null},"geometry":{"type":"LineString","coordinates":[[-0.4360387,51.4681298],[-0.435971,51.4683616],[-0.4359717,51.4684097],[-0.4359736,51.4685324],[-0.4359769,51.4687445],[-0.4359808,51.4689978],[-0.4360342,51.4690948],[-0.4360729,51.4691971],[-0.4360857,51.4696282],[-0.4360914,51.4699147],[-0.436096,51.4702365],[-0.4360988,51.4709417],[-0.436099,51.471034],[-0.4360992,51.471146],[-0.4360935,51.4712483],[-0.4360549,51.4713406],[-0.4360143,51.4713947]]}},{"type":"Feature","properties":{"aeroway":"taxiway","osmType":"way","osmId":208599762,"ref":"Taxiway A","name":null,"surface":null,"width":null,"lit":null,"service":null},"geometry":{"type":"LineString","coordinates":[[-0.4841511,51.4665126],[-0.4834143,51.4665152],[-0.4826575,51.4665179],[-0.4821456,51.4665197],[-0.481599,51.4665217],[-0.4813119,51.4665227],[-0.4794924,51.4665292],[-0.4792079,51.4665302],[-0.4781081,51.4665342],[-0.4778383,51.4665352],[-0.4757655,51.4665425],[-0.4755109,51.4665434],[-0.4743875,51.4665474],[-0.4740628,51.4665486],[-0.4729061,51.4665527],[-0.4726455,51.4665536],[-0.4694459,51.466565],[-0.4691642,51.4665661],[-0.4686151,51.4665681],[-0.468095,51.4665699],[-0.4677672,51.4665711],[-0.4656857,51.4665785],[-0.4647689,51.4665818],[-0.4640302,51.4665844],[-0.4636681,51.4665857],[-0.4633693,51.4665868],[-0.4606742,51.4665964],[-0.4603712,51.4665975],[-0.4599287,51.4666019],[-0.459601,51.4666036],[-0.4592849,51.4666053],[-0.4585968,51.4666038],[-0.4585749,51.4666039],[-0.4582901,51.4666049],[-0.4572459,51.4666086],[-0.4569576,51.4666097],[-0.4562299,51.4666122],[-0.4559729,51.4666132],[-0.4557351,51.466614],[-0.4552486,51.4666157],[-0.4548739,51.466617],[-0.4544414,51.4666186],[-0.4533833,51.4666224],[-0.4523235,51.4666263],[-0.4514308,51.4666296],[-0.4508094,51.4666317],[-0.4503363,51.4666333],[-0.4501746,51.4666339],[-0.4492292,51.4666372],[-0.4489315,51.4666383],[-0.447882,51.466642]]}},{"type":"Feature","properties":{"aeroway":"taxiway","osmType":"way","osmId":208599763,"ref":"Taxiway A","name":null,"surface":null,"width":null,"lit":null,"service":null},"geometry":{"type":"LineString","coordinates":[[-0.4360143,51.4713947],[-0.4359289,51.4715056],[-0.435897,51.4716373],[-0.435903,51.4718064],[-0.4359087,51.4724008],[-0.4359095,51.4725977],[-0.4359098,51.4726866],[-0.4359133,51.4728477],[-0.4359254,51.4738686],[-0.4359297,51.474228],[-0.4359309,51.4745405],[-0.4359325,51.4749358],[-0.4359339,51.4752185],[-0.4359359,51.47563],[-0.4359712,51.4756996],[-0.4360258,51.4757651],[-0.4361388,51.4758418],[-0.4363182,51.4759141],[-0.4365184,51.4759369],[-0.4367464,51.4759363],[-0.436899,51.4759351],[-0.4382697,51.4759233],[-0.4397852,51.4759192],[-0.4401032,51.4759183],[-0.4411566,51.4759154],[-0.4414377,51.4759147],[-0.4417355,51.4759139],[-0.4426577,51.4759114],[-0.4428087,51.4759258],[-0.4429801,51.475953],[-0.443121,51.4759754],[-0.4433009,51.475993],[-0.4435761,51.4759977],[-0.4453029,51.47599],[-0.446079,51.4759865],[-0.4471239,51.4759845],[-0.44737,51.4759846],[-0.4483734,51.4759804],[-0.4485309,51.4759798],[-0.4509607,51.4759711],[-0.4512213,51.4759702],[-0.4522596,51.4759669],[-0.4523263,51.4759667],[-0.4532066,51.475964],[-0.4540565,51.4759613],[-0.4541713,51.475961],[-0.4551897,51.4759576],[-0.4552528,51.4759574],[-0.4559736,51.475955],[-0.456947,51.4759519],[-0.4579183,51.4759526],[-0.4583174,51.475951],[-0.4592862,51.4759471],[-0.4597338,51.4759474],[-0.4602124,51.4759477],[-0.4607389,51.4759454],[-0.4612174,51.4759443],[-0.4613935,51.4759432],[-0.4619328,51.475941],[-0.467865,51.4759172],[-0.4681222,51.4759146],[-0.4682729,51.4759003],[-0.4687599,51.4758324],[-0.4690903,51.4758298],[-0.469422,51.4758271],[-0.4695393,51.4758264],[-0.4697505,51.4758268],[-0.4700121,51.4758274],[-0.4710114,51.4758219],[-0.4727388,51.4758125],[-0.4730081,51.475811],[-0.4733256,51.4758087],[-0.4737296,51.4758073],[-0.4740885,51.475806],[-0.4744585,51.475808],[-0.4747223,51.4758072],[-0.4779084,51.4757975],[-0.4781965,51.4757966],[-0.4792771,51.4757909],[-0.480115,51.4757861],[-0.4806862,51.4757862],[-0.4808988,51.4757847],[-0.4813611,51.4757826],[-0.4817461,51.4757808],[-0.4820834,51.4757792],[-0.4827836,51.4757751],[-0.4830671,51.4757737],[-0.48417,51.4757714],[-0.4843201,51.4757599],[-0.4844412,51.4757322],[-0.4845866,51.4756611],[-0.4847021,51.4755603],[-0.484758,51.4754322]]}},{"type":"Feature","properties":{"aeroway":"taxiway","osmType":"way","osmId":208599764,"ref":"Taxiway B","name":null,"surface":null,"width":null,"lit":null,"service":null},"geometry":{"type":"LineString","coordinates":[[-0.4830417,51.4674105],[-0.4831217,51.4674227],[-0.4831836,51.467433],[-0.4832461,51.4674497],[-0.4833032,51.4674694],[-0.4833733,51.467505],[-0.4834242,51.4675405],[-0.4834758,51.4675855],[-0.4835066,51.467635],[-0.4835322,51.4676965],[-0.4835401,51.4677769]]}},{"type":"Feature","properties":{"aeroway":"taxiway","osmType":"way","osmId":208599765,"ref":"Taxiway B","name":null,"surface":null,"width":null,"lit":null,"service":null},"geometry":{"type":"LineString","coordinates":[[-0.4835962,51.4745564],[-0.4835606,51.4746649],[-0.4835088,51.4747298],[-0.4834295,51.4747868],[-0.4833339,51.4748328],[-0.4832432,51.4748591],[-0.4830547,51.4748817],[-0.4827705,51.4748775],[-0.4822444,51.4748699],[-0.481765,51.4748713],[-0.4806623,51.4748746],[-0.4803572,51.4748742],[-0.4795725,51.4748772],[-0.4792898,51.4748782],[-0.4787427,51.4748786],[-0.4781892,51.474879],[-0.4779027,51.4748798],[-0.477172,51.4748819],[-0.4761194,51.4748888],[-0.4750476,51.4749026],[-0.4743926,51.4749028],[-0.4741066,51.4749029],[-0.4735644,51.4749044],[-0.4729718,51.4749033],[-0.4727243,51.4749034],[-0.4703216,51.4749255],[-0.4700696,51.4749271],[-0.4698655,51.4749298],[-0.469582,51.4749324],[-0.4691275,51.4749359],[-0.4686636,51.4749394],[-0.4684598,51.4749404],[-0.4684114,51.4749411],[-0.4680907,51.4749458],[-0.4678969,51.4749446],[-0.4677546,51.4749476],[-0.4676762,51.4749579],[-0.4676089,51.4749694],[-0.4675085,51.4749994],[-0.4674523,51.4750277],[-0.467309,51.4750944],[-0.4672423,51.4751158],[-0.4671254,51.4751372],[-0.467056,51.4751432],[-0.4668325,51.475145],[-0.4667533,51.4751452],[-0.4651178,51.4751485],[-0.4639898,51.4751536],[-0.4630207,51.4751606],[-0.4625133,51.4751642],[-0.4613683,51.4751676],[-0.460265,51.4751703],[-0.4601747,51.4751705],[-0.4591942,51.4751722],[-0.4591173,51.4751731],[-0.4587114,51.4751778],[-0.4585255,51.475178],[-0.4583416,51.4751782],[-0.4581061,51.4751785],[-0.4577923,51.4751598],[-0.4574307,51.4751232],[-0.4570446,51.4750843],[-0.4567568,51.4750753],[-0.4560347,51.4750862],[-0.4551309,51.4751],[-0.4549087,51.4751004],[-0.4543052,51.4751015],[-0.4541693,51.4751018],[-0.4535839,51.4751064],[-0.4522308,51.4751141],[-0.4515083,51.4751176],[-0.4512025,51.4751191],[-0.4500719,51.4751141],[-0.4499785,51.4751137],[-0.4497421,51.4751126],[-0.4494282,51.4751113],[-0.4487952,51.4751085],[-0.4484672,51.4751071],[-0.4481543,51.4751057],[-0.447141,51.4751012],[-0.4467747,51.4751139],[-0.4464932,51.4751155],[-0.4463215,51.4750847],[-0.4462224,51.4750564],[-0.446123,51.4750337],[-0.4459484,51.47503],[-0.4457563,51.4750246],[-0.4451149,51.475029],[-0.444525,51.4750311],[-0.4430087,51.4750365],[-0.4414302,51.4750422],[-0.4411945,51.475043],[-0.4400259,51.4750466],[-0.4397797,51.4750456],[-0.4382657,51.4750392],[-0.4381932,51.4750389],[-0.4380746,51.4750365],[-0.4379735,51.4750207],[-0.437885,51.4749929],[-0.4377878,51.4749511],[-0.4376857,51.4748887],[-0.4376215,51.4748227],[-0.4375837,51.4747565],[-0.4375671,51.4747022],[-0.4375642,51.4746562],[-0.4375503,51.4742179],[-0.4375506,51.4739718],[-0.4375497,51.4738937],[-0.4375491,51.473844],[-0.4375457,51.4735449],[-0.4375438,51.4723882],[-0.4375367,51.471835],[-0.437533,51.471152],[-0.4375312,51.4710238],[-0.4375306,51.4709882],[-0.4375259,51.4705782],[-0.4375216,51.4702818]]}},{"type":"Feature","properties":{"aeroway":"taxiway","osmType":"way","osmId":208599766,"ref":"Taxiway F","name":null,"surface":null,"width":null,"lit":null,"service":null},"geometry":{"type":"LineString","coordinates":[[-0.4642159,51.4671278],[-0.4642156,51.4670203],[-0.4642152,51.4669112]]}},{"type":"Feature","properties":{"aeroway":"taxiway","osmType":"way","osmId":208599767,"ref":"Taxiway K","name":null,"surface":null,"width":null,"lit":null,"service":null},"geometry":{"type":"LineString","coordinates":[[-0.4450039,51.4675255],[-0.4451984,51.4675591],[-0.4453642,51.4676268],[-0.4454579,51.467704],[-0.4455526,51.4678675],[-0.4455983,51.4677562],[-0.4456577,51.4676874],[-0.4457456,51.4676226],[-0.4458851,51.4675625],[-0.4460803,51.4675205],[-0.4458947,51.4674813],[-0.4457234,51.467417],[-0.4456047,51.4673119],[-0.4455427,51.4671752],[-0.4455425,51.4671068],[-0.4455422,51.4669871],[-0.4455781,51.4669082],[-0.445635,51.4668272],[-0.4457567,51.4667391],[-0.4459026,51.4666773],[-0.4461272,51.4666485]]}},{"type":"Feature","properties":{"aeroway":"taxiway","osmType":"way","osmId":208599768,"ref":"N11","name":null,"surface":null,"width":null,"lit":null,"service":null},"geometry":{"type":"LineString","coordinates":[[-0.4877955,51.465792],[-0.4878783,51.4656405],[-0.4879074,51.465563],[-0.4879217,51.465484],[-0.4879209,51.4654044],[-0.4879052,51.4653255],[-0.4878746,51.4652483],[-0.4878296,51.4651738],[-0.4877708,51.4651032],[-0.4876991,51.4650374],[-0.4876155,51.4649772],[-0.4875211,51.4649237],[-0.4874172,51.4648774],[-0.4873053,51.4648391],[-0.4871869,51.4648093],[-0.4870637,51.4647883],[-0.4869374,51.4647766],[-0.4868098,51.4647742],[-0.4867392,51.4647721]]}},{"type":"Feature","properties":{"aeroway":"taxiway","osmType":"way","osmId":208599769,"ref":"Link 51","name":null,"surface":null,"width":null,"lit":null,"service":null},"geometry":{"type":"LineString","coordinates":[[-0.4821544,51.4670587],[-0.4821538,51.4669757],[-0.4821531,51.466897],[-0.4821456,51.4665197],[-0.4821399,51.4662287]]}},{"type":"Feature","properties":{"aeroway":"taxiway","osmType":"way","osmId":208599770,"ref":"Taxiway K","name":null,"surface":null,"width":null,"lit":null,"service":null},"geometry":{"type":"LineString","coordinates":[[-0.4455422,51.4669871],[-0.445491,51.4668779],[-0.4453746,51.4667769],[-0.4452067,51.4666935],[-0.4449598,51.4666485]]}},{"type":"Feature","properties":{"aeroway":"taxiway","osmType":"way","osmId":208599771,"ref":"Taxiway K","name":null,"surface":null,"width":null,"lit":null,"service":null},"geometry":{"type":"LineString","coordinates":[[-0.4450039,51.4675255],[-0.4452044,51.4674913],[-0.445326,51.4674438],[-0.4454356,51.4673694],[-0.4455015,51.4672914],[-0.4455427,51.4671752]]}},{"type":"Feature","properties":{"aeroway":"taxiway","osmType":"way","osmId":208599772,"ref":"Link 27","name":null,"surface":null,"width":null,"lit":null,"service":null},"geometry":{"type":"LineString","coordinates":[[-0.4369847,51.4692873],[-0.4371638,51.4692524],[-0.4372929,51.4692066],[-0.4373842,51.4691525],[-0.4374443,51.469086],[-0.4375166,51.4690098]]}},{"type":"Feature","properties":{"aeroway":"taxiway","osmType":"way","osmId":208599774,"ref":"N2E","name":null,"surface":null,"width":null,"lit":null,"service":null},"geometry":{"type":"LineString","coordinates":[[-0.4366465,51.466673],[-0.4364827,51.4666544],[-0.4362922,51.4665923],[-0.4362024,51.4665381],[-0.4361363,51.4664763],[-0.4360938,51.4664096],[-0.4360617,51.4663335]]}},{"type":"Feature","properties":{"aeroway":"taxiway","osmType":"way","osmId":208664049,"ref":"Taxiway A","name":null,"surface":null,"width":null,"lit":null,"service":null},"geometry":{"type":"LineString","coordinates":[[-0.484758,51.4754322],[-0.4847569,51.4753231],[-0.484756,51.4752233],[-0.4847497,51.4745677],[-0.4847486,51.4742234],[-0.4847463,51.4739961],[-0.484743,51.4736108],[-0.4847389,51.4731625],[-0.4847376,51.4730714],[-0.4847367,51.473006],[-0.4847334,51.4727158],[-0.4847297,51.4723726],[-0.4847313,51.4723268],[-0.484731,51.4723065],[-0.4847255,51.4718817],[-0.4847249,51.4713431],[-0.484725,51.4712768],[-0.4847225,51.4708844],[-0.4847225,51.4708768],[-0.484721,51.4707997],[-0.4847184,51.470611],[-0.4847186,51.4704888]]}},{"type":"Feature","properties":{"aeroway":"taxiway","osmType":"way","osmId":208664050,"ref":"Taxiway L","name":null,"surface":null,"width":null,"lit":null,"service":null},"geometry":{"type":"LineString","coordinates":[[-0.4406181,51.4754635],[-0.440619,51.4754877],[-0.440622,51.4755694],[-0.4406639,51.4756791],[-0.4407458,51.4757658],[-0.4408914,51.4758474],[-0.4410082,51.4758921],[-0.4411566,51.4759154]]}},{"type":"Feature","properties":{"aeroway":"taxiway","osmType":"way","osmId":208664051,"ref":"Taxiway T","name":null,"surface":null,"width":null,"lit":null,"service":null},"geometry":{"type":"LineString","coordinates":[[-0.447319,51.4625796],[-0.4469035,51.462872],[-0.4465207,51.463141],[-0.4464511,51.4631796],[-0.4463307,51.46323],[-0.4461584,51.4632572]]}},{"type":"Feature","properties":{"aeroway":"taxiway","osmType":"way","osmId":208664053,"ref":"A12","name":null,"surface":null,"width":null,"lit":null,"service":null},"geometry":{"type":"LineString","coordinates":[[-0.4815252,51.4770317],[-0.4814893,51.477147],[-0.4814626,51.4771968],[-0.4814466,51.4772173],[-0.4814182,51.4772521],[-0.4813729,51.4772903],[-0.481325,51.4773317],[-0.4812282,51.4773876],[-0.4811509,51.4774202],[-0.4810879,51.4774446],[-0.4809915,51.4774741],[-0.4808858,51.4774964],[-0.4807853,51.4775198]]}},{"type":"Feature","properties":{"aeroway":"taxiway","osmType":"way","osmId":208664054,"ref":"A8","name":null,"surface":null,"width":null,"lit":null,"service":null},"geometry":{"type":"LineString","coordinates":[[-0.4546936,51.4769524],[-0.4546543,51.477102],[-0.454596,51.4771998],[-0.4545376,51.4772683],[-0.4544591,51.4773389],[-0.4543884,51.4773906],[-0.4543019,51.4774444],[-0.4541965,51.4774892],[-0.4541044,51.4775234],[-0.4539832,51.4775556],[-0.4538744,51.4775758],[-0.4537936,51.4775891],[-0.4536697,51.4776108]]}},{"type":"Feature","properties":{"aeroway":"taxiway","osmType":"way","osmId":208664055,"ref":"A7","name":null,"surface":null,"width":null,"lit":null,"service":null},"geometry":{"type":"LineString","coordinates":[[-0.4517607,51.4769631],[-0.4517432,51.4770552],[-0.4516917,51.4771678],[-0.4516333,51.4772459],[-0.4515857,51.4772944],[-0.4515079,51.477361],[-0.4514399,51.4774052],[-0.4513669,51.4774506],[-0.4512717,51.4774924],[-0.4511793,51.4775275],[-0.4510753,51.4775548],[-0.4509177,51.4775887],[-0.4507551,51.4776205]]}},{"type":"Feature","properties":{"aeroway":"taxiway","osmType":"way","osmId":208664056,"ref":"A12","name":null,"surface":null,"width":null,"lit":null,"service":null},"geometry":{"type":"LineString","coordinates":[[-0.4815081,51.476135],[-0.48151,51.4762815],[-0.4815136,51.476551],[-0.4815252,51.4770317]]}},{"type":"Feature","properties":{"aeroway":"taxiway","osmType":"way","osmId":208664057,"ref":"S6","name":null,"surface":null,"width":null,"lit":null,"service":null},"geometry":{"type":"LineString","coordinates":[[-0.4677386,51.4636152],[-0.4677231,51.4636797],[-0.4676937,51.463736],[-0.4676536,51.4637864],[-0.4676104,51.4638215],[-0.4675627,51.4638506],[-0.4675169,51.4638743],[-0.4674516,51.4639007],[-0.4673727,51.4639262],[-0.4657743,51.4643946],[-0.465515,51.4644627],[-0.4652928,51.464516],[-0.4649021,51.4646072],[-0.464716,51.4646446],[-0.4645581,51.4646742],[-0.4643229,51.4647149],[-0.4640631,51.4647497],[-0.4637397,51.4647897],[-0.4634695,51.4648144],[-0.4631709,51.4648355],[-0.4627801,51.464851],[-0.4618426,51.4648583]]}},{"type":"Feature","properties":{"aeroway":"taxiway","osmType":"way","osmId":208664058,"ref":"A10W","name":null,"surface":null,"width":null,"lit":null,"service":null},"geometry":{"type":"LineString","coordinates":[[-0.4722,51.4775486],[-0.4719732,51.477511],[-0.4718357,51.4774846],[-0.4717111,51.477447],[-0.471607,51.4774014],[-0.4715454,51.4773734],[-0.4714285,51.477303],[-0.4713475,51.4772366],[-0.4709463,51.4768685],[-0.4706782,51.4766261],[-0.4704516,51.4764322],[-0.4703866,51.4763621],[-0.4703617,51.4763248],[-0.4703378,51.4762708],[-0.4703002,51.476187],[-0.4702571,51.4761254],[-0.4702015,51.4760661],[-0.4701356,51.4760126],[-0.4700818,51.4759763],[-0.4700054,51.4759365],[-0.4699257,51.4759052],[-0.4698332,51.4758725]]}},{"type":"Feature","properties":{"aeroway":"taxiway","osmType":"way","osmId":208664059,"ref":null,"name":null,"surface":null,"width":null,"lit":null,"service":null},"geometry":{"type":"LineString","coordinates":[[-0.4377692,51.4677084],[-0.4379438,51.4676748],[-0.4380524,51.4676277],[-0.438186,51.4675549]]}},{"type":"Feature","properties":{"aeroway":"taxiway","osmType":"way","osmId":208664060,"ref":"Link 28","name":null,"surface":null,"width":null,"lit":null,"service":null},"geometry":{"type":"LineString","coordinates":[[-0.437216,51.4677109],[-0.4374474,51.4677776],[-0.4375995,51.4678847],[-0.4376875,51.4680024],[-0.4377022,51.4681096],[-0.4376723,51.4682218]]}},{"type":"Feature","properties":{"aeroway":"taxiway","osmType":"way","osmId":208664061,"ref":"A7","name":null,"surface":null,"width":null,"lit":null,"service":null},"geometry":{"type":"LineString","coordinates":[[-0.4517544,51.4754282],[-0.4517546,51.4755009],[-0.451755,51.4756703],[-0.4517612,51.4763316],[-0.4517591,51.476396],[-0.4517607,51.4769631]]}},{"type":"Feature","properties":{"aeroway":"taxiway","osmType":"way","osmId":208664062,"ref":null,"name":null,"surface":null,"width":null,"lit":null,"service":null},"geometry":{"type":"LineString","coordinates":[[-0.4388582,51.4677008],[-0.4386643,51.4676654],[-0.4384924,51.467596],[-0.4383879,51.4675069],[-0.4383052,51.4673965]]}},{"type":"Feature","properties":{"aeroway":"taxiway","osmType":"way","osmId":208664063,"ref":"A8","name":null,"surface":null,"width":null,"lit":null,"service":null},"geometry":{"type":"LineString","coordinates":[[-0.4546763,51.4754243],[-0.4546754,51.4756239],[-0.4546752,51.4756599],[-0.4546819,51.4763316],[-0.4546828,51.4763846],[-0.4546936,51.4769524]]}},{"type":"Feature","properties":{"aeroway":"taxiway","osmType":"way","osmId":208664064,"ref":"Taxiway B","name":null,"surface":null,"width":null,"lit":null,"service":null},"geometry":{"type":"LineString","coordinates":[[-0.4379321,51.4678926],[-0.4380799,51.4677921],[-0.4381803,51.4677493],[-0.438315,51.4677159],[-0.4384594,51.4677049]]}},{"type":"Feature","properties":{"aeroway":"taxiway","osmType":"way","osmId":208664065,"ref":null,"name":null,"surface":null,"width":null,"lit":null,"service":null},"geometry":{"type":"LineString","coordinates":[[-0.4406174,51.4746879],[-0.4406367,51.474753],[-0.4406724,51.4748142],[-0.4407329,51.4748763],[-0.4408374,51.4749461],[-0.4409371,51.4749877],[-0.4410355,51.4750281],[-0.4411945,51.475043]]}},{"type":"Feature","properties":{"aeroway":"taxiway","osmType":"way","osmId":208664066,"ref":"Taxiway S","name":null,"surface":null,"width":null,"lit":null,"service":null},"geometry":{"type":"LineString","coordinates":[[-0.4358146,51.4623793],[-0.4358006,51.4624968],[-0.4358254,51.4625581],[-0.4358554,51.4626091],[-0.4358985,51.4626545],[-0.4359608,51.4627033],[-0.4360206,51.4627382],[-0.4361133,51.4627732],[-0.43628,51.4628021]]}},{"type":"Feature","properties":{"aeroway":"taxiway","osmType":"way","osmId":243361271,"ref":"Taxiway L","name":null,"surface":null,"width":null,"lit":null,"service":null},"geometry":{"type":"LineString","coordinates":[[-0.4400976,51.4676925],[-0.4399868,51.4677067],[-0.440105,51.4677205],[-0.4402361,51.4677565],[-0.4403467,51.467808],[-0.440438,51.4678747],[-0.4405092,51.4679573],[-0.4405516,51.4680626],[-0.4405399,51.4678802],[-0.4405827,51.4677857],[-0.440643,51.467717],[-0.440737,51.4676468],[-0.4408573,51.46759],[-0.4410556,51.4675435],[-0.4409228,51.4675138],[-0.4407979,51.4674645],[-0.4407018,51.4674178],[-0.440637,51.4673565],[-0.4405797,51.4672971],[-0.4405448,51.4672105]]}},{"type":"Feature","properties":{"aeroway":"taxiway","osmType":"way","osmId":243361272,"ref":null,"name":null,"surface":null,"width":null,"lit":null,"service":null},"geometry":{"type":"LineString","coordinates":[[-0.4405389,51.467349],[-0.4405037,51.4674625],[-0.4404392,51.4675397],[-0.4403676,51.4675954],[-0.4402543,51.4676498],[-0.4400976,51.4676925]]}},{"type":"Feature","properties":{"aeroway":"taxiway","osmType":"way","osmId":243361273,"ref":"Taxiway L","name":null,"surface":null,"width":null,"lit":null,"service":null},"geometry":{"type":"LineString","coordinates":[[-0.4411248,51.4666559],[-0.4408795,51.4666931],[-0.4407092,51.4667704],[-0.4406104,51.4668578],[-0.4405486,51.4669758]]}},{"type":"Feature","properties":{"aeroway":"taxiway","osmType":"way","osmId":243361274,"ref":"Taxiway L","name":null,"surface":null,"width":null,"lit":null,"service":null},"geometry":{"type":"LineString","coordinates":[[-0.4405486,51.4669758],[-0.4404927,51.4668563],[-0.440391,51.4667637],[-0.4402163,51.4666994],[-0.4399816,51.4666599]]}},{"type":"Feature","properties":{"aeroway":"taxiway","osmType":"way","osmId":286248566,"ref":"Taxiway Z","name":null,"surface":null,"width":null,"lit":null,"service":null},"geometry":{"type":"LineString","coordinates":[[-0.472634,51.4629134],[-0.4726316,51.4627057],[-0.472629,51.462478],[-0.4726237,51.462011],[-0.47262,51.4616826],[-0.4726181,51.4615197],[-0.4726123,51.4610083],[-0.4726092,51.4607409],[-0.4726053,51.4603933],[-0.4725982,51.459775]]}},{"type":"Feature","properties":{"aeroway":"taxiway","osmType":"way","osmId":286259810,"ref":"Link 26","name":null,"surface":null,"width":null,"lit":null,"service":null},"geometry":{"type":"LineString","coordinates":[[-0.4369861,51.4705775],[-0.4371737,51.4706125],[-0.4373222,51.4706765],[-0.4374564,51.470771],[-0.4375074,51.4708586],[-0.4375306,51.4709882]]}},{"type":"Feature","properties":{"aeroway":"taxiway","osmType":"way","osmId":286259811,"ref":"Link 25","name":null,"surface":null,"width":null,"lit":null,"service":null},"geometry":{"type":"LineString","coordinates":[[-0.4366275,51.47146],[-0.4364662,51.4714305],[-0.4363266,51.4713823],[-0.4361949,51.4712963],[-0.4361427,51.471234],[-0.4360992,51.471146]]}},{"type":"Feature","properties":{"aeroway":"taxiway","osmType":"way","osmId":286259813,"ref":"Link 27","name":null,"surface":null,"width":null,"lit":null,"service":null},"geometry":{"type":"LineString","coordinates":[[-0.4366777,51.4692962],[-0.4363644,51.4693343],[-0.4361813,51.4694507],[-0.4360857,51.4696282]]}},{"type":"Feature","properties":{"aeroway":"taxiway","osmType":"way","osmId":286259814,"ref":"Link 27","name":null,"surface":null,"width":null,"lit":null,"service":null},"geometry":{"type":"LineString","coordinates":[[-0.4369847,51.4692873],[-0.4367961,51.4692927],[-0.4366777,51.4692962]]}},{"type":"Feature","properties":{"aeroway":"taxiway","osmType":"way","osmId":286259815,"ref":"Link 25","name":null,"surface":null,"width":null,"lit":null,"service":null},"geometry":{"type":"LineString","coordinates":[[-0.4369734,51.4714589],[-0.4368168,51.4714594],[-0.4366275,51.47146]]}},{"type":"Feature","properties":{"aeroway":"taxiway","osmType":"way","osmId":286259816,"ref":"Link 26","name":null,"surface":null,"width":null,"lit":null,"service":null},"geometry":{"type":"LineString","coordinates":[[-0.4369861,51.4705775],[-0.4368112,51.4705793],[-0.4366375,51.4705812]]}},{"type":"Feature","properties":{"aeroway":"taxiway","osmType":"way","osmId":344077777,"ref":"Taxiway L","name":null,"surface":null,"width":null,"lit":null,"service":null},"geometry":{"type":"LineString","coordinates":[[-0.4405389,51.467349],[-0.4405399,51.4678802],[-0.4405516,51.4680626],[-0.4405541,51.4683164],[-0.4405662,51.4683853],[-0.440578,51.4686763],[-0.440577,51.4687927],[-0.4405819,51.4689836],[-0.4405924,51.4693897],[-0.4405913,51.4694571],[-0.4405908,51.4697822],[-0.4405905,51.4699614],[-0.4405914,51.4700343],[-0.4405867,51.4701889],[-0.4405878,51.4703444],[-0.440581,51.4704148],[-0.4405828,51.4705808],[-0.4405847,51.4707507],[-0.4405782,51.4709856],[-0.4405783,51.4709903],[-0.4405743,51.4711332],[-0.4405555,51.4716542],[-0.4405556,51.4717239],[-0.4405605,51.4718783],[-0.4405646,51.472044],[-0.440564,51.4721116],[-0.4405656,51.4722717],[-0.4405676,51.4724815],[-0.4405671,51.4726117],[-0.4405712,51.4726791],[-0.4405735,51.472906],[-0.4405745,51.4730201],[-0.4405769,51.4732758],[-0.4405828,51.4734081],[-0.4405867,51.4738956],[-0.4405971,51.4740984],[-0.4406014,51.4741671],[-0.4406138,51.4743009],[-0.4406157,51.4745239],[-0.4406174,51.4746879]]}},{"type":"Feature","properties":{"aeroway":"taxiway","osmType":"way","osmId":354289766,"ref":null,"name":null,"surface":null,"width":null,"lit":null,"service":null},"geometry":{"type":"LineString","coordinates":[[-0.434757,51.4716586],[-0.4349344,51.4717219],[-0.4350812,51.4717531],[-0.4352259,51.471762],[-0.4353721,51.471751],[-0.4355158,51.4717162],[-0.4356487,51.4716519]]}},{"type":"Feature","properties":{"aeroway":"apron","osmType":"way","osmId":354290795,"ref":null,"name":null,"surface":null,"width":null,"lit":null,"service":null},"geometry":{"type":"Polygon","coordinates":[[[-0.4413389,51.4721976],[-0.4413394,51.4722768],[-0.4413441,51.4730725],[-0.4413483,51.4737813],[-0.4413523,51.4744624],[-0.4425703,51.4744569],[-0.4426811,51.474388],[-0.442667,51.4721904],[-0.4426293,51.4682262],[-0.441299,51.4682429],[-0.4413003,51.4683676],[-0.4413065,51.4689865],[-0.4413145,51.4697839],[-0.4413227,51.4705884],[-0.4413312,51.4714349],[-0.4413389,51.4721976]]]}},{"type":"Feature","properties":{"aeroway":"apron","osmType":"way","osmId":354290796,"ref":null,"name":null,"surface":null,"width":null,"lit":null,"service":null},"geometry":{"type":"Polygon","coordinates":[[[-0.4448618,51.4744467],[-0.4448524,51.4737731],[-0.4448074,51.4705587],[-0.4435466,51.470552],[-0.443562,51.4725246],[-0.4435289,51.4743716],[-0.4436408,51.4744518],[-0.4448618,51.4744467]]]}},{"type":"Feature","properties":{"aeroway":"taxiway","osmType":"way","osmId":379842239,"ref":null,"name":null,"surface":null,"width":null,"lit":null,"service":null},"geometry":{"type":"LineString","coordinates":[[-0.4735702,51.4754606],[-0.4735491,51.4755191],[-0.4735191,51.4755754],[-0.4734757,51.4756282],[-0.4734198,51.4756763],[-0.4733528,51.4757184],[-0.4732763,51.4757537],[-0.4731919,51.4757813],[-0.4731018,51.4758005],[-0.4730081,51.475811]]}},{"type":"Feature","properties":{"aeroway":"taxiway","osmType":"way","osmId":379842240,"ref":"A11","name":null,"surface":null,"width":null,"lit":null,"service":null},"geometry":{"type":"LineString","coordinates":[[-0.4735702,51.4754606],[-0.4735632,51.4755342],[-0.4735739,51.4756026],[-0.4736128,51.4756787],[-0.4736713,51.4757428],[-0.4737296,51.4758073],[-0.4738113,51.4758873],[-0.4738698,51.4759811],[-0.4738857,51.4760418],[-0.4738983,51.476155]]}},{"type":"Feature","properties":{"aeroway":"taxiway","osmType":"way","osmId":379842241,"ref":"A11","name":null,"surface":null,"width":null,"lit":null,"service":null},"geometry":{"type":"LineString","coordinates":[[-0.4733256,51.4758087],[-0.4734223,51.4758155],[-0.4735158,51.4758321],[-0.4736037,51.4758579],[-0.4736836,51.4758924],[-0.4737534,51.4759346],[-0.4738111,51.4759834],[-0.4738552,51.4760373],[-0.4738845,51.4760951],[-0.4738983,51.476155]]}},{"type":"Feature","properties":{"aeroway":"taxiway","osmType":"way","osmId":379842242,"ref":null,"name":null,"surface":null,"width":null,"lit":null,"service":null},"geometry":{"type":"LineString","coordinates":[[-0.4729718,51.4749033],[-0.4730604,51.4748932],[-0.4731452,51.4748817],[-0.4732262,51.4748624],[-0.4733017,51.4748357],[-0.4733698,51.4748023],[-0.473429,51.4747628],[-0.473478,51.4747182],[-0.4735157,51.4746695],[-0.4735412,51.4746179],[-0.4735609,51.4745644]]}},{"type":"Feature","properties":{"aeroway":"taxiway","osmType":"way","osmId":379842244,"ref":"Link 33","name":null,"surface":null,"width":null,"lit":null,"service":null},"geometry":{"type":"LineString","coordinates":[[-0.4561167,51.4664632],[-0.4559729,51.4666132],[-0.4558134,51.4667795],[-0.4557706,51.466836],[-0.4557466,51.466879],[-0.4557393,51.4669069],[-0.4557237,51.4669596],[-0.4557221,51.4670551],[-0.4557228,51.4671357],[-0.4557056,51.4672104],[-0.4556724,51.4672665],[-0.4556377,51.4673068],[-0.4555803,51.4673593],[-0.4555063,51.4674073],[-0.4554236,51.4674435],[-0.4553221,51.4674705],[-0.4552024,51.4674874]]}},{"type":"Feature","properties":{"aeroway":"taxiway","osmType":"way","osmId":379842252,"ref":"N8","name":null,"surface":null,"width":null,"lit":null,"service":null},"geometry":{"type":"LineString","coordinates":[[-0.4821399,51.4662287],[-0.4821369,51.4660288],[-0.4821332,51.4657791],[-0.4821275,51.4651475]]}},{"type":"Feature","properties":{"aeroway":"taxiway","osmType":"way","osmId":379842253,"ref":"S3","name":null,"surface":null,"width":null,"lit":null,"service":null},"geometry":{"type":"LineString","coordinates":[[-0.4417103,51.4634363],[-0.4414812,51.4636945],[-0.4412659,51.4639241],[-0.4408526,51.4643781]]}},{"type":"Feature","properties":{"aeroway":"taxiway","osmType":"way","osmId":379842254,"ref":null,"name":null,"surface":null,"width":null,"lit":null,"service":null},"geometry":{"type":"LineString","coordinates":[[-0.4422047,51.4628481],[-0.4420555,51.4630599],[-0.4419925,51.4631308],[-0.4417103,51.4634363]]}},{"type":"Feature","properties":{"aeroway":"taxiway","osmType":"way","osmId":379842255,"ref":"Taxiway E","name":null,"surface":null,"width":null,"lit":null,"service":null},"geometry":{"type":"LineString","coordinates":[[-0.4686248,51.4677641],[-0.4686224,51.467464],[-0.4686197,51.4671372],[-0.4686188,51.467025],[-0.4686184,51.4669711],[-0.4686151,51.4665681],[-0.4686127,51.4662645]]}},{"type":"Feature","properties":{"aeroway":"taxiway","osmType":"way","osmId":379842256,"ref":"Link 28","name":null,"surface":null,"width":null,"lit":null,"service":null},"geometry":{"type":"LineString","coordinates":[[-0.4355157,51.4677148],[-0.4353273,51.467713],[-0.4351401,51.4677112],[-0.4349969,51.4676929],[-0.4348659,51.4676522],[-0.4348034,51.4676187],[-0.4347551,51.4675928],[-0.4346715,51.467518]]}},{"type":"Feature","properties":{"aeroway":"taxiway","osmType":"way","osmId":379842258,"ref":"Link 31","name":null,"surface":null,"width":null,"lit":null,"service":null},"geometry":{"type":"LineString","coordinates":[[-0.4507263,51.466979],[-0.4507214,51.4670727],[-0.4507164,51.4671681],[-0.4506824,51.4672681],[-0.4506137,51.4673498],[-0.4505226,51.4674102],[-0.450394,51.467468],[-0.4501968,51.4675041]]}},{"type":"Feature","properties":{"aeroway":"apron","osmType":"way","osmId":379842261,"ref":null,"name":null,"surface":null,"width":null,"lit":null,"service":null},"geometry":{"type":"Polygon","coordinates":[[[-0.4878607,51.4680309],[-0.4891308,51.468027],[-0.4891725,51.4680399],[-0.4892076,51.4680591],[-0.4892335,51.4680833],[-0.4892485,51.4681108],[-0.4892438,51.4685323],[-0.4879336,51.4685376],[-0.4878628,51.468489],[-0.4878607,51.4680309]]]}},{"type":"Feature","properties":{"aeroway":"taxiway","osmType":"way","osmId":379842262,"ref":null,"name":null,"surface":null,"width":null,"lit":null,"service":null},"geometry":{"type":"LineString","coordinates":[[-0.4735609,51.4745644],[-0.4735783,51.4746273],[-0.4736145,51.4746871],[-0.4736666,51.4747421],[-0.4737331,51.4747907],[-0.473812,51.4748314],[-0.4739009,51.4748632],[-0.4739973,51.474885],[-0.4741066,51.4749029]]}},{"type":"Feature","properties":{"aeroway":"parking_position","osmType":"way","osmId":379842263,"ref":"501","name":null,"surface":null,"width":null,"lit":null,"service":null},"geometry":{"type":"LineString","coordinates":[[-0.4891378,51.474958],[-0.4891933,51.4749685],[-0.4892698,51.4749734],[-0.4893449,51.4749657],[-0.4893981,51.474955],[-0.4894689,51.4749341],[-0.4895247,51.4749095],[-0.4895729,51.4748763],[-0.4896135,51.4748337],[-0.4896377,51.4747967],[-0.489649,51.4747612],[-0.4896533,51.4747059],[-0.489643,51.4746688],[-0.4896245,51.4746384],[-0.489599,51.4745993],[-0.4895794,51.4745616],[-0.4895698,51.4745167],[-0.4895665,51.474057]]}},{"type":"Feature","properties":{"aeroway":"parking_position","osmType":"way","osmId":379842265,"ref":"502","name":null,"surface":null,"width":null,"lit":null,"service":null},"geometry":{"type":"LineString","coordinates":[[-0.4889561,51.4749095],[-0.4889435,51.4739583]]}},{"type":"Feature","properties":{"aeroway":"parking_position","osmType":"way","osmId":379842267,"ref":"503","name":null,"surface":null,"width":null,"lit":null,"service":null},"geometry":{"type":"LineString","coordinates":[[-0.4883345,51.4748658],[-0.4883267,51.4739156]]}},{"type":"Feature","properties":{"aeroway":"parking_position","osmType":"way","osmId":379842269,"ref":"505","name":null,"surface":null,"width":null,"lit":null,"service":null},"geometry":{"type":"LineString","coordinates":[[-0.4876194,51.4748707],[-0.48761,51.473862]]}},{"type":"Feature","properties":{"aeroway":"parking_position","osmType":"way","osmId":379842271,"ref":"506","name":null,"surface":null,"width":null,"lit":null,"service":null},"geometry":{"type":"LineString","coordinates":[[-0.4847463,51.4739961],[-0.4861027,51.4739967]]}},{"type":"Feature","properties":{"aeroway":"parking_position","osmType":"way","osmId":379842273,"ref":"507","name":null,"surface":null,"width":null,"lit":null,"service":null},"geometry":{"type":"LineString","coordinates":[[-0.484743,51.4736108],[-0.4860994,51.4736091]]}},{"type":"Feature","properties":{"aeroway":"parking_position","osmType":"way","osmId":379842275,"ref":"508","name":null,"surface":null,"width":null,"lit":null,"service":null},"geometry":{"type":"LineString","coordinates":[[-0.4847389,51.4731625],[-0.4862569,51.4731617]]}},{"type":"Feature","properties":{"aeroway":"parking_position","osmType":"way","osmId":379842277,"ref":"509","name":null,"surface":null,"width":null,"lit":null,"service":null},"geometry":{"type":"LineString","coordinates":[[-0.4847334,51.4727158],[-0.4860442,51.4727158]]}},{"type":"Feature","properties":{"aeroway":"parking_position","osmType":"way","osmId":379842279,"ref":"511","name":null,"surface":null,"width":null,"lit":null,"service":null},"geometry":{"type":"LineString","coordinates":[[-0.4847313,51.4723268],[-0.4860847,51.4723283]]}},{"type":"Feature","properties":{"aeroway":"parking_position","osmType":"way","osmId":379842281,"ref":"512","name":null,"surface":null,"width":null,"lit":null,"service":null},"geometry":{"type":"LineString","coordinates":[[-0.4847255,51.4718817],[-0.4862656,51.4718803]]}},{"type":"Feature","properties":{"aeroway":"parking_position","osmType":"way","osmId":379842284,"ref":"513","name":null,"surface":null,"width":null,"lit":null,"service":null},"geometry":{"type":"LineString","coordinates":[[-0.4847249,51.4713431],[-0.48643,51.4713403]]}},{"type":"Feature","properties":{"aeroway":"parking_position","osmType":"way","osmId":379842285,"ref":"514","name":null,"surface":null,"width":null,"lit":null,"service":null},"geometry":{"type":"LineString","coordinates":[[-0.484725,51.4712768],[-0.4864596,51.471274]]}},{"type":"Feature","properties":{"aeroway":"parking_position","osmType":"way","osmId":379842286,"ref":"515","name":null,"surface":null,"width":null,"lit":null,"service":null},"geometry":{"type":"LineString","coordinates":[[-0.4847225,51.4708768],[-0.4860583,51.4708748]]}},{"type":"Feature","properties":{"aeroway":"parking_position","osmType":"way","osmId":379842288,"ref":"516","name":null,"surface":null,"width":null,"lit":null,"service":null},"geometry":{"type":"LineString","coordinates":[[-0.4847184,51.470611],[-0.4864488,51.4706064]]}},{"type":"Feature","properties":{"aeroway":"parking_position","osmType":"way","osmId":379842289,"ref":"517","name":null,"surface":null,"width":null,"lit":null,"service":null},"geometry":{"type":"LineString","coordinates":[[-0.4847186,51.4704888],[-0.4860197,51.4704852]]}},{"type":"Feature","properties":{"aeroway":"parking_position","osmType":"way","osmId":379842290,"ref":"518","name":null,"surface":null,"width":null,"lit":null,"service":null},"geometry":{"type":"LineString","coordinates":[[-0.4847118,51.4699442],[-0.4864451,51.4699412]]}},{"type":"Feature","properties":{"aeroway":"parking_position","osmType":"way","osmId":379842292,"ref":"519","name":null,"surface":null,"width":null,"lit":null,"service":null},"geometry":{"type":"LineString","coordinates":[[-0.4857629,51.4687762],[-0.4857676,51.4694381]]}},{"type":"Feature","properties":{"aeroway":"parking_position","osmType":"way","osmId":379842294,"ref":"520","name":null,"surface":null,"width":null,"lit":null,"service":null},"geometry":{"type":"LineString","coordinates":[[-0.4865058,51.4687731],[-0.4865072,51.4694347]]}},{"type":"Feature","properties":{"aeroway":"parking_position","osmType":"way","osmId":379842296,"ref":"521","name":null,"surface":null,"width":null,"lit":null,"service":null},"geometry":{"type":"LineString","coordinates":[[-0.4871565,51.4687683],[-0.487186,51.4694316]]}},{"type":"Feature","properties":{"aeroway":"parking_position","osmType":"way","osmId":379842298,"ref":"522","name":null,"surface":null,"width":null,"lit":null,"service":null},"geometry":{"type":"LineString","coordinates":[[-0.4879039,51.468764],[-0.4879103,51.4694307]]}},{"type":"Feature","properties":{"aeroway":"parking_position","osmType":"way","osmId":379842300,"ref":"523","name":null,"surface":null,"width":null,"lit":null,"service":null},"geometry":{"type":"LineString","coordinates":[[-0.4886246,51.468766],[-0.4886296,51.4694253]]}},{"type":"Feature","properties":{"aeroway":"parking_position","osmType":"way","osmId":379842302,"ref":"524","name":null,"surface":null,"width":null,"lit":null,"service":null},"geometry":{"type":"LineString","coordinates":[[-0.4888441,51.4687652],[-0.4888532,51.4681042]]}},{"type":"Feature","properties":{"aeroway":"parking_position","osmType":"way","osmId":379842303,"ref":"525","name":null,"surface":null,"width":null,"lit":null,"service":null},"geometry":{"type":"LineString","coordinates":[[-0.4882228,51.4687644],[-0.4882284,51.4681318]]}},{"type":"Feature","properties":{"aeroway":"parking_position","osmType":"way","osmId":379842304,"ref":"526","name":null,"surface":null,"width":null,"lit":null,"service":null},"geometry":{"type":"LineString","coordinates":[[-0.4868588,51.4687716],[-0.4868395,51.4681127]]}},{"type":"Feature","properties":{"aeroway":"parking_position","osmType":"way","osmId":379842305,"ref":"527","name":null,"surface":null,"width":null,"lit":null,"service":null},"geometry":{"type":"LineString","coordinates":[[-0.4862383,51.468774],[-0.4862312,51.4682075]]}},{"type":"Feature","properties":{"aeroway":"parking_position","osmType":"way","osmId":379842306,"ref":"531","name":null,"surface":null,"width":null,"lit":null,"service":null},"geometry":{"type":"LineString","coordinates":[[-0.4835994,51.4737917],[-0.4819792,51.4737978]]}},{"type":"Feature","properties":{"aeroway":"parking_position","osmType":"way","osmId":379842307,"ref":"532","name":null,"surface":null,"width":null,"lit":null,"service":null},"geometry":{"type":"LineString","coordinates":[[-0.4835929,51.4731313],[-0.4819744,51.4731375]]}},{"type":"Feature","properties":{"aeroway":"parking_position","osmType":"way","osmId":379842310,"ref":"533","name":null,"surface":null,"width":null,"lit":null,"service":null},"geometry":{"type":"LineString","coordinates":[[-0.4835864,51.472473],[-0.4819696,51.4724792]]}},{"type":"Feature","properties":{"aeroway":"parking_position","osmType":"way","osmId":379842311,"ref":"534","name":null,"surface":null,"width":null,"lit":null,"service":null},"geometry":{"type":"LineString","coordinates":[[-0.4835798,51.4718071],[-0.4819647,51.4718133]]}},{"type":"Feature","properties":{"aeroway":"parking_position","osmType":"way","osmId":379842313,"ref":"535","name":null,"surface":null,"width":null,"lit":null,"service":null},"geometry":{"type":"LineString","coordinates":[[-0.4835732,51.4711395],[-0.4819598,51.4711456]]}},{"type":"Feature","properties":{"aeroway":"parking_position","osmType":"way","osmId":379842315,"ref":"536","name":null,"surface":null,"width":null,"lit":null,"service":null},"geometry":{"type":"LineString","coordinates":[[-0.4835667,51.470476],[-0.481955,51.4704822]]}},{"type":"Feature","properties":{"aeroway":"parking_position","osmType":"way","osmId":379842317,"ref":"537","name":null,"surface":null,"width":null,"lit":null,"service":null},"geometry":{"type":"LineString","coordinates":[[-0.4835601,51.4698046],[-0.4819501,51.4698107]]}},{"type":"Feature","properties":{"aeroway":"parking_position","osmType":"way","osmId":379842319,"ref":"538","name":null,"surface":null,"width":null,"lit":null,"service":null},"geometry":{"type":"LineString","coordinates":[[-0.4835535,51.4691375],[-0.4819452,51.4691437]]}},{"type":"Feature","properties":{"aeroway":"parking_position","osmType":"way","osmId":379842321,"ref":"539","name":null,"surface":null,"width":null,"lit":null,"service":null},"geometry":{"type":"LineString","coordinates":[[-0.483547,51.4684757],[-0.4819404,51.4684818]]}},{"type":"Feature","properties":{"aeroway":"parking_position","osmType":"way","osmId":379842323,"ref":"541","name":null,"surface":null,"width":null,"lit":null,"service":null},"geometry":{"type":"LineString","coordinates":[[-0.4786936,51.4684608],[-0.4805348,51.4684555]]}},{"type":"Feature","properties":{"aeroway":"parking_position","osmType":"way","osmId":379842324,"ref":"542","name":null,"surface":null,"width":null,"lit":null,"service":null},"geometry":{"type":"LineString","coordinates":[[-0.4786986,51.4691347],[-0.4805253,51.4691294]]}},{"type":"Feature","properties":{"aeroway":"parking_position","osmType":"way","osmId":379842326,"ref":"543","name":null,"surface":null,"width":null,"lit":null,"service":null},"geometry":{"type":"LineString","coordinates":[[-0.4787036,51.4697979],[-0.4805775,51.4697925]]}},{"type":"Feature","properties":{"aeroway":"parking_position","osmType":"way","osmId":379842328,"ref":"544L","name":null,"surface":null,"width":null,"lit":null,"service":null},"geometry":{"type":"LineString","coordinates":[[-0.4787076,51.4703377],[-0.4801519,51.4703335]]}},{"type":"Feature","properties":{"aeroway":"parking_position","osmType":"way","osmId":379842329,"ref":"544R","name":null,"surface":null,"width":null,"lit":null,"service":null},"geometry":{"type":"LineString","coordinates":[[-0.4787104,51.4707151],[-0.480545,51.4707098]]}},{"type":"Feature","properties":{"aeroway":"parking_position","osmType":"way","osmId":379842330,"ref":"544","name":null,"surface":null,"width":null,"lit":null,"service":null},"geometry":{"type":"LineString","coordinates":[[-0.478709,51.4705314],[-0.4805907,51.470526]]}},{"type":"Feature","properties":{"aeroway":"parking_position","osmType":"way","osmId":379842332,"ref":"545L","name":null,"surface":null,"width":null,"lit":null,"service":null},"geometry":{"type":"LineString","coordinates":[[-0.4787136,51.4711456],[-0.4801509,51.4711414]]}},{"type":"Feature","properties":{"aeroway":"parking_position","osmType":"way","osmId":379842333,"ref":"545R","name":null,"surface":null,"width":null,"lit":null,"service":null},"geometry":{"type":"LineString","coordinates":[[-0.4787164,51.4715167],[-0.4805568,51.4715113]]}},{"type":"Feature","properties":{"aeroway":"parking_position","osmType":"way","osmId":379842334,"ref":"545","name":null,"surface":null,"width":null,"lit":null,"service":null},"geometry":{"type":"LineString","coordinates":[[-0.4787149,51.4713239],[-0.4806088,51.4713184]]}},{"type":"Feature","properties":{"aeroway":"parking_position","osmType":"way","osmId":379842336,"ref":"546L","name":null,"surface":null,"width":null,"lit":null,"service":null},"geometry":{"type":"LineString","coordinates":[[-0.4787195,51.4719466],[-0.4802082,51.4719423]]}},{"type":"Feature","properties":{"aeroway":"parking_position","osmType":"way","osmId":379842337,"ref":"546R","name":null,"surface":null,"width":null,"lit":null,"service":null},"geometry":{"type":"LineString","coordinates":[[-0.4787224,51.4723278],[-0.4806154,51.4723224]]}},{"type":"Feature","properties":{"aeroway":"parking_position","osmType":"way","osmId":379842338,"ref":"546","name":null,"surface":null,"width":null,"lit":null,"service":null},"geometry":{"type":"LineString","coordinates":[[-0.4787209,51.4721335],[-0.4805911,51.4721281]]}},{"type":"Feature","properties":{"aeroway":"parking_position","osmType":"way","osmId":379842340,"ref":"547L","name":null,"surface":null,"width":null,"lit":null,"service":null},"geometry":{"type":"LineString","coordinates":[[-0.4787266,51.4728986],[-0.4802526,51.4728942]]}},{"type":"Feature","properties":{"aeroway":"parking_position","osmType":"way","osmId":379842341,"ref":"547R","name":null,"surface":null,"width":null,"lit":null,"service":null},"geometry":{"type":"LineString","coordinates":[[-0.4787295,51.473289],[-0.480436,51.4732841]]}},{"type":"Feature","properties":{"aeroway":"parking_position","osmType":"way","osmId":379842342,"ref":"547","name":null,"surface":null,"width":null,"lit":null,"service":null},"geometry":{"type":"LineString","coordinates":[[-0.478728,51.473082],[-0.4806362,51.4730765]]}},{"type":"Feature","properties":{"aeroway":"parking_position","osmType":"way","osmId":379842344,"ref":"548L","name":null,"surface":null,"width":null,"lit":null,"service":null},"geometry":{"type":"LineString","coordinates":[[-0.4787332,51.4737875],[-0.4800732,51.4737836]]}},{"type":"Feature","properties":{"aeroway":"parking_position","osmType":"way","osmId":379842345,"ref":"548R","name":null,"surface":null,"width":null,"lit":null,"service":null},"geometry":{"type":"LineString","coordinates":[[-0.478736,51.4741658],[-0.4804464,51.4741609]]}},{"type":"Feature","properties":{"aeroway":"parking_position","osmType":"way","osmId":379842346,"ref":"548","name":null,"surface":null,"width":null,"lit":null,"service":null},"geometry":{"type":"LineString","coordinates":[[-0.4787346,51.473974],[-0.4805225,51.4739689]]}},{"type":"Feature","properties":{"aeroway":"parking_position","osmType":"way","osmId":379842348,"ref":"551","name":null,"surface":null,"width":null,"lit":null,"service":null},"geometry":{"type":"LineString","coordinates":[[-0.4786939,51.4684974],[-0.4769431,51.4685024]]}},{"type":"Feature","properties":{"aeroway":"parking_position","osmType":"way","osmId":379842349,"ref":"552","name":null,"surface":null,"width":null,"lit":null,"service":null},"geometry":{"type":"LineString","coordinates":[[-0.4786988,51.4691613],[-0.4769318,51.4691664]]}},{"type":"Feature","properties":{"aeroway":"parking_position","osmType":"way","osmId":379842351,"ref":"553","name":null,"surface":null,"width":null,"lit":null,"service":null},"geometry":{"type":"LineString","coordinates":[[-0.4787038,51.4698231],[-0.4768811,51.4698284]]}},{"type":"Feature","properties":{"aeroway":"parking_position","osmType":"way","osmId":379842353,"ref":"554","name":null,"surface":null,"width":null,"lit":null,"service":null},"geometry":{"type":"LineString","coordinates":[[-0.4787088,51.4704959],[-0.4769668,51.470501]]}},{"type":"Feature","properties":{"aeroway":"parking_position","osmType":"way","osmId":379842355,"ref":"555","name":null,"surface":null,"width":null,"lit":null,"service":null},"geometry":{"type":"LineString","coordinates":[[-0.4787142,51.4712247],[-0.476866,51.47123]]}},{"type":"Feature","properties":{"aeroway":"parking_position","osmType":"way","osmId":379842357,"ref":"556","name":null,"surface":null,"width":null,"lit":null,"service":null},"geometry":{"type":"LineString","coordinates":[[-0.4787214,51.4721984],[-0.4769338,51.4722036]]}},{"type":"Feature","properties":{"aeroway":"parking_position","osmType":"way","osmId":379842359,"ref":"557","name":null,"surface":null,"width":null,"lit":null,"service":null},"geometry":{"type":"LineString","coordinates":[[-0.4787285,51.4731468],[-0.4769483,51.473152]]}},{"type":"Feature","properties":{"aeroway":"parking_position","osmType":"way","osmId":379842361,"ref":"558","name":null,"surface":null,"width":null,"lit":null,"service":null},"geometry":{"type":"LineString","coordinates":[[-0.4787344,51.4739394],[-0.4776189,51.4739426],[-0.4769728,51.4739445]]}},{"type":"Feature","properties":{"aeroway":"parking_position","osmType":"way","osmId":379842362,"ref":"561","name":null,"surface":null,"width":null,"lit":null,"service":null},"geometry":{"type":"LineString","coordinates":[[-0.4735548,51.4739726],[-0.4754224,51.4739651]]}},{"type":"Feature","properties":{"aeroway":"parking_position","osmType":"way","osmId":379842364,"ref":"562","name":null,"surface":null,"width":null,"lit":null,"service":null},"geometry":{"type":"LineString","coordinates":[[-0.4735466,51.4731774],[-0.4753455,51.4731702]]}},{"type":"Feature","properties":{"aeroway":"parking_position","osmType":"way","osmId":379842366,"ref":"563","name":null,"surface":null,"width":null,"lit":null,"service":null},"geometry":{"type":"LineString","coordinates":[[-0.4735369,51.4722429],[-0.4753271,51.4722357]]}},{"type":"Feature","properties":{"aeroway":"parking_position","osmType":"way","osmId":379842368,"ref":"564","name":null,"surface":null,"width":null,"lit":null,"service":null},"geometry":{"type":"LineString","coordinates":[[-0.4735286,51.4714432],[-0.475335,51.4714359]]}},{"type":"Feature","properties":{"aeroway":"parking_position","osmType":"way","osmId":379842370,"ref":"565","name":null,"surface":null,"width":null,"lit":null,"service":null},"geometry":{"type":"LineString","coordinates":[[-0.4735193,51.4705483],[-0.4753262,51.470541]]}},{"type":"Feature","properties":{"aeroway":"parking_position","osmType":"way","osmId":379842372,"ref":"566","name":null,"surface":null,"width":null,"lit":null,"service":null},"geometry":{"type":"LineString","coordinates":[[-0.4735117,51.4698136],[-0.4752463,51.4698066]]}},{"type":"Feature","properties":{"aeroway":"parking_position","osmType":"way","osmId":379842374,"ref":"567","name":null,"surface":null,"width":null,"lit":null,"service":null},"geometry":{"type":"LineString","coordinates":[[-0.4735049,51.4691523],[-0.475234,51.4691453]]}},{"type":"Feature","properties":{"aeroway":"parking_position","osmType":"way","osmId":379842375,"ref":"568","name":null,"surface":null,"width":null,"lit":null,"service":null},"geometry":{"type":"LineString","coordinates":[[-0.473498,51.4684828],[-0.4752423,51.4684758]]}},{"type":"Feature","properties":{"aeroway":"taxiway","osmType":"way","osmId":379842376,"ref":"Taxiway Y","name":null,"surface":null,"width":null,"lit":null,"service":null},"geometry":{"type":"LineString","coordinates":[[-0.4842156,51.4687765],[-0.4841218,51.4687769],[-0.4840598,51.4687771]]}},{"type":"Feature","properties":{"aeroway":"taxiway","osmType":"way","osmId":379842378,"ref":"Taxiway Y","name":null,"surface":null,"width":null,"lit":null,"service":null},"geometry":{"type":"LineString","coordinates":[[-0.4846915,51.4684689],[-0.4846641,51.468552],[-0.4846171,51.4686095],[-0.4845557,51.4686636],[-0.4844829,51.4687077],[-0.4843803,51.4687451],[-0.4843108,51.4687618],[-0.4842156,51.4687765]]}},{"type":"Feature","properties":{"aeroway":"taxiway","osmType":"way","osmId":379842379,"ref":"Taxiway Y","name":null,"surface":null,"width":null,"lit":null,"service":null},"geometry":{"type":"LineString","coordinates":[[-0.4847001,51.4690959],[-0.4846795,51.4690179],[-0.4846353,51.4689547],[-0.484586,51.4689111],[-0.4845276,51.4688675],[-0.4844481,51.4688308],[-0.4843575,51.4688011],[-0.4842156,51.4687765]]}},{"type":"Feature","properties":{"aeroway":"taxiway","osmType":"way","osmId":379842380,"ref":"Taxiway Y","name":null,"surface":null,"width":null,"lit":null,"service":null},"geometry":{"type":"LineString","coordinates":[[-0.4840598,51.4687771],[-0.4839364,51.4687903],[-0.4838377,51.4688151],[-0.4837621,51.468845],[-0.4836847,51.4688914],[-0.4836224,51.468946],[-0.4835776,51.4690068],[-0.4835529,51.4690718]]}},{"type":"Feature","properties":{"aeroway":"taxiway","osmType":"way","osmId":379842381,"ref":"Link 54","name":null,"surface":null,"width":null,"lit":null,"service":null},"geometry":{"type":"LineString","coordinates":[[-0.4842123,51.4704958],[-0.4841364,51.4704962],[-0.484052,51.4704965]]}},{"type":"Feature","properties":{"aeroway":"taxiway","osmType":"way","osmId":379842382,"ref":"Link 54","name":null,"surface":null,"width":null,"lit":null,"service":null},"geometry":{"type":"LineString","coordinates":[[-0.484721,51.4707997],[-0.4846892,51.47072],[-0.484643,51.4706613],[-0.4845801,51.470609],[-0.4845027,51.470565],[-0.4844134,51.4705306],[-0.4843155,51.4705072],[-0.4842123,51.4704958]]}},{"type":"Feature","properties":{"aeroway":"taxiway","osmType":"way","osmId":379842383,"ref":"Link 55","name":null,"surface":null,"width":null,"lit":null,"service":null},"geometry":{"type":"LineString","coordinates":[[-0.4847297,51.4723726],[-0.4847223,51.4724302],[-0.4847,51.4724751],[-0.4846675,51.4725176],[-0.4846255,51.4725566],[-0.4845749,51.4725915],[-0.4845167,51.4726214],[-0.4844521,51.4726458],[-0.4843826,51.4726641],[-0.4843096,51.4726759],[-0.4842346,51.4726797]]}},{"type":"Feature","properties":{"aeroway":"taxiway","osmType":"way","osmId":379842384,"ref":"Link 55","name":null,"surface":null,"width":null,"lit":null,"service":null},"geometry":{"type":"LineString","coordinates":[[-0.4842346,51.4726797],[-0.4841575,51.47268],[-0.4840895,51.4726803]]}},{"type":"Feature","properties":{"aeroway":"taxiway","osmType":"way","osmId":379842386,"ref":"N2W","name":null,"surface":null,"width":null,"lit":null,"service":null},"geometry":{"type":"LineString","coordinates":[[-0.4377787,51.4666691],[-0.437982,51.466618],[-0.4381315,51.4665528],[-0.4382429,51.466439],[-0.4382943,51.466333]]}},{"type":"Feature","properties":{"aeroway":"taxiway","osmType":"way","osmId":379842388,"ref":"N3","name":null,"surface":null,"width":null,"lit":null,"service":null},"geometry":{"type":"LineString","coordinates":[[-0.4405361,51.4653673],[-0.4405507,51.4652929],[-0.4405847,51.465221],[-0.4406371,51.4651535],[-0.4407064,51.4650923],[-0.4407909,51.4650389],[-0.4408883,51.4649949],[-0.4409959,51.4649614],[-0.4411108,51.4649392],[-0.44123,51.4649227]]}},{"type":"Feature","properties":{"aeroway":"taxiway","osmType":"way","osmId":379842390,"ref":"N4E","name":null,"surface":null,"width":null,"lit":null,"service":null},"geometry":{"type":"LineString","coordinates":[[-0.4491104,51.4647839],[-0.4487071,51.4650679],[-0.447325,51.4660338],[-0.4471179,51.4661778],[-0.4466323,51.4665197],[-0.446521,51.4665798],[-0.4463935,51.466623],[-0.4462441,51.4666479],[-0.4461272,51.4666485]]}},{"type":"Feature","properties":{"aeroway":"taxiway","osmType":"way","osmId":379842393,"ref":"N5E","name":null,"surface":null,"width":null,"lit":null,"service":null},"geometry":{"type":"LineString","coordinates":[[-0.4618426,51.4648583],[-0.4618436,51.4648739],[-0.4611168,51.4648753],[-0.4604048,51.4649071],[-0.4598675,51.4649547],[-0.459202,51.4650488],[-0.4583806,51.4652159],[-0.457206,51.4655543],[-0.4569245,51.4656391],[-0.4568023,51.4656995],[-0.4567085,51.4657803],[-0.4566336,51.4658777],[-0.4565849,51.466039],[-0.4565314,51.4661292],[-0.4565152,51.4661546],[-0.4561167,51.4664632]]}},{"type":"Feature","properties":{"aeroway":"taxiway","osmType":"way","osmId":379842396,"ref":"N5W","name":null,"surface":null,"width":null,"lit":null,"service":null},"geometry":{"type":"LineString","coordinates":[[-0.4597553,51.4667954],[-0.459601,51.4666036],[-0.4594279,51.4663884],[-0.4591746,51.4661418],[-0.4590416,51.4660235]]}},{"type":"Feature","properties":{"aeroway":"taxiway","osmType":"way","osmId":379842399,"ref":"N5W","name":null,"surface":null,"width":null,"lit":null,"service":null},"geometry":{"type":"LineString","coordinates":[[-0.4590416,51.4660235],[-0.4589456,51.4659308],[-0.4582075,51.4652611],[-0.4581283,51.465194]]}},{"type":"Feature","properties":{"aeroway":"taxiway","osmType":"way","osmId":379842402,"ref":"N7","name":null,"surface":null,"width":null,"lit":null,"service":null},"geometry":{"type":"LineString","coordinates":[[-0.4755109,51.4665434],[-0.4754341,51.4665353],[-0.4753592,51.466523],[-0.4752875,51.4665047],[-0.4752203,51.4664808],[-0.4751585,51.4664517],[-0.4751034,51.4664178],[-0.4750557,51.4663798],[-0.4750163,51.4663383],[-0.4749858,51.4662939],[-0.4749648,51.4662475],[-0.4749531,51.4661997]]}},{"type":"Feature","properties":{"aeroway":"taxiway","osmType":"way","osmId":379842405,"ref":"N7","name":null,"surface":null,"width":null,"lit":null,"service":null},"geometry":{"type":"LineString","coordinates":[[-0.4749336,51.4652005],[-0.474919,51.4651473],[-0.4749002,51.4651032],[-0.4748712,51.4650595],[-0.4748257,51.4650107],[-0.4747804,51.4649694],[-0.4747168,51.4649304],[-0.4746426,51.4648955],[-0.4745514,51.4648641],[-0.4744391,51.46484],[-0.4743242,51.4648293],[-0.4738212,51.4648303],[-0.4738199,51.4648182]]}},{"type":"Feature","properties":{"aeroway":"taxiway","osmType":"way","osmId":379842408,"ref":"S4W","name":null,"surface":null,"width":null,"lit":null,"service":null},"geometry":{"type":"LineString","coordinates":[[-0.451248,51.4632849],[-0.4507575,51.4636313],[-0.4505182,51.4637989],[-0.449869,51.4642516],[-0.4492198,51.4647051],[-0.4491104,51.4647839]]}},{"type":"Feature","properties":{"aeroway":"taxiway","osmType":"way","osmId":379842412,"ref":"Taxiway A","name":null,"surface":null,"width":null,"lit":null,"service":null},"geometry":{"type":"LineString","coordinates":[[-0.4847186,51.4704888],[-0.4847096,51.4701871],[-0.4847102,51.4701211],[-0.4847118,51.4699442]]}},{"type":"Feature","properties":{"aeroway":"taxiway","osmType":"way","osmId":379842413,"ref":"Taxiway A","name":null,"surface":null,"width":null,"lit":null,"service":null},"geometry":{"type":"LineString","coordinates":[[-0.4360659,51.4670109],[-0.4360665,51.4672005],[-0.436067,51.4673557],[-0.4360387,51.4681298]]}},{"type":"Feature","properties":{"aeroway":"taxiway","osmType":"way","osmId":379842414,"ref":"Taxiway A","name":null,"surface":null,"width":null,"lit":null,"service":null},"geometry":{"type":"LineString","coordinates":[[-0.4846905,51.4668436],[-0.4846484,51.4667627],[-0.4846089,51.4667015],[-0.4845651,51.4666537],[-0.4844685,51.4665959],[-0.4843403,51.4665473],[-0.4841511,51.4665126]]}},{"type":"Feature","properties":{"aeroway":"taxiway","osmType":"way","osmId":379842415,"ref":"Taxiway A","name":null,"surface":null,"width":null,"lit":null,"service":null},"geometry":{"type":"LineString","coordinates":[[-0.4847118,51.4699442],[-0.484701,51.4691629],[-0.4847001,51.4690959],[-0.4846915,51.4684689],[-0.4846902,51.4680698],[-0.484698,51.4677938],[-0.4846953,51.4670603],[-0.4846932,51.466967],[-0.4846905,51.4668436]]}},{"type":"Feature","properties":{"aeroway":"taxiway","osmType":"way","osmId":379842416,"ref":"Taxiway B","name":null,"surface":null,"width":null,"lit":null,"service":null},"geometry":{"type":"LineString","coordinates":[[-0.4835401,51.4677769],[-0.4835408,51.4680735],[-0.483547,51.4684757],[-0.4835471,51.4684896],[-0.4835529,51.4690718],[-0.4835535,51.4691375],[-0.4835537,51.4691614],[-0.4835601,51.4698046],[-0.4835633,51.4701254],[-0.4835643,51.4702284],[-0.4835667,51.470476],[-0.4835697,51.4707846],[-0.4835707,51.4708874],[-0.4835732,51.4711395],[-0.4835798,51.4718071],[-0.4835848,51.4723114],[-0.4835855,51.4723799],[-0.4835864,51.472473],[-0.4835914,51.4729856],[-0.4835923,51.4730744],[-0.4835929,51.4731313],[-0.4835994,51.4737917],[-0.4836036,51.4742277],[-0.4835962,51.4745564]]}},{"type":"Feature","properties":{"aeroway":"taxiway","osmType":"way","osmId":379842417,"ref":"Taxiway Y","name":null,"surface":null,"width":null,"lit":null,"service":null},"geometry":{"type":"LineString","coordinates":[[-0.4875008,51.4685637],[-0.4875007,51.4685444],[-0.4874986,51.4679762],[-0.4874932,51.4678809],[-0.4874956,51.4677023],[-0.4874946,51.4670627],[-0.4874949,51.4669603],[-0.4874953,51.4668214],[-0.4874936,51.4663687],[-0.4875281,51.4662704]]}},{"type":"Feature","properties":{"aeroway":"taxiway","osmType":"way","osmId":379842418,"ref":"Link 52","name":null,"surface":null,"width":null,"lit":null,"service":null},"geometry":{"type":"LineString","coordinates":[[-0.4869228,51.4665018],[-0.4870639,51.466493],[-0.4872121,51.4664655],[-0.4873214,51.4664325],[-0.4874114,51.4663836],[-0.4874713,51.4663375],[-0.4875281,51.4662704]]}},{"type":"Feature","properties":{"aeroway":"taxiway","osmType":"way","osmId":379842845,"ref":"N7","name":null,"surface":null,"width":null,"lit":null,"service":null},"geometry":{"type":"LineString","coordinates":[[-0.4749531,51.4661997],[-0.4749409,51.4660533],[-0.4749336,51.4652005]]}},{"type":"Feature","properties":{"aeroway":"taxiway","osmType":"way","osmId":403325572,"ref":"Taxiway B","name":null,"surface":null,"width":null,"lit":null,"service":null},"geometry":{"type":"LineString","coordinates":[[-0.4379321,51.4678926],[-0.4376723,51.4682218],[-0.43754,51.4683946],[-0.4375207,51.4684382],[-0.4375079,51.4684851],[-0.4375025,51.4685786],[-0.4375166,51.4690098]]}},{"type":"Feature","properties":{"aeroway":"taxiway","osmType":"way","osmId":403325575,"ref":"Taxiway B","name":null,"surface":null,"width":null,"lit":null,"service":null},"geometry":{"type":"LineString","coordinates":[[-0.4375166,51.4690098],[-0.4375298,51.4696265]]}},{"type":"Feature","properties":{"aeroway":"taxiway","osmType":"way","osmId":403325577,"ref":"Taxiway B","name":null,"surface":null,"width":null,"lit":null,"service":null},"geometry":{"type":"LineString","coordinates":[[-0.4375298,51.4696265],[-0.4375262,51.4699116],[-0.4375216,51.4702818]]}},{"type":"Feature","properties":{"aeroway":"taxiway","osmType":"way","osmId":405628705,"ref":"N2E","name":null,"surface":null,"width":null,"lit":null,"service":null},"geometry":{"type":"LineString","coordinates":[[-0.4360617,51.4663335],[-0.4360659,51.4670109]]}},{"type":"Feature","properties":{"aeroway":"taxiway","osmType":"way","osmId":405628706,"ref":"Link 28","name":null,"surface":null,"width":null,"lit":null,"service":null},"geometry":{"type":"LineString","coordinates":[[-0.4355157,51.4677148],[-0.4357003,51.4677497],[-0.4358465,51.4678144],[-0.4359474,51.4678967],[-0.436026,51.4679964],[-0.4360387,51.4681298]]}},{"type":"Feature","properties":{"aeroway":"taxiway","osmType":"way","osmId":405628707,"ref":"Link 28","name":null,"surface":null,"width":null,"lit":null,"service":null},"geometry":{"type":"LineString","coordinates":[[-0.4346715,51.467518],[-0.4345402,51.4673106],[-0.434515,51.4672688],[-0.4344371,51.4671401],[-0.4344014,51.4670807],[-0.4343826,51.4670365],[-0.4343749,51.4661869]]}},{"type":"Feature","properties":{"aeroway":"taxiway","osmType":"way","osmId":405628709,"ref":"Link 28","name":null,"surface":null,"width":null,"lit":null,"service":null},"geometry":{"type":"LineString","coordinates":[[-0.4384594,51.4677049],[-0.4377692,51.4677084],[-0.437216,51.4677109],[-0.4370657,51.4677109],[-0.4366148,51.4677108],[-0.4355157,51.4677148]]}},{"type":"Feature","properties":{"aeroway":"taxiway","osmType":"way","osmId":405628711,"ref":"Link 29","name":null,"surface":null,"width":null,"lit":null,"service":null},"geometry":{"type":"LineString","coordinates":[[-0.4379321,51.4678926],[-0.438186,51.4675549],[-0.4382663,51.4674639],[-0.4383052,51.4673965],[-0.4383045,51.4671965],[-0.4383037,51.4669938],[-0.4382943,51.466333]]}},{"type":"Feature","properties":{"aeroway":"taxiway","osmType":"way","osmId":405628712,"ref":"S3","name":null,"surface":null,"width":null,"lit":null,"service":null},"geometry":{"type":"LineString","coordinates":[[-0.4405302,51.464925],[-0.4405395,51.4647482],[-0.4406091,51.4646361],[-0.4408526,51.4643781]]}},{"type":"Feature","properties":{"aeroway":"taxiway","osmType":"way","osmId":405628713,"ref":"Taxiway K","name":null,"surface":null,"width":null,"lit":null,"service":null},"geometry":{"type":"LineString","coordinates":[[-0.4455427,51.4671752],[-0.4455526,51.4678675],[-0.4455572,51.4680149],[-0.4455605,51.4682183],[-0.4455682,51.4685992],[-0.4455692,51.468651],[-0.4455753,51.4689551],[-0.4455803,51.4691991],[-0.4455835,51.4693611],[-0.4455884,51.4696034],[-0.4455916,51.4697605],[-0.445595,51.4699309],[-0.4455957,51.4699641],[-0.4455998,51.4701682],[-0.4456031,51.4703302],[-0.4456038,51.4703662],[-0.4455961,51.4724567]]}},{"type":"Feature","properties":{"aeroway":"taxiway","osmType":"way","osmId":405628714,"ref":"Taxiway L","name":null,"surface":null,"width":null,"lit":null,"service":null},"geometry":{"type":"LineString","coordinates":[[-0.4405448,51.4672105],[-0.4405389,51.467349]]}},{"type":"Feature","properties":{"aeroway":"taxiway","osmType":"way","osmId":405628715,"ref":"Taxiway L","name":null,"surface":null,"width":null,"lit":null,"service":null},"geometry":{"type":"LineString","coordinates":[[-0.4405448,51.4672105],[-0.4405464,51.4671172],[-0.4405486,51.4669758],[-0.4405467,51.4663286]]}},{"type":"Feature","properties":{"aeroway":"taxiway","osmType":"way","osmId":405628716,"ref":"Taxiway S","name":null,"surface":null,"width":null,"lit":null,"service":null},"geometry":{"type":"LineString","coordinates":[[-0.4416098,51.4632736],[-0.4407946,51.4632762],[-0.4406727,51.4632766],[-0.4405513,51.4632733],[-0.4404412,51.4632567],[-0.4403282,51.4632273],[-0.4402297,51.4631847],[-0.4401417,51.4631271],[-0.4399082,51.4629289],[-0.439796,51.4628576],[-0.4397061,51.4628283],[-0.4396338,51.4628079],[-0.4395551,51.4627961],[-0.4394716,51.462791],[-0.4388928,51.4627915],[-0.4387423,51.4627976],[-0.4386032,51.4627978],[-0.436935,51.4628008],[-0.43628,51.4628021]]}},{"type":"Feature","properties":{"aeroway":"taxiway","osmType":"way","osmId":405631691,"ref":"Link 57","name":null,"surface":null,"width":null,"lit":null,"service":null},"geometry":{"type":"LineString","coordinates":[[-0.48417,51.4757714],[-0.4852951,51.4757641],[-0.4855945,51.4757641],[-0.488862,51.4757644],[-0.4890768,51.4757644],[-0.4891819,51.4757622],[-0.4892859,51.4757649],[-0.4893937,51.4757701],[-0.4895204,51.4757799],[-0.4896466,51.4758102],[-0.4897727,51.4758412],[-0.4898679,51.4758775],[-0.4899852,51.4759321],[-0.4900583,51.4759759],[-0.4901364,51.4760297],[-0.4902044,51.4760906],[-0.4902948,51.4761749]]}},{"type":"Feature","properties":{"aeroway":"taxiway","osmType":"way","osmId":405631692,"ref":"Link 58","name":null,"surface":null,"width":null,"lit":null,"service":null},"geometry":{"type":"LineString","coordinates":[[-0.4836084,51.4752197],[-0.4836079,51.4748635],[-0.4835962,51.4745564]]}},{"type":"Feature","properties":{"aeroway":"taxiway","osmType":"way","osmId":405640810,"ref":"N11","name":null,"surface":null,"width":null,"lit":null,"service":null},"geometry":{"type":"LineString","coordinates":[[-0.48765,51.4660584],[-0.4877955,51.465792]]}},{"type":"Feature","properties":{"aeroway":"taxiway","osmType":"way","osmId":405640815,"ref":"S11","name":null,"surface":null,"width":null,"lit":null,"service":null},"geometry":{"type":"LineString","coordinates":[[-0.4867392,51.4647721],[-0.4869141,51.4647613],[-0.4870127,51.4647502],[-0.4871075,51.4647301],[-0.4871964,51.4647015],[-0.4872776,51.464665],[-0.4873492,51.4646214],[-0.4874096,51.4645716],[-0.4874575,51.4645168],[-0.4874918,51.4644582],[-0.4875118,51.4643971],[-0.4875171,51.4643348],[-0.487517,51.4642226],[-0.487506,51.4639217],[-0.4874998,51.4637647],[-0.4874724,51.4636315],[-0.4874256,51.4634977],[-0.4873965,51.4634025],[-0.4873112,51.4633009],[-0.4872311,51.4632042]]}},{"type":"Feature","properties":{"aeroway":"taxiway","osmType":"way","osmId":405640819,"ref":"Taxiway Y","name":null,"surface":null,"width":null,"lit":null,"service":null},"geometry":{"type":"LineString","coordinates":[[-0.4875281,51.4662704],[-0.48765,51.4660584]]}},{"type":"Feature","properties":{"aeroway":"taxiway","osmType":"way","osmId":405648690,"ref":"Link 22","name":null,"surface":null,"width":null,"lit":null,"service":null},"geometry":{"type":"LineString","coordinates":[[-0.4342339,51.4760293],[-0.4342326,51.4756726],[-0.4342307,51.4753316],[-0.4342276,51.4750643],[-0.4342257,51.4749076],[-0.4342181,51.4741998],[-0.434219,51.4740896],[-0.4342297,51.474052],[-0.4342521,51.4740005],[-0.4342676,51.4739727],[-0.4343289,51.4739]]}},{"type":"Feature","properties":{"aeroway":"taxiway","osmType":"way","osmId":405648691,"ref":"Link 23","name":null,"surface":null,"width":null,"lit":null,"service":null},"geometry":{"type":"LineString","coordinates":[[-0.4325595,51.4764483],[-0.4325579,51.4763608],[-0.4325572,51.4762319],[-0.4325578,51.475746]]}},{"type":"Feature","properties":{"aeroway":"taxiway","osmType":"way","osmId":405648692,"ref":"Taxiway K","name":null,"surface":null,"width":null,"lit":null,"service":null},"geometry":{"type":"LineString","coordinates":[[-0.446123,51.4750337],[-0.4459728,51.474997],[-0.4458494,51.4749485],[-0.4457228,51.4748679],[-0.4456509,51.4747881],[-0.445608,51.4746862],[-0.4455946,51.4747564],[-0.4455302,51.4748366],[-0.445431,51.4749201],[-0.4453049,51.4749719],[-0.4451149,51.475029]]}},{"type":"Feature","properties":{"aeroway":"taxiway","osmType":"way","osmId":405648693,"ref":"Taxiway K","name":null,"surface":null,"width":null,"lit":null,"service":null},"geometry":{"type":"LineString","coordinates":[[-0.445608,51.4746862],[-0.4456043,51.4745757],[-0.4456057,51.4742755],[-0.445605,51.4741522],[-0.4456054,51.4738349],[-0.445603,51.4736513],[-0.4456012,51.4734501],[-0.4456007,51.4733937],[-0.4455999,51.4732569],[-0.4455977,51.4728708],[-0.4455976,51.4728509],[-0.4455966,51.472667],[-0.4455965,51.4726552],[-0.4455958,51.4725325],[-0.4455957,51.4725141],[-0.4455961,51.4724567]]}},{"type":"Feature","properties":{"aeroway":"taxiway","osmType":"way","osmId":405652210,"ref":null,"name":null,"surface":null,"width":null,"lit":null,"service":null},"geometry":{"type":"LineString","coordinates":[[-0.4606896,51.4763584],[-0.4606069,51.476273],[-0.4605048,51.4761891],[-0.4603868,51.4761122],[-0.4602407,51.4760479],[-0.4601172,51.476003],[-0.4600091,51.4759799],[-0.459894,51.4759624],[-0.4597338,51.4759474]]}},{"type":"Feature","properties":{"aeroway":"taxiway","osmType":"way","osmId":405652211,"ref":null,"name":null,"surface":null,"width":null,"lit":null,"service":null},"geometry":{"type":"LineString","coordinates":[[-0.4608412,51.4755779],[-0.4608238,51.4756486],[-0.4607949,51.4757071],[-0.4607507,51.475759],[-0.4607041,51.4757945],[-0.4606555,51.4758286],[-0.4604949,51.4759391],[-0.460288,51.4760851],[-0.4599067,51.4763615]]}},{"type":"Feature","properties":{"aeroway":"taxiway","osmType":"way","osmId":405652212,"ref":"A9E","name":null,"surface":null,"width":null,"lit":null,"service":null},"geometry":{"type":"LineString","coordinates":[[-0.4596748,51.4765098],[-0.4597655,51.4764202],[-0.4597993,51.476362]]}},{"type":"Feature","properties":{"aeroway":"taxiway","osmType":"way","osmId":405652213,"ref":"A9W","name":null,"surface":null,"width":null,"lit":null,"service":null},"geometry":{"type":"LineString","coordinates":[[-0.4607519,51.4763582],[-0.4607642,51.4763787],[-0.4608016,51.4764477]]}},{"type":"Feature","properties":{"aeroway":"taxiway","osmType":"way","osmId":405652214,"ref":"Link 60","name":null,"surface":null,"width":null,"lit":null,"service":null},"geometry":{"type":"LineString","coordinates":[[-0.4815081,51.476135],[-0.4814616,51.4760221],[-0.4813611,51.4757826],[-0.4812651,51.4755536],[-0.4812352,51.4754896],[-0.4812231,51.4754106],[-0.481227,51.4753397],[-0.4812339,51.4752154],[-0.4812098,51.4751469],[-0.4811507,51.475065],[-0.4810542,51.4749882],[-0.4809496,51.4749414],[-0.4808369,51.474908],[-0.4806623,51.4748746]]}},{"type":"Feature","properties":{"aeroway":"taxiway","osmType":"way","osmId":405652217,"ref":"Taxiway E","name":null,"surface":null,"width":null,"lit":null,"service":null},"geometry":{"type":"LineString","coordinates":[[-0.4698332,51.4758725],[-0.4697505,51.4758268],[-0.4696828,51.4757784],[-0.4695892,51.4756962],[-0.4694886,51.4756003],[-0.4694077,51.4755323],[-0.469355,51.4754819],[-0.469305,51.4754253],[-0.4692907,51.4753801],[-0.4692236,51.4751953],[-0.4691275,51.4749359],[-0.4690476,51.47472],[-0.4689757,51.4745258]]}},{"type":"Feature","properties":{"aeroway":"taxiway","osmType":"way","osmId":405652218,"ref":"Taxiway H","name":null,"surface":null,"width":null,"lit":null,"service":null},"geometry":{"type":"LineString","coordinates":[[-0.4613683,51.4751676],[-0.4612689,51.4751852],[-0.4611469,51.4752188],[-0.4610415,51.4752694],[-0.4609586,51.4753296],[-0.4609067,51.4753797],[-0.4608741,51.4754334],[-0.4608429,51.4755284],[-0.4608412,51.4755779]]}},{"type":"Feature","properties":{"aeroway":"taxiway","osmType":"way","osmId":405668260,"ref":null,"name":null,"surface":null,"width":null,"lit":null,"service":null},"geometry":{"type":"LineString","coordinates":[[-0.4325579,51.4763608],[-0.4325388,51.476295],[-0.4324999,51.4762339],[-0.43246,51.4761933],[-0.4324075,51.4761479],[-0.432354,51.4761158],[-0.4322938,51.4760855],[-0.4322451,51.4760661],[-0.4321926,51.476051],[-0.4321275,51.4760346],[-0.4320478,51.4760207],[-0.4319661,51.4760159],[-0.4318864,51.4760056],[-0.4318115,51.4759898],[-0.4317454,51.4759692],[-0.4316832,51.4759432],[-0.4316326,51.4759171],[-0.4312132,51.4756379],[-0.4308238,51.4753813],[-0.4307469,51.4753382],[-0.4306866,51.4753073],[-0.4305855,51.4752649],[-0.4304853,51.4752286],[-0.4304406,51.4752128],[-0.4303006,51.4751826],[-0.4299565,51.4751118]]}},{"type":"Feature","properties":{"aeroway":"parking_position","osmType":"way","osmId":405668261,"ref":"704","name":null,"surface":null,"width":null,"lit":null,"service":null},"geometry":{"type":"LineString","coordinates":[[-0.42904,51.4745559],[-0.4289568,51.4746294],[-0.4288281,51.4747046],[-0.4286698,51.4747581],[-0.4284821,51.4747898],[-0.4283038,51.4748057],[-0.429065,51.473969]]}},{"type":"Feature","properties":{"aeroway":"parking_position","osmType":"way","osmId":405668262,"ref":null,"name":null,"surface":null,"width":null,"lit":null,"service":null},"geometry":{"type":"LineString","coordinates":[[-0.4292939,51.4749908],[-0.4292063,51.4749101],[-0.4291151,51.4748349],[-0.4290668,51.4747547],[-0.429048,51.4746511],[-0.42904,51.4745559]]}},{"type":"Feature","properties":{"aeroway":"taxiway","osmType":"way","osmId":405668263,"ref":"N4W","name":null,"surface":null,"width":null,"lit":null,"service":null},"geometry":{"type":"LineString","coordinates":[[-0.4514308,51.4666296],[-0.4512641,51.4666032],[-0.4511241,51.4665516],[-0.4510156,51.4664838],[-0.4509405,51.4664075],[-0.4508879,51.4662899],[-0.4508904,51.466135],[-0.4508893,51.4660189],[-0.4509108,51.4659065],[-0.4509659,51.4658203],[-0.4510529,51.4657389],[-0.4511616,51.4656829],[-0.4512921,51.4656414],[-0.4527684,51.4652183],[-0.4535582,51.4650594],[-0.4544649,51.4649411],[-0.4552577,51.4648973],[-0.4564109,51.4648914],[-0.4564109,51.4648766]]}},{"type":"Feature","properties":{"aeroway":"taxiway","osmType":"way","osmId":405668264,"ref":"S4E","name":null,"surface":null,"width":null,"lit":null,"service":null},"geometry":{"type":"LineString","coordinates":[[-0.4481599,51.4631826],[-0.4483314,51.4632126],[-0.4484408,51.4632471],[-0.4485467,51.4633029],[-0.4486234,51.4633664],[-0.4486838,51.4634459],[-0.448713,51.4635362],[-0.448713,51.4636787],[-0.4487157,51.4638213],[-0.4487345,51.4639125],[-0.4488009,51.4640003],[-0.4488852,51.4640726],[-0.4490074,51.464132],[-0.4493009,51.464219],[-0.4500542,51.4644352],[-0.4506168,51.4645852],[-0.4513257,51.4647241],[-0.4517689,51.4647888],[-0.4523487,51.4648483],[-0.4528423,51.4648758],[-0.4531096,51.4648813],[-0.4542644,51.4648784],[-0.4542642,51.4648831]]}},{"type":"Feature","properties":{"aeroway":"apron","osmType":"way","osmId":405669666,"ref":null,"name":null,"surface":null,"width":null,"lit":null,"service":null},"geometry":{"type":"Polygon","coordinates":[[[-0.4727976,51.4730323],[-0.4727815,51.4717692],[-0.4722236,51.4717658],[-0.4720841,51.4717825],[-0.4716013,51.4717892],[-0.4715315,51.4718427],[-0.4715315,51.4723138],[-0.4716388,51.472374],[-0.4716442,51.4724508],[-0.4715476,51.4725043],[-0.4715476,51.4729721],[-0.4716388,51.473049],[-0.4727976,51.4730323]]]}},{"type":"Feature","properties":{"aeroway":"parking_position","osmType":"way","osmId":405669667,"ref":"572","name":null,"surface":null,"width":null,"lit":null,"service":null},"geometry":{"type":"LineString","coordinates":[[-0.473542,51.4727366],[-0.4716442,51.4727399]]}},{"type":"Feature","properties":{"aeroway":"parking_position","osmType":"way","osmId":405669668,"ref":"573","name":null,"surface":null,"width":null,"lit":null,"service":null},"geometry":{"type":"LineString","coordinates":[[-0.4735352,51.4720767],[-0.4715798,51.4720833]]}},{"type":"Feature","properties":{"aeroway":"parking_position","osmType":"way","osmId":405669669,"ref":"575","name":null,"surface":null,"width":null,"lit":null,"service":null},"geometry":{"type":"LineString","coordinates":[[-0.4735184,51.4704593],[-0.4716683,51.4704643]]}},{"type":"Feature","properties":{"aeroway":"parking_position","osmType":"way","osmId":405669670,"ref":"576","name":null,"surface":null,"width":null,"lit":null,"service":null},"geometry":{"type":"LineString","coordinates":[[-0.4735072,51.4693766],[-0.4717193,51.4693866]]}},{"type":"Feature","properties":{"aeroway":"parking_position","osmType":"way","osmId":405669671,"ref":"581","name":null,"surface":null,"width":null,"lit":null,"service":null},"geometry":{"type":"LineString","coordinates":[[-0.4719637,51.4674526],[-0.4719701,51.4684814]]}},{"type":"Feature","properties":{"aeroway":"parking_position","osmType":"way","osmId":405669672,"ref":"582","name":null,"surface":null,"width":null,"lit":null,"service":null},"geometry":{"type":"LineString","coordinates":[[-0.4709955,51.467461],[-0.4710078,51.4686535]]}},{"type":"Feature","properties":{"aeroway":"parking_position","osmType":"way","osmId":405669673,"ref":"583","name":null,"surface":null,"width":null,"lit":null,"service":null},"geometry":{"type":"LineString","coordinates":[[-0.4699108,51.4674583],[-0.4699081,51.4687003]]}},{"type":"Feature","properties":{"aeroway":"parking_position","osmType":"way","osmId":405669674,"ref":"590","name":null,"surface":null,"width":null,"lit":null,"service":null},"geometry":{"type":"LineString","coordinates":[[-0.4686437,51.4691882],[-0.4704037,51.4691799]]}},{"type":"Feature","properties":{"aeroway":"parking_position","osmType":"way","osmId":405669675,"ref":"591","name":null,"surface":null,"width":null,"lit":null,"service":null},"geometry":{"type":"LineString","coordinates":[[-0.4686512,51.4698616],[-0.4704097,51.4698553]]}},{"type":"Feature","properties":{"aeroway":"parking_position","osmType":"way","osmId":405669676,"ref":"592","name":null,"surface":null,"width":null,"lit":null,"service":null},"geometry":{"type":"LineString","coordinates":[[-0.4686627,51.470532],[-0.4704178,51.4705286]]}},{"type":"Feature","properties":{"aeroway":"parking_position","osmType":"way","osmId":405669677,"ref":"594","name":null,"surface":null,"width":null,"lit":null,"service":null},"geometry":{"type":"LineString","coordinates":[[-0.4686635,51.4721121],[-0.4705653,51.4721058]]}},{"type":"Feature","properties":{"aeroway":"parking_position","osmType":"way","osmId":405669678,"ref":"595","name":null,"surface":null,"width":null,"lit":null,"service":null},"geometry":{"type":"LineString","coordinates":[[-0.4686746,51.4729128],[-0.4706431,51.4729028]]}},{"type":"Feature","properties":{"aeroway":"parking_position","osmType":"way","osmId":405669679,"ref":"596","name":null,"surface":null,"width":null,"lit":null,"service":null},"geometry":{"type":"LineString","coordinates":[[-0.4686885,51.4737064],[-0.4707235,51.4736964]]}},{"type":"Feature","properties":{"aeroway":"apron","osmType":"way","osmId":405673142,"ref":null,"name":null,"surface":null,"width":null,"lit":null,"service":null},"geometry":{"type":"Polygon","coordinates":[[[-0.452345,51.4608612],[-0.4522807,51.4606306],[-0.4516101,51.4602596],[-0.4502294,51.4612182],[-0.4507143,51.4614929],[-0.4514331,51.4614963],[-0.452345,51.4608612]]]}},{"type":"Feature","properties":{"aeroway":"parking_position","osmType":"way","osmId":405673143,"ref":"440","name":null,"surface":null,"width":null,"lit":null,"service":null},"geometry":{"type":"LineString","coordinates":[[-0.4506162,51.460265],[-0.4508081,51.4602229],[-0.4509744,51.4602128],[-0.4510817,51.4602295],[-0.4511622,51.4602663],[-0.4512319,51.4603231],[-0.4512963,51.4603766],[-0.4513231,51.4604468],[-0.4513499,51.4604902],[-0.4514465,51.4605671]]}},{"type":"Feature","properties":{"aeroway":"parking_position","osmType":"way","osmId":405673144,"ref":"440","name":null,"surface":null,"width":null,"lit":null,"service":null},"geometry":{"type":"LineString","coordinates":[[-0.450828,51.4601197],[-0.4508081,51.4602229],[-0.4508081,51.4602997],[-0.4508403,51.4603565],[-0.4509047,51.46041],[-0.4509959,51.4604568],[-0.4510656,51.4604936],[-0.4511675,51.4605069],[-0.4512748,51.4605337],[-0.4514465,51.4605671],[-0.4520366,51.4608947]]}},{"type":"Feature","properties":{"aeroway":"parking_position","osmType":"way","osmId":405673145,"ref":"441","name":null,"surface":null,"width":null,"lit":null,"service":null},"geometry":{"type":"LineString","coordinates":[[-0.4498899,51.4607746],[-0.4500786,51.4607275],[-0.4501966,51.4607309],[-0.4503092,51.4607376],[-0.4504219,51.4607676],[-0.4504809,51.4608111],[-0.4505453,51.4608746],[-0.4505882,51.4609348],[-0.4506204,51.4609849],[-0.4506472,51.461025],[-0.4507384,51.4610952]]}},{"type":"Feature","properties":{"aeroway":"parking_position","osmType":"way","osmId":405673146,"ref":"441","name":null,"surface":null,"width":null,"lit":null,"service":null},"geometry":{"type":"LineString","coordinates":[[-0.4501225,51.4606128],[-0.4500786,51.4607275],[-0.4501,51.4607944],[-0.4501429,51.4608579],[-0.4501912,51.4609147],[-0.4502502,51.4609582],[-0.4503468,51.4609849],[-0.4504594,51.4610217],[-0.4505506,51.4610484],[-0.4506687,51.4610718],[-0.4507384,51.4610952],[-0.4512695,51.461396]]}},{"type":"Feature","properties":{"aeroway":"parking_position","osmType":"way","osmId":405673147,"ref":"449","name":null,"surface":null,"width":null,"lit":null,"service":null},"geometry":{"type":"LineString","coordinates":[[-0.4533004,51.4583684],[-0.455046,51.4583785]]}},{"type":"Feature","properties":{"aeroway":"parking_position","osmType":"way","osmId":405673148,"ref":"450","name":null,"surface":null,"width":null,"lit":null,"service":null},"geometry":{"type":"LineString","coordinates":[[-0.4532984,51.4584235],[-0.455106,51.4584387]]}},{"type":"Feature","properties":{"aeroway":"parking_position","osmType":"way","osmId":405673149,"ref":"451","name":null,"surface":null,"width":null,"lit":null,"service":null},"geometry":{"type":"LineString","coordinates":[[-0.453276,51.459024],[-0.4551055,51.4590513]]}},{"type":"Feature","properties":{"aeroway":"parking_position","osmType":"way","osmId":405673150,"ref":"452","name":null,"surface":null,"width":null,"lit":null,"service":null},"geometry":{"type":"LineString","coordinates":[[-0.4532763,51.4590908],[-0.4551023,51.4591142]]}},{"type":"Feature","properties":{"aeroway":"parking_position","osmType":"way","osmId":405673151,"ref":"453","name":null,"surface":null,"width":null,"lit":null,"service":null},"geometry":{"type":"LineString","coordinates":[[-0.4550817,51.4598493],[-0.453256,51.4598251]]}},{"type":"Feature","properties":{"aeroway":"parking_position","osmType":"way","osmId":405673152,"ref":"454","name":null,"surface":null,"width":null,"lit":null,"service":null},"geometry":{"type":"LineString","coordinates":[[-0.4535469,51.4610103],[-0.4550842,51.4603581]]}},{"type":"Feature","properties":{"aeroway":"parking_position","osmType":"way","osmId":405673153,"ref":"455","name":null,"surface":null,"width":null,"lit":null,"service":null},"geometry":{"type":"LineString","coordinates":[[-0.4542151,51.4616252],[-0.455744,51.4609721]]}},{"type":"Feature","properties":{"aeroway":"parking_position","osmType":"way","osmId":405673154,"ref":"456","name":null,"surface":null,"width":null,"lit":null,"service":null},"geometry":{"type":"LineString","coordinates":[[-0.4548275,51.4621852],[-0.4562882,51.4615577]]}},{"type":"Feature","properties":{"aeroway":"parking_position","osmType":"way","osmId":405673155,"ref":"457L","name":null,"surface":null,"width":null,"lit":null,"service":null},"geometry":{"type":"LineString","coordinates":[[-0.4565178,51.4621193],[-0.4553182,51.462623]]}},{"type":"Feature","properties":{"aeroway":"parking_position","osmType":"way","osmId":405673156,"ref":"457R","name":null,"surface":null,"width":null,"lit":null,"service":null},"geometry":{"type":"LineString","coordinates":[[-0.4568506,51.4624675],[-0.4556939,51.4629647]]}},{"type":"Feature","properties":{"aeroway":"parking_position","osmType":"way","osmId":405673157,"ref":"457","name":null,"surface":null,"width":null,"lit":null,"service":null},"geometry":{"type":"LineString","coordinates":[[-0.4569716,51.4624743],[-0.4546036,51.4619813]]}},{"type":"Feature","properties":{"aeroway":"parking_position","osmType":"way","osmId":405673158,"ref":"601","name":null,"surface":null,"width":null,"lit":null,"service":null},"geometry":{"type":"LineString","coordinates":[[-0.458545,51.4632465],[-0.4585361,51.4619724]]}},{"type":"Feature","properties":{"aeroway":"parking_position","osmType":"way","osmId":405673159,"ref":"602","name":null,"surface":null,"width":null,"lit":null,"service":null},"geometry":{"type":"LineString","coordinates":[[-0.4596179,51.4632429],[-0.4596052,51.4619701]]}},{"type":"Feature","properties":{"aeroway":"parking_position","osmType":"way","osmId":405673160,"ref":"603","name":null,"surface":null,"width":null,"lit":null,"service":null},"geometry":{"type":"LineString","coordinates":[[-0.4606854,51.4632395],[-0.4606703,51.4619645]]}},{"type":"Feature","properties":{"aeroway":"parking_position","osmType":"way","osmId":405673161,"ref":"604","name":null,"surface":null,"width":null,"lit":null,"service":null},"geometry":{"type":"LineString","coordinates":[[-0.4617663,51.4632359],[-0.4617401,51.4621018]]}},{"type":"Feature","properties":{"aeroway":"parking_position","osmType":"way","osmId":405673162,"ref":"605","name":null,"surface":null,"width":null,"lit":null,"service":null},"geometry":{"type":"LineString","coordinates":[[-0.4628312,51.4632324],[-0.4628001,51.4621024]]}},{"type":"Feature","properties":{"aeroway":"parking_position","osmType":"way","osmId":405673163,"ref":"606","name":null,"surface":null,"width":null,"lit":null,"service":null},"geometry":{"type":"LineString","coordinates":[[-0.4638853,51.4632289],[-0.4638626,51.4619554]]}},{"type":"Feature","properties":{"aeroway":"parking_position","osmType":"way","osmId":405673164,"ref":"607","name":null,"surface":null,"width":null,"lit":null,"service":null},"geometry":{"type":"LineString","coordinates":[[-0.4650011,51.4632252],[-0.4649796,51.4615364]]}},{"type":"Feature","properties":{"aeroway":"parking_position","osmType":"way","osmId":405673165,"ref":"608","name":null,"surface":null,"width":null,"lit":null,"service":null},"geometry":{"type":"LineString","coordinates":[[-0.4660444,51.4632213],[-0.4660391,51.4616208]]}},{"type":"Feature","properties":{"aeroway":"parking_position","osmType":"way","osmId":405673166,"ref":"609","name":null,"surface":null,"width":null,"lit":null,"service":null},"geometry":{"type":"LineString","coordinates":[[-0.4670959,51.4632175],[-0.4670905,51.4616508]]}},{"type":"Feature","properties":{"aeroway":"parking_position","osmType":"way","osmId":405673167,"ref":"611","name":null,"surface":null,"width":null,"lit":null,"service":null},"geometry":{"type":"LineString","coordinates":[[-0.4726181,51.4615197],[-0.4713659,51.4615263]]}},{"type":"Feature","properties":{"aeroway":"parking_position","osmType":"way","osmId":405673168,"ref":"612","name":null,"surface":null,"width":null,"lit":null,"service":null},"geometry":{"type":"LineString","coordinates":[[-0.4726123,51.4610083],[-0.4714249,51.461015]]}},{"type":"Feature","properties":{"aeroway":"parking_position","osmType":"way","osmId":405673169,"ref":"613","name":null,"surface":null,"width":null,"lit":null,"service":null},"geometry":{"type":"LineString","coordinates":[[-0.4726053,51.4603933],[-0.4714088,51.4604033]]}},{"type":"Feature","properties":{"aeroway":"parking_position","osmType":"way","osmId":405673170,"ref":"614","name":null,"surface":null,"width":null,"lit":null,"service":null},"geometry":{"type":"LineString","coordinates":[[-0.4726092,51.4607409],[-0.4740106,51.4601359]]}},{"type":"Feature","properties":{"aeroway":"parking_position","osmType":"way","osmId":405673171,"ref":"615","name":null,"surface":null,"width":null,"lit":null,"service":null},"geometry":{"type":"LineString","coordinates":[[-0.47262,51.4616826],[-0.4732716,51.4613275],[-0.4741635,51.4609214]]}},{"type":"Feature","properties":{"aeroway":"parking_position","osmType":"way","osmId":405673172,"ref":"616","name":null,"surface":null,"width":null,"lit":null,"service":null},"geometry":{"type":"LineString","coordinates":[[-0.472629,51.462478],[-0.4741755,51.4618129]]}},{"type":"Feature","properties":{"aeroway":"parking_position","osmType":"way","osmId":405711658,"ref":"401","name":null,"surface":null,"width":null,"lit":null,"service":null},"geometry":{"type":"LineString","coordinates":[[-0.4480081,51.4574876],[-0.4487443,51.4582872],[-0.4487933,51.4583404]]}},{"type":"Feature","properties":{"aeroway":"parking_position","osmType":"way","osmId":405711659,"ref":"402","name":null,"surface":null,"width":null,"lit":null,"service":null},"geometry":{"type":"LineString","coordinates":[[-0.4488733,51.457178],[-0.4496058,51.4579664],[-0.4497267,51.4580964]]}},{"type":"Feature","properties":{"aeroway":"parking_position","osmType":"way","osmId":405711660,"ref":"403","name":null,"surface":null,"width":null,"lit":null,"service":null},"geometry":{"type":"LineString","coordinates":[[-0.4497662,51.4568585],[-0.4505447,51.4577003],[-0.4506172,51.4577789]]}},{"type":"Feature","properties":{"aeroway":"parking_position","osmType":"way","osmId":405711661,"ref":"405","name":null,"surface":null,"width":null,"lit":null,"service":null},"geometry":{"type":"LineString","coordinates":[[-0.4522821,51.4591032],[-0.4509195,51.4583514],[-0.4507788,51.4582738]]}},{"type":"Feature","properties":{"aeroway":"parking_position","osmType":"way","osmId":405711662,"ref":"406","name":null,"surface":null,"width":null,"lit":null,"service":null},"geometry":{"type":"LineString","coordinates":[[-0.451416,51.4597071],[-0.4499888,51.458903]]}},{"type":"Feature","properties":{"aeroway":"parking_position","osmType":"way","osmId":405711663,"ref":"407","name":null,"surface":null,"width":null,"lit":null,"service":null},"geometry":{"type":"LineString","coordinates":[[-0.4491386,51.4594495],[-0.4506162,51.460265]]}},{"type":"Feature","properties":{"aeroway":"parking_position","osmType":"way","osmId":405711664,"ref":"408","name":null,"surface":null,"width":null,"lit":null,"service":null},"geometry":{"type":"LineString","coordinates":[[-0.4498668,51.4607921],[-0.4485968,51.4600745]]}},{"type":"Feature","properties":{"aeroway":"parking_position","osmType":"way","osmId":405711665,"ref":"409","name":null,"surface":null,"width":null,"lit":null,"service":null},"geometry":{"type":"LineString","coordinates":[[-0.4491236,51.4613128],[-0.4488429,51.4611557],[-0.4478377,51.4605934]]}},{"type":"Feature","properties":{"aeroway":"parking_position","osmType":"way","osmId":405711666,"ref":"409","name":null,"surface":null,"width":null,"lit":null,"service":null},"geometry":{"type":"LineString","coordinates":[[-0.4494115,51.4611143],[-0.4493183,51.4611532],[-0.4492271,51.4611766],[-0.449152,51.4611867],[-0.4490581,51.4611867],[-0.4489535,51.46118],[-0.4488429,51.4611557]]}},{"type":"Feature","properties":{"aeroway":"parking_position","osmType":"way","osmId":405711667,"ref":"410L","name":null,"surface":null,"width":null,"lit":null,"service":null},"geometry":{"type":"LineString","coordinates":[[-0.447993,51.462104],[-0.4470787,51.4614089]]}},{"type":"Feature","properties":{"aeroway":"parking_position","osmType":"way","osmId":405711668,"ref":"410R","name":null,"surface":null,"width":null,"lit":null,"service":null},"geometry":{"type":"LineString","coordinates":[[-0.4485464,51.4617153],[-0.4472557,51.4609945]]}},{"type":"Feature","properties":{"aeroway":"parking_position","osmType":"way","osmId":405711669,"ref":"410","name":null,"surface":null,"width":null,"lit":null,"service":null},"geometry":{"type":"LineString","coordinates":[[-0.448383,51.4618301],[-0.4470679,51.4611081]]}},{"type":"Feature","properties":{"aeroway":"parking_position","osmType":"way","osmId":405711670,"ref":"411","name":null,"surface":null,"width":null,"lit":null,"service":null},"geometry":{"type":"LineString","coordinates":[[-0.4476244,51.462364],[-0.446274,51.4616111]]}},{"type":"Feature","properties":{"aeroway":"parking_position","osmType":"way","osmId":405711671,"ref":"412","name":null,"surface":null,"width":null,"lit":null,"service":null},"geometry":{"type":"LineString","coordinates":[[-0.4469035,51.462872],[-0.4454318,51.462049]]}},{"type":"Feature","properties":{"aeroway":"parking_position","osmType":"way","osmId":405711672,"ref":"414","name":null,"surface":null,"width":null,"lit":null,"service":null},"geometry":{"type":"LineString","coordinates":[[-0.4425937,51.4622858],[-0.4439653,51.4626052],[-0.444204,51.4626604]]}},{"type":"Feature","properties":{"aeroway":"parking_position","osmType":"way","osmId":405711673,"ref":"415","name":null,"surface":null,"width":null,"lit":null,"service":null},"geometry":{"type":"LineString","coordinates":[[-0.4429331,51.4617951],[-0.4442684,51.4621407],[-0.4444025,51.4621774]]}},{"type":"Feature","properties":{"aeroway":"parking_position","osmType":"way","osmId":405711674,"ref":"416","name":null,"surface":null,"width":null,"lit":null,"service":null},"geometry":{"type":"LineString","coordinates":[[-0.4429754,51.4617338],[-0.4443408,51.4621072],[-0.4444937,51.4621457]]}},{"type":"Feature","properties":{"aeroway":"parking_position","osmType":"way","osmId":405711675,"ref":"417","name":null,"surface":null,"width":null,"lit":null,"service":null},"geometry":{"type":"LineString","coordinates":[[-0.443169,51.4614539],[-0.444432,51.4617964]]}},{"type":"Feature","properties":{"aeroway":"parking_position","osmType":"way","osmId":405711676,"ref":"419","name":null,"surface":null,"width":null,"lit":null,"service":null},"geometry":{"type":"LineString","coordinates":[[-0.4434329,51.4610725],[-0.4446573,51.4614739]]}},{"type":"Feature","properties":{"aeroway":"parking_position","osmType":"way","osmId":405711677,"ref":"420","name":null,"surface":null,"width":null,"lit":null,"service":null},"geometry":{"type":"LineString","coordinates":[[-0.4436431,51.4607686],[-0.4450221,51.4611447]]}},{"type":"Feature","properties":{"aeroway":"parking_position","osmType":"way","osmId":405711678,"ref":"421","name":null,"surface":null,"width":null,"lit":null,"service":null},"geometry":{"type":"LineString","coordinates":[[-0.443974,51.4602902],[-0.4452769,51.4606417]]}},{"type":"Feature","properties":{"aeroway":"parking_position","osmType":"way","osmId":405711679,"ref":"423","name":null,"surface":null,"width":null,"lit":null,"service":null},"geometry":{"type":"LineString","coordinates":[[-0.443852,51.4604665],[-0.443866,51.460396],[-0.4438526,51.4603342],[-0.4438365,51.4602857],[-0.4437829,51.4602339],[-0.4437105,51.4601838],[-0.443638,51.4601554],[-0.4435308,51.4601303],[-0.4433135,51.4601269],[-0.4432143,51.4601537],[-0.4425142,51.4599682]]}},{"type":"Feature","properties":{"aeroway":"parking_position","osmType":"way","osmId":405711680,"ref":"423","name":null,"surface":null,"width":null,"lit":null,"service":null},"geometry":{"type":"LineString","coordinates":[[-0.4420716,51.4605598],[-0.4428092,51.4607503],[-0.4429085,51.4607302],[-0.443048,51.4607202],[-0.4431553,51.4607352],[-0.4432625,51.460767],[-0.4433376,51.4608038],[-0.4433859,51.4608455],[-0.4434235,51.460909],[-0.4434449,51.4609809],[-0.4434329,51.4610725]]}},{"type":"Feature","properties":{"aeroway":"parking_position","osmType":"way","osmId":405711681,"ref":"423","name":null,"surface":null,"width":null,"lit":null,"service":null},"geometry":{"type":"LineString","coordinates":[[-0.4432143,51.4601537],[-0.4433108,51.4601787]]}},{"type":"Feature","properties":{"aeroway":"parking_position","osmType":"way","osmId":405711682,"ref":"423","name":null,"surface":null,"width":null,"lit":null,"service":null},"geometry":{"type":"LineString","coordinates":[[-0.4428092,51.4607503],[-0.4429514,51.4607937]]}},{"type":"Feature","properties":{"aeroway":"parking_position","osmType":"way","osmId":405711683,"ref":"424","name":null,"surface":null,"width":null,"lit":null,"service":null},"geometry":{"type":"LineString","coordinates":[[-0.4430223,51.4616661],[-0.4430292,51.4615842],[-0.4430104,51.4615123],[-0.4429755,51.4614522],[-0.4428951,51.4613836],[-0.4427905,51.4613419],[-0.4426885,51.4613268],[-0.4425947,51.4613218],[-0.4424498,51.4613369],[-0.442364,51.4613452],[-0.4423211,51.4613369],[-0.4416318,51.4611547]]}},{"type":"Feature","properties":{"aeroway":"parking_position","osmType":"way","osmId":405711684,"ref":"424","name":null,"surface":null,"width":null,"lit":null,"service":null},"geometry":{"type":"LineString","coordinates":[[-0.442364,51.4613452],[-0.442541,51.4613953]]}},{"type":"Feature","properties":{"aeroway":"parking_position","osmType":"way","osmId":405711685,"ref":"425","name":null,"surface":null,"width":null,"lit":null,"service":null},"geometry":{"type":"LineString","coordinates":[[-0.4411892,51.461758],[-0.4419214,51.4619518],[-0.4419992,51.4619401],[-0.4421709,51.4619301],[-0.4422782,51.4619284],[-0.4423747,51.4619518],[-0.4424874,51.462007],[-0.4425518,51.4620621],[-0.4425947,51.4621156],[-0.4426108,51.4621958],[-0.4425937,51.4622858]]}},{"type":"Feature","properties":{"aeroway":"parking_position","osmType":"way","osmId":405711686,"ref":"425","name":null,"surface":null,"width":null,"lit":null,"service":null},"geometry":{"type":"LineString","coordinates":[[-0.4419214,51.4619518],[-0.4421199,51.462002]]}},{"type":"Feature","properties":{"aeroway":"parking_position","osmType":"way","osmId":405711687,"ref":"461","name":null,"surface":null,"width":null,"lit":null,"service":null},"geometry":{"type":"LineString","coordinates":[[-0.4533205,51.458102],[-0.4526892,51.4578499],[-0.4520039,51.4575625]]}},{"type":"Feature","properties":{"aeroway":"parking_position","osmType":"way","osmId":405714548,"ref":"301","name":null,"surface":null,"width":null,"lit":null,"service":null},"geometry":{"type":"LineString","coordinates":[[-0.4544504,51.4674895],[-0.4544822,51.4686199]]}},{"type":"Feature","properties":{"aeroway":"parking_position","osmType":"way","osmId":405714549,"ref":"303L","name":null,"surface":null,"width":null,"lit":null,"service":null},"geometry":{"type":"LineString","coordinates":[[-0.4560527,51.4674851],[-0.4560741,51.4684562]]}},{"type":"Feature","properties":{"aeroway":"parking_position","osmType":"way","osmId":405714550,"ref":"303R","name":null,"surface":null,"width":null,"lit":null,"service":null},"geometry":{"type":"LineString","coordinates":[[-0.4554478,51.4674867],[-0.4554693,51.4686366]]}},{"type":"Feature","properties":{"aeroway":"parking_position","osmType":"way","osmId":405714551,"ref":"303","name":null,"surface":null,"width":null,"lit":null,"service":null},"geometry":{"type":"LineString","coordinates":[[-0.455743,51.4674859],[-0.4557536,51.4686533]]}},{"type":"Feature","properties":{"aeroway":"parking_position","osmType":"way","osmId":405714552,"ref":"305L","name":null,"surface":null,"width":null,"lit":null,"service":null},"geometry":{"type":"LineString","coordinates":[[-0.4573428,51.4674815],[-0.4573696,51.4684695]]}},{"type":"Feature","properties":{"aeroway":"parking_position","osmType":"way","osmId":405714554,"ref":"305R","name":null,"surface":null,"width":null,"lit":null,"service":null},"geometry":{"type":"LineString","coordinates":[[-0.4567367,51.4674832],[-0.4567527,51.4686466]]}},{"type":"Feature","properties":{"aeroway":"parking_position","osmType":"way","osmId":405714555,"ref":"305","name":null,"surface":null,"width":null,"lit":null,"service":null},"geometry":{"type":"LineString","coordinates":[[-0.4570156,51.4674824],[-0.4570317,51.4686667]]}},{"type":"Feature","properties":{"aeroway":"parking_position","osmType":"way","osmId":405714556,"ref":"307","name":null,"surface":null,"width":null,"lit":null,"service":null},"geometry":{"type":"LineString","coordinates":[[-0.4582949,51.4674722],[-0.458295,51.4674789],[-0.4583097,51.4686358]]}},{"type":"Feature","properties":{"aeroway":"parking_position","osmType":"way","osmId":405714557,"ref":"309","name":null,"surface":null,"width":null,"lit":null,"service":null},"geometry":{"type":"LineString","coordinates":[[-0.4602429,51.4686205],[-0.4592431,51.4690501]]}},{"type":"Feature","properties":{"aeroway":"parking_position","osmType":"way","osmId":405714558,"ref":"311","name":null,"surface":null,"width":null,"lit":null,"service":null},"geometry":{"type":"LineString","coordinates":[[-0.4606145,51.4689557],[-0.4596187,51.469381]]}},{"type":"Feature","properties":{"aeroway":"parking_position","osmType":"way","osmId":405714559,"ref":"313","name":null,"surface":null,"width":null,"lit":null,"service":null},"geometry":{"type":"LineString","coordinates":[[-0.460497,51.4688497],[-0.46181,51.4682949]]}},{"type":"Feature","properties":{"aeroway":"parking_position","osmType":"way","osmId":405714560,"ref":"316","name":null,"surface":null,"width":null,"lit":null,"service":null},"geometry":{"type":"LineString","coordinates":[[-0.464565,51.4680314],[-0.4632101,51.4686157]]}},{"type":"Feature","properties":{"aeroway":"parking_position","osmType":"way","osmId":405714561,"ref":"317","name":null,"surface":null,"width":null,"lit":null,"service":null},"geometry":{"type":"LineString","coordinates":[[-0.4651805,51.4685906],[-0.4638029,51.4691913]]}},{"type":"Feature","properties":{"aeroway":"parking_position","osmType":"way","osmId":405714562,"ref":"319","name":null,"surface":null,"width":null,"lit":null,"service":null},"geometry":{"type":"LineString","coordinates":[[-0.4658068,51.4691628],[-0.4643601,51.4697588]]}},{"type":"Feature","properties":{"aeroway":"parking_position","osmType":"way","osmId":405714563,"ref":"321","name":null,"surface":null,"width":null,"lit":null,"service":null},"geometry":{"type":"LineString","coordinates":[[-0.466417,51.4697209],[-0.4651386,51.4702807]]}},{"type":"Feature","properties":{"aeroway":"parking_position","osmType":"way","osmId":405714564,"ref":"363","name":null,"surface":null,"width":null,"lit":null,"service":null},"geometry":{"type":"LineString","coordinates":[[-0.4670721,51.47032],[-0.4656483,51.4708855]]}},{"type":"Feature","properties":{"aeroway":"parking_position","osmType":"way","osmId":405714565,"ref":"365","name":null,"surface":null,"width":null,"lit":null,"service":null},"geometry":{"type":"LineString","coordinates":[[-0.4672612,51.4713767],[-0.4656697,51.4712665]]}},{"type":"Feature","properties":{"aeroway":"taxiway","osmType":"way","osmId":405809911,"ref":null,"name":null,"surface":null,"width":null,"lit":null,"service":null},"geometry":{"type":"LineString","coordinates":[[-0.4186026,51.4706982],[-0.419056,51.4710165]]}},{"type":"Feature","properties":{"aeroway":"parking_position","osmType":"way","osmId":405809940,"ref":"231","name":null,"surface":null,"width":null,"lit":null,"service":null},"geometry":{"type":"LineString","coordinates":[[-0.445605,51.4741522],[-0.4440005,51.4741505]]}},{"type":"Feature","properties":{"aeroway":"parking_position","osmType":"way","osmId":405809941,"ref":"232","name":null,"surface":null,"width":null,"lit":null,"service":null},"geometry":{"type":"LineString","coordinates":[[-0.4456007,51.4733937],[-0.4438154,51.4733987]]}},{"type":"Feature","properties":{"aeroway":"parking_position","osmType":"way","osmId":405809942,"ref":"233L","name":null,"surface":null,"width":null,"lit":null,"service":null},"geometry":{"type":"LineString","coordinates":[[-0.4455977,51.4728708],[-0.4440702,51.4728741]]}},{"type":"Feature","properties":{"aeroway":"parking_position","osmType":"way","osmId":405809943,"ref":"233R","name":null,"surface":null,"width":null,"lit":null,"service":null},"geometry":{"type":"LineString","coordinates":[[-0.4455957,51.4725141],[-0.4436679,51.4725233]]}},{"type":"Feature","properties":{"aeroway":"parking_position","osmType":"way","osmId":405809944,"ref":"233","name":null,"surface":null,"width":null,"lit":null,"service":null},"geometry":{"type":"LineString","coordinates":[[-0.4455966,51.472667],[-0.4436625,51.4726703]]}},{"type":"Feature","properties":{"aeroway":"parking_position","osmType":"way","osmId":405809945,"ref":"247L","name":"247L","surface":null,"width":null,"lit":null,"service":null},"geometry":{"type":"LineString","coordinates":[[-0.4405676,51.4724815],[-0.4420371,51.4724715]]}},{"type":"Feature","properties":{"aeroway":"parking_position","osmType":"way","osmId":405809946,"ref":"247R","name":"247R","surface":null,"width":null,"lit":null,"service":null},"geometry":{"type":"LineString","coordinates":[[-0.4405735,51.472906],[-0.4424528,51.4728223]]}},{"type":"Feature","properties":{"aeroway":"parking_position","osmType":"way","osmId":405809947,"ref":"247","name":"247","surface":null,"width":null,"lit":null,"service":null},"geometry":{"type":"LineString","coordinates":[[-0.4405712,51.4726791],[-0.4424877,51.4726703]]}},{"type":"Feature","properties":{"aeroway":"parking_position","osmType":"way","osmId":405809948,"ref":"248","name":"248","surface":null,"width":null,"lit":null,"service":null},"geometry":{"type":"LineString","coordinates":[[-0.4405828,51.4734081],[-0.4423509,51.4734021]]}},{"type":"Feature","properties":{"aeroway":"parking_position","osmType":"way","osmId":405809949,"ref":"249","name":"249","surface":null,"width":null,"lit":null,"service":null},"geometry":{"type":"LineString","coordinates":[[-0.4406014,51.4741671],[-0.4424797,51.4741589]]}},{"type":"Feature","properties":{"aeroway":"parking_position","osmType":"way","osmId":405809950,"ref":"255L","name":"255L","surface":null,"width":null,"lit":null,"service":null},"geometry":{"type":"LineString","coordinates":[[-0.4405646,51.472044],[-0.4388875,51.4721066]]}},{"type":"Feature","properties":{"aeroway":"parking_position","osmType":"way","osmId":405809951,"ref":"255R","name":"255R","surface":null,"width":null,"lit":null,"service":null},"geometry":{"type":"LineString","coordinates":[[-0.4405555,51.4716542],[-0.4388031,51.4717271]]}},{"type":"Feature","properties":{"aeroway":"parking_position","osmType":"way","osmId":405809952,"ref":"255","name":"255","surface":null,"width":null,"lit":null,"service":null},"geometry":{"type":"LineString","coordinates":[[-0.4405605,51.4718783],[-0.4387763,51.4718992]]}},{"type":"Feature","properties":{"aeroway":"parking_position","osmType":"way","osmId":405809953,"ref":"256","name":"256","surface":null,"width":null,"lit":null,"service":null},"geometry":{"type":"LineString","coordinates":[[-0.4405671,51.4726117],[-0.4387182,51.4726141]]}},{"type":"Feature","properties":{"aeroway":"parking_position","osmType":"way","osmId":405809954,"ref":"257","name":"257","surface":null,"width":null,"lit":null,"service":null},"geometry":{"type":"LineString","coordinates":[[-0.4405769,51.4732758],[-0.4386968,51.4732858]]}},{"type":"Feature","properties":{"aeroway":"parking_position","osmType":"way","osmId":405809955,"ref":"258L","name":"258L","surface":null,"width":null,"lit":null,"service":null},"geometry":{"type":"LineString","coordinates":[[-0.4406138,51.4743009],[-0.4388748,51.4743009]]}},{"type":"Feature","properties":{"aeroway":"parking_position","osmType":"way","osmId":405809956,"ref":"258R","name":"258R","surface":null,"width":null,"lit":null,"service":null},"geometry":{"type":"LineString","coordinates":[[-0.4405867,51.4738956],[-0.4388694,51.4738949]]}},{"type":"Feature","properties":{"aeroway":"parking_position","osmType":"way","osmId":405809957,"ref":"258","name":"258","surface":null,"width":null,"lit":null,"service":null},"geometry":{"type":"LineString","coordinates":[[-0.4405971,51.4740984],[-0.4387648,51.4741021]]}},{"type":"Feature","properties":{"aeroway":"parking_position","osmType":"way","osmId":405809958,"ref":"318","name":null,"surface":null,"width":null,"lit":null,"service":null},"geometry":{"type":"LineString","coordinates":[[-0.4619247,51.4702628],[-0.4634106,51.4696235]]}},{"type":"Feature","properties":{"aeroway":"parking_position","osmType":"way","osmId":405809959,"ref":"320","name":null,"surface":null,"width":null,"lit":null,"service":null},"geometry":{"type":"LineString","coordinates":[[-0.4625408,51.4708251],[-0.4640114,51.4701899]]}},{"type":"Feature","properties":{"aeroway":"parking_position","osmType":"way","osmId":405809960,"ref":"322","name":null,"surface":null,"width":null,"lit":null,"service":null},"geometry":{"type":"LineString","coordinates":[[-0.463162,51.4713919],[-0.4645693,51.4707763]]}},{"type":"Feature","properties":{"aeroway":"parking_position","osmType":"way","osmId":405809961,"ref":"323","name":null,"surface":null,"width":null,"lit":null,"service":null},"geometry":{"type":"LineString","coordinates":[[-0.4617968,51.4701461],[-0.4603878,51.4707546]]}},{"type":"Feature","properties":{"aeroway":"parking_position","osmType":"way","osmId":405809962,"ref":"325","name":null,"surface":null,"width":null,"lit":null,"service":null},"geometry":{"type":"LineString","coordinates":[[-0.4623395,51.4706414],[-0.4610422,51.4712358]]}},{"type":"Feature","properties":{"aeroway":"parking_position","osmType":"way","osmId":405809963,"ref":"326","name":null,"surface":null,"width":null,"lit":null,"service":null},"geometry":{"type":"LineString","coordinates":[[-0.4603087,51.4733295],[-0.4615706,51.4727837]]}},{"type":"Feature","properties":{"aeroway":"parking_position","osmType":"way","osmId":405809964,"ref":"327","name":null,"surface":null,"width":null,"lit":null,"service":null},"geometry":{"type":"LineString","coordinates":[[-0.4629389,51.4711883],[-0.4616135,51.4717637]]}},{"type":"Feature","properties":{"aeroway":"parking_position","osmType":"way","osmId":405809965,"ref":"328","name":null,"surface":null,"width":null,"lit":null,"service":null},"geometry":{"type":"LineString","coordinates":[[-0.460879,51.4738524],[-0.4621299,51.4733179]]}},{"type":"Feature","properties":{"aeroway":"parking_position","osmType":"way","osmId":405809966,"ref":"329","name":null,"surface":null,"width":null,"lit":null,"service":null},"geometry":{"type":"LineString","coordinates":[[-0.463511,51.4717104],[-0.4621929,51.4722716]]}},{"type":"Feature","properties":{"aeroway":"parking_position","osmType":"way","osmId":405809967,"ref":"330","name":null,"surface":null,"width":null,"lit":null,"service":null},"geometry":{"type":"LineString","coordinates":[[-0.4614408,51.4743675],[-0.4626797,51.4738392]]}},{"type":"Feature","properties":{"aeroway":"parking_position","osmType":"way","osmId":405809968,"ref":"331","name":null,"surface":null,"width":null,"lit":null,"service":null},"geometry":{"type":"LineString","coordinates":[[-0.4640808,51.4722304],[-0.4627293,51.4728013]]}},{"type":"Feature","properties":{"aeroway":"parking_position","osmType":"way","osmId":405809969,"ref":"332","name":null,"surface":null,"width":null,"lit":null,"service":null},"geometry":{"type":"LineString","coordinates":[[-0.4623972,51.4751523],[-0.4631437,51.4741549]]}},{"type":"Feature","properties":{"aeroway":"parking_position","osmType":"way","osmId":405809970,"ref":"334","name":null,"surface":null,"width":null,"lit":null,"service":null},"geometry":{"type":"LineString","coordinates":[[-0.4639898,51.4751536],[-0.4639833,51.4740513]]}},{"type":"Feature","properties":{"aeroway":"parking_position","osmType":"way","osmId":405809971,"ref":"335","name":null,"surface":null,"width":null,"lit":null,"service":null},"geometry":{"type":"LineString","coordinates":[[-0.4646713,51.4723893],[-0.4639363,51.4733877]]}},{"type":"Feature","properties":{"aeroway":"parking_position","osmType":"way","osmId":405809972,"ref":"336","name":null,"surface":null,"width":null,"lit":null,"service":null},"geometry":{"type":"LineString","coordinates":[[-0.4651178,51.4751485],[-0.4651098,51.4740497]]}},{"type":"Feature","properties":{"aeroway":"parking_position","osmType":"way","osmId":405809973,"ref":"340L","name":null,"surface":null,"width":null,"lit":null,"service":null},"geometry":{"type":"LineString","coordinates":[[-0.4675283,51.4749469],[-0.4659695,51.4742192]]}},{"type":"Feature","properties":{"aeroway":"parking_position","osmType":"way","osmId":405809974,"ref":"340R","name":null,"surface":null,"width":null,"lit":null,"service":null},"geometry":{"type":"LineString","coordinates":[[-0.4672761,51.473749],[-0.4666531,51.4737552],[-0.4655749,51.473766],[-0.4655215,51.4737665]]}},{"type":"Feature","properties":{"aeroway":"parking_position","osmType":"way","osmId":405809975,"ref":"340","name":null,"surface":null,"width":null,"lit":null,"service":null},"geometry":{"type":"LineString","coordinates":[[-0.4675285,51.4744992],[-0.4655749,51.473766],[-0.4655108,51.4737448]]}},{"type":"Feature","properties":{"aeroway":"parking_position","osmType":"way","osmId":405809976,"ref":"342","name":null,"surface":null,"width":null,"lit":null,"service":null},"geometry":{"type":"LineString","coordinates":[[-0.467274,51.4729637],[-0.4654545,51.4731734]]}},{"type":"Feature","properties":{"aeroway":"parking_position","osmType":"way","osmId":405809977,"ref":"351","name":null,"surface":null,"width":null,"lit":null,"service":null},"geometry":{"type":"LineString","coordinates":[[-0.4602228,51.4732507],[-0.4589394,51.4738028]]}},{"type":"Feature","properties":{"aeroway":"parking_position","osmType":"way","osmId":405809978,"ref":"353","name":null,"surface":null,"width":null,"lit":null,"service":null},"geometry":{"type":"LineString","coordinates":[[-0.4607953,51.4737757],[-0.4601681,51.4740441],[-0.4594785,51.4743391]]}},{"type":"Feature","properties":{"aeroway":"parking_position","osmType":"way","osmId":405809979,"ref":"355","name":null,"surface":null,"width":null,"lit":null,"service":null},"geometry":{"type":"LineString","coordinates":[[-0.4613471,51.4742816],[-0.4601276,51.4746883]]}},{"type":"Feature","properties":{"aeroway":"parking_position","osmType":"way","osmId":405809980,"ref":"357L","name":null,"surface":null,"width":null,"lit":null,"service":null},"geometry":{"type":"LineString","coordinates":[[-0.4583416,51.4751782],[-0.4583252,51.474304]]}},{"type":"Feature","properties":{"aeroway":"parking_position","osmType":"way","osmId":405809981,"ref":"357R","name":null,"surface":null,"width":null,"lit":null,"service":null},"geometry":{"type":"LineString","coordinates":[[-0.4591942,51.4751722],[-0.4589233,51.474304]]}},{"type":"Feature","properties":{"aeroway":"parking_position","osmType":"way","osmId":405809982,"ref":"357","name":null,"surface":null,"width":null,"lit":null,"service":null},"geometry":{"type":"LineString","coordinates":[[-0.4587114,51.4751778],[-0.4586953,51.4741002]]}},{"type":"Feature","properties":{"aeroway":"parking_position","osmType":"way","osmId":405809983,"ref":"364","name":null,"surface":null,"width":null,"lit":null,"service":null},"geometry":{"type":"LineString","coordinates":[[-0.4637819,51.4719576],[-0.4651272,51.4713678]]}},{"type":"Feature","properties":{"aeroway":"parking_position","osmType":"way","osmId":405809984,"ref":"701","name":null,"surface":null,"width":null,"lit":null,"service":null},"geometry":{"type":"LineString","coordinates":[[-0.4317008,51.4743655],[-0.4306689,51.4737869]]}},{"type":"Feature","properties":{"aeroway":"parking_position","osmType":"way","osmId":405809985,"ref":"702","name":null,"surface":null,"width":null,"lit":null,"service":null},"geometry":{"type":"LineString","coordinates":[[-0.4310932,51.4747542],[-0.4301325,51.4741745]]}},{"type":"Feature","properties":{"aeroway":"parking_position","osmType":"way","osmId":405809986,"ref":"703","name":null,"surface":null,"width":null,"lit":null,"service":null},"geometry":{"type":"LineString","coordinates":[[-0.4288873,51.4749164],[-0.42904,51.4745559],[-0.429081,51.4744202],[-0.4288664,51.4739541]]}},{"type":"Feature","properties":{"aeroway":"parking_position","osmType":"way","osmId":405809987,"ref":"CRP","name":null,"surface":null,"width":null,"lit":null,"service":null},"geometry":{"type":"LineString","coordinates":[[-0.4200822,51.4745915],[-0.418643,51.4747446]]}},{"type":"Feature","properties":{"aeroway":"parking_position","osmType":"way","osmId":405809999,"ref":"TA1","name":null,"surface":null,"width":null,"lit":null,"service":null},"geometry":{"type":"LineString","coordinates":[[-0.4262547,51.4744871],[-0.4256612,51.4753682]]}},{"type":"Feature","properties":{"aeroway":"parking_position","osmType":"way","osmId":405810000,"ref":"TA2","name":null,"surface":null,"width":null,"lit":null,"service":null},"geometry":{"type":"LineString","coordinates":[[-0.4248912,51.4743596],[-0.4248566,51.4753933]]}},{"type":"Feature","properties":{"aeroway":"parking_position","osmType":"way","osmId":405810001,"ref":"TA3","name":null,"surface":null,"width":null,"lit":null,"service":null},"geometry":{"type":"LineString","coordinates":[[-0.4231078,51.4743642],[-0.4238266,51.4753265]]}},{"type":"Feature","properties":{"aeroway":"parking_position","osmType":"way","osmId":405810002,"ref":"TA4","name":null,"surface":null,"width":null,"lit":null,"service":null},"geometry":{"type":"LineString","coordinates":[[-0.4227322,51.4743644],[-0.4220563,51.4753799]]}},{"type":"Feature","properties":{"aeroway":"parking_position","osmType":"way","osmId":405810003,"ref":"TA5","name":null,"surface":null,"width":null,"lit":null,"service":null},"geometry":{"type":"LineString","coordinates":[[-0.4211538,51.4743692],[-0.4215734,51.4754702]]}},{"type":"Feature","properties":{"aeroway":"parking_position","osmType":"way","osmId":405810004,"ref":"TA6","name":null,"surface":null,"width":null,"lit":null,"service":null},"geometry":{"type":"LineString","coordinates":[[-0.4200822,51.4745915],[-0.4205542,51.4755671]]}},{"type":"Feature","properties":{"aeroway":"parking_position","osmType":"way","osmId":405810005,"ref":"TB1A","name":null,"surface":null,"width":null,"lit":null,"service":null},"geometry":{"type":"LineString","coordinates":[[-0.418154,51.4706359],[-0.4182796,51.4705694],[-0.4183768,51.470524],[-0.4184201,51.4704959],[-0.4184453,51.4704623],[-0.4185361,51.4703055],[-0.4187571,51.4699101]]}},{"type":"Feature","properties":{"aeroway":"parking_position","osmType":"way","osmId":405810006,"ref":null,"name":null,"surface":null,"width":null,"lit":null,"service":null},"geometry":{"type":"LineString","coordinates":[[-0.4198309,51.4740319],[-0.4189824,51.4733017]]}},{"type":"Feature","properties":{"aeroway":"parking_position","osmType":"way","osmId":405810008,"ref":"TC1","name":null,"surface":null,"width":null,"lit":null,"service":null},"geometry":{"type":"LineString","coordinates":[[-0.4281906,51.4747842],[-0.4271981,51.4735915]]}},{"type":"Feature","properties":{"aeroway":"apron","osmType":"way","osmId":405822959,"ref":null,"name":null,"surface":null,"width":null,"lit":null,"service":null},"geometry":{"type":"Polygon","coordinates":[[[-0.4522263,51.4687742],[-0.4522478,51.4679622],[-0.448144,51.4679789],[-0.4481444,51.4679975],[-0.4481601,51.4687676],[-0.4522263,51.4687742]]]}},{"type":"Feature","properties":{"aeroway":"apron","osmType":"way","osmId":405822961,"ref":null,"name":null,"surface":null,"width":null,"lit":null,"service":null},"geometry":{"type":"Polygon","coordinates":[[[-0.4435466,51.470552],[-0.4434769,51.4682964],[-0.4445735,51.4683001],[-0.4447993,51.4683799],[-0.4448045,51.4697716],[-0.4448074,51.4705587],[-0.4435466,51.470552]]]}},{"type":"Feature","properties":{"aeroway":"apron","osmType":"way","osmId":405822962,"ref":null,"name":null,"surface":null,"width":null,"lit":null,"service":null},"geometry":{"type":"Polygon","coordinates":[[[-0.4475163,51.4705353],[-0.446312,51.4705395],[-0.4462908,51.4679905],[-0.4475271,51.4679789],[-0.4475185,51.4702045],[-0.4475179,51.4703595],[-0.4475168,51.4704278],[-0.4475165,51.4704935],[-0.4475163,51.4705353]]]}},{"type":"Feature","properties":{"aeroway":"parking_position","osmType":"way","osmId":405822964,"ref":"TE1","name":null,"surface":null,"width":null,"lit":null,"service":null},"geometry":{"type":"LineString","coordinates":[[-0.4346368,51.4715962],[-0.4346404,51.4701172]]}},{"type":"Feature","properties":{"aeroway":"parking_position","osmType":"way","osmId":405822966,"ref":"TE2","name":null,"surface":null,"width":null,"lit":null,"service":null},"geometry":{"type":"LineString","coordinates":[[-0.4338728,51.4713199],[-0.4338089,51.4703122]]}},{"type":"Feature","properties":{"aeroway":"parking_position","osmType":"way","osmId":405822968,"ref":"TE3","name":null,"surface":null,"width":null,"lit":null,"service":null},"geometry":{"type":"LineString","coordinates":[[-0.4320059,51.4710172],[-0.4324463,51.47006]]}},{"type":"Feature","properties":{"aeroway":"parking_position","osmType":"way","osmId":405822970,"ref":"TE4L","name":null,"surface":null,"width":null,"lit":null,"service":null},"geometry":{"type":"LineString","coordinates":[[-0.4306382,51.4703466],[-0.4314807,51.4696272]]}},{"type":"Feature","properties":{"aeroway":"parking_position","osmType":"way","osmId":405822972,"ref":"TE4R","name":null,"surface":null,"width":null,"lit":null,"service":null},"geometry":{"type":"LineString","coordinates":[[-0.43128,51.4708246],[-0.431926,51.4698494]]}},{"type":"Feature","properties":{"aeroway":"parking_position","osmType":"way","osmId":405822973,"ref":"TE4","name":null,"surface":null,"width":null,"lit":null,"service":null},"geometry":{"type":"LineString","coordinates":[[-0.4310578,51.4707646],[-0.4317275,51.4696055]]}},{"type":"Feature","properties":{"aeroway":"parking_position","osmType":"way","osmId":410364302,"ref":"254","name":"254","surface":null,"width":null,"lit":null,"service":null},"geometry":{"type":"LineString","coordinates":[[-0.4387699,51.4709986],[-0.4405782,51.4709856]]}},{"type":"Feature","properties":{"aeroway":"parking_position","osmType":"way","osmId":410364303,"ref":"254L","name":"254L","surface":null,"width":null,"lit":null,"service":null},"geometry":{"type":"LineString","coordinates":[[-0.4405743,51.4711332],[-0.4390841,51.4712152]]}},{"type":"Feature","properties":{"aeroway":"parking_position","osmType":"way","osmId":410364304,"ref":"253R","name":"253R","surface":null,"width":null,"lit":null,"service":null},"geometry":{"type":"LineString","coordinates":[[-0.4386601,51.470037],[-0.4405905,51.4699614]]}},{"type":"Feature","properties":{"aeroway":"parking_position","osmType":"way","osmId":410364305,"ref":"243L","name":"243L","surface":null,"width":null,"lit":null,"service":null},"geometry":{"type":"LineString","coordinates":[[-0.4420189,51.4699721],[-0.4405914,51.4700343]]}},{"type":"Feature","properties":{"aeroway":"parking_position","osmType":"way","osmId":410364306,"ref":"254R","name":"254R","surface":null,"width":null,"lit":null,"service":null},"geometry":{"type":"LineString","coordinates":[[-0.4405847,51.4707507],[-0.4387597,51.4708388]]}},{"type":"Feature","properties":{"aeroway":"parking_position","osmType":"way","osmId":410364307,"ref":"241","name":"241","surface":null,"width":null,"lit":null,"service":null},"geometry":{"type":"LineString","coordinates":[[-0.4423928,51.4686746],[-0.440578,51.4686763]]}},{"type":"Feature","properties":{"aeroway":"parking_position","osmType":"way","osmId":410364308,"ref":"246R","name":"246R","surface":null,"width":null,"lit":null,"service":null},"geometry":{"type":"LineString","coordinates":[[-0.440564,51.4721116],[-0.4424663,51.4720268]]}},{"type":"Feature","properties":{"aeroway":"parking_position","osmType":"way","osmId":410364309,"ref":"253L","name":"253L","surface":null,"width":null,"lit":null,"service":null},"geometry":{"type":"LineString","coordinates":[[-0.4391125,51.4704038],[-0.4405878,51.4703444]]}},{"type":"Feature","properties":{"aeroway":"parking_position","osmType":"way","osmId":410364310,"ref":"251","name":"251","surface":null,"width":null,"lit":null,"service":null},"geometry":{"type":"LineString","coordinates":[[-0.440577,51.4687927],[-0.438843,51.4687952]]}},{"type":"Feature","properties":{"aeroway":"parking_position","osmType":"way","osmId":410364311,"ref":"246","name":"246","surface":null,"width":null,"lit":null,"service":null},"geometry":{"type":"LineString","coordinates":[[-0.4422731,51.4718472],[-0.4405605,51.4718783]]}},{"type":"Feature","properties":{"aeroway":"parking_position","osmType":"way","osmId":410364312,"ref":"253","name":"253","surface":null,"width":null,"lit":null,"service":null},"geometry":{"type":"LineString","coordinates":[[-0.4385983,51.4701917],[-0.4405867,51.4701889]]}},{"type":"Feature","properties":{"aeroway":"parking_position","osmType":"way","osmId":410364315,"ref":"252","name":"252","surface":null,"width":null,"lit":null,"service":null},"geometry":{"type":"LineString","coordinates":[[-0.4386594,51.4694668],[-0.4405913,51.4694571]]}},{"type":"Feature","properties":{"aeroway":"parking_position","osmType":"way","osmId":410364316,"ref":"246L","name":"246L","surface":null,"width":null,"lit":null,"service":null},"geometry":{"type":"LineString","coordinates":[[-0.4420976,51.4716564],[-0.4405556,51.4717239]]}},{"type":"Feature","properties":{"aeroway":"parking_position","osmType":"way","osmId":410364317,"ref":"243R","name":"243R","surface":null,"width":null,"lit":null,"service":null},"geometry":{"type":"LineString","coordinates":[[-0.4425225,51.4703404],[-0.440581,51.4704148]]}},{"type":"Feature","properties":{"aeroway":"parking_position","osmType":"way","osmId":410364318,"ref":"242","name":"242","surface":null,"width":null,"lit":null,"service":null},"geometry":{"type":"LineString","coordinates":[[-0.442411,51.4693899],[-0.4405924,51.4693897]]}},{"type":"Feature","properties":{"aeroway":"parking_position","osmType":"way","osmId":410364319,"ref":"244","name":"244","surface":null,"width":null,"lit":null,"service":null},"geometry":{"type":"LineString","coordinates":[[-0.4422533,51.4709868],[-0.4405783,51.4709903]]}},{"type":"Feature","properties":{"aeroway":"parking_position","osmType":"way","osmId":410364320,"ref":"243","name":"243","surface":null,"width":null,"lit":null,"service":null},"geometry":{"type":"LineString","coordinates":[[-0.4425001,51.4701828],[-0.4405867,51.4701889]]}},{"type":"Feature","properties":{"aeroway":"runway","osmType":"way","osmId":510279283,"ref":null,"name":null,"surface":"paved","width":"50","lit":null,"service":null},"geometry":{"type":"LineString","coordinates":[[-0.4894255,51.4774783],[-0.4850345,51.4775009]]}},{"type":"Feature","properties":{"aeroway":"taxiway","osmType":"way","osmId":542989321,"ref":"Link 60","name":null,"surface":null,"width":null,"lit":null,"service":null},"geometry":{"type":"LineString","coordinates":[[-0.4817461,51.4757808],[-0.4816221,51.4757585],[-0.4815198,51.4757293],[-0.4814496,51.4756962],[-0.4813707,51.4756545],[-0.4813197,51.4756142],[-0.4812651,51.4755536]]}},{"type":"Feature","properties":{"aeroway":"taxiway","osmType":"way","osmId":542989322,"ref":"Link 60","name":null,"surface":null,"width":null,"lit":null,"service":null},"geometry":{"type":"LineString","coordinates":[[-0.4812231,51.4754106],[-0.481205,51.4755027],[-0.4811694,51.4755699],[-0.4811134,51.4756311],[-0.4810384,51.4756843],[-0.4809275,51.4757381],[-0.4808318,51.4757639],[-0.4806862,51.4757862]]}},{"type":"Feature","properties":{"aeroway":"taxiway","osmType":"way","osmId":542989323,"ref":"Link 60","name":null,"surface":null,"width":null,"lit":null,"service":null},"geometry":{"type":"LineString","coordinates":[[-0.4812339,51.4752154],[-0.4812634,51.4751486],[-0.4813224,51.4750684],[-0.4814217,51.4749781],[-0.4815799,51.4749097],[-0.4816738,51.4748879],[-0.481765,51.4748713]]}},{"type":"Feature","properties":{"aeroway":"parking_position","osmType":"way","osmId":626510113,"ref":null,"name":null,"surface":null,"width":null,"lit":null,"service":null},"geometry":{"type":"LineString","coordinates":[[-0.4349969,51.4676929],[-0.4346401,51.4676584],[-0.4333808,51.4675366],[-0.4331606,51.4675153]]}},{"type":"Feature","properties":{"aeroway":"parking_position","osmType":"way","osmId":626510114,"ref":null,"name":null,"surface":null,"width":null,"lit":null,"service":null},"geometry":{"type":"LineString","coordinates":[[-0.434515,51.4672688],[-0.4333808,51.4675366],[-0.4332277,51.467575]]}},{"type":"Feature","properties":{"aeroway":"parking_position","osmType":"way","osmId":626510115,"ref":null,"name":null,"surface":null,"width":null,"lit":null,"service":null},"geometry":{"type":"LineString","coordinates":[[-0.4348034,51.4676187],[-0.4346401,51.4676584],[-0.4333699,51.4679576]]}},{"type":"Feature","properties":{"aeroway":"parking_position","osmType":"way","osmId":626510116,"ref":null,"name":null,"surface":null,"width":null,"lit":null,"service":null},"geometry":{"type":"LineString","coordinates":[[-0.4359736,51.4685324],[-0.4349095,51.4684388],[-0.433504,51.4682216]]}},{"type":"Feature","properties":{"aeroway":"parking_position","osmType":"way","osmId":626510117,"ref":null,"name":null,"surface":null,"width":null,"lit":null,"service":null},"geometry":{"type":"LineString","coordinates":[[-0.4347324,51.468763],[-0.4342228,51.4688081],[-0.4338795,51.4687981],[-0.4330185,51.4685842]]}},{"type":"Feature","properties":{"aeroway":"parking_position","osmType":"way","osmId":626510118,"ref":null,"name":null,"surface":null,"width":null,"lit":null,"service":null},"geometry":{"type":"LineString","coordinates":[[-0.4359769,51.4687445],[-0.4347324,51.468763],[-0.4342577,51.4688582],[-0.4330936,51.4691389]]}},{"type":"Feature","properties":{"aeroway":"parking_position","osmType":"way","osmId":626510124,"ref":null,"name":null,"surface":null,"width":null,"lit":null,"service":null},"geometry":{"type":"LineString","coordinates":[[-0.426034,51.471062],[-0.4280457,51.4710536]]}},{"type":"Feature","properties":{"aeroway":"parking_position","osmType":"way","osmId":626510125,"ref":null,"name":null,"surface":null,"width":null,"lit":null,"service":null},"geometry":{"type":"LineString","coordinates":[[-0.4257363,51.4706443],[-0.4272245,51.4702876]]}},{"type":"Feature","properties":{"aeroway":"parking_position","osmType":"way","osmId":626510126,"ref":null,"name":null,"surface":null,"width":null,"lit":null,"service":null},"geometry":{"type":"LineString","coordinates":[[-0.4247493,51.4689518],[-0.4261232,51.4686495]]}},{"type":"Feature","properties":{"aeroway":"parking_position","osmType":"way","osmId":626510127,"ref":null,"name":null,"surface":null,"width":null,"lit":null,"service":null},"geometry":{"type":"LineString","coordinates":[[-0.4249048,51.469448],[-0.426429,51.4691044]]}},{"type":"Feature","properties":{"aeroway":"parking_position","osmType":"way","osmId":626510128,"ref":null,"name":null,"surface":null,"width":null,"lit":null,"service":null},"geometry":{"type":"LineString","coordinates":[[-0.4268365,51.4697105],[-0.425216,51.4700846]]}},{"type":"Feature","properties":{"aeroway":"parking_position","osmType":"way","osmId":626510129,"ref":null,"name":null,"surface":null,"width":null,"lit":null,"service":null},"geometry":{"type":"LineString","coordinates":[[-0.4274395,51.4688148],[-0.4267461,51.4695761]]}},{"type":"Feature","properties":{"aeroway":"parking_position","osmType":"way","osmId":626510130,"ref":null,"name":null,"surface":null,"width":null,"lit":null,"service":null},"geometry":{"type":"LineString","coordinates":[[-0.4272008,51.468362],[-0.4264698,51.4691651]]}},{"type":"Feature","properties":{"aeroway":"parking_position","osmType":"way","osmId":626510131,"ref":null,"name":null,"surface":null,"width":null,"lit":null,"service":null},"geometry":{"type":"LineString","coordinates":[[-0.4283193,51.4701164],[-0.4281612,51.471057]]}},{"type":"Feature","properties":{"aeroway":"parking_position","osmType":"way","osmId":626510132,"ref":null,"name":null,"surface":null,"width":null,"lit":null,"service":null},"geometry":{"type":"LineString","coordinates":[[-0.4287913,51.4703202],[-0.4298695,51.4710528]]}},{"type":"Feature","properties":{"aeroway":"parking_position","osmType":"way","osmId":626510133,"ref":null,"name":null,"surface":null,"width":null,"lit":null,"service":null},"geometry":{"type":"LineString","coordinates":[[-0.428845,51.4700746],[-0.4302718,51.4697536]]}},{"type":"Feature","properties":{"aeroway":"parking_position","osmType":"way","osmId":626510134,"ref":null,"name":null,"surface":null,"width":null,"lit":null,"service":null},"geometry":{"type":"LineString","coordinates":[[-0.4287887,51.4701097],[-0.4301539,51.4710502]]}},{"type":"Feature","properties":{"aeroway":"parking_position","osmType":"way","osmId":626510135,"ref":null,"name":null,"surface":null,"width":null,"lit":null,"service":null},"geometry":{"type":"LineString","coordinates":[[-0.427866,51.4687563],[-0.4294123,51.4683997]]}},{"type":"Feature","properties":{"aeroway":"parking_position","osmType":"way","osmId":626510136,"ref":null,"name":null,"surface":null,"width":null,"lit":null,"service":null},"geometry":{"type":"LineString","coordinates":[[-0.427469,51.4681615],[-0.4290241,51.4678007]]}},{"type":"Feature","properties":{"aeroway":"parking_position","osmType":"way","osmId":626510137,"ref":null,"name":null,"surface":null,"width":null,"lit":null,"service":null},"geometry":{"type":"LineString","coordinates":[[-0.4302424,51.4673227],[-0.4292426,51.4681379]]}},{"type":"Feature","properties":{"aeroway":"parking_position","osmType":"way","osmId":626510138,"ref":null,"name":null,"surface":null,"width":null,"lit":null,"service":null},"geometry":{"type":"LineString","coordinates":[[-0.4308164,51.4678808],[-0.4293177,51.4682537]]}},{"type":"Feature","properties":{"aeroway":"parking_position","osmType":"way","osmId":626510139,"ref":null,"name":null,"surface":null,"width":null,"lit":null,"service":null},"geometry":{"type":"LineString","coordinates":[[-0.4311812,51.4684856],[-0.4296939,51.4688342]]}},{"type":"Feature","properties":{"aeroway":"parking_position","osmType":"way","osmId":626510140,"ref":null,"name":null,"surface":null,"width":null,"lit":null,"service":null},"geometry":{"type":"LineString","coordinates":[[-0.4316104,51.4691473],[-0.430124,51.4695144]]}},{"type":"Feature","properties":{"aeroway":"parking_position","osmType":"way","osmId":626510141,"ref":null,"name":null,"surface":null,"width":null,"lit":null,"service":null},"geometry":{"type":"LineString","coordinates":[[-0.4282039,51.4695316],[-0.4299039,51.4691582]]}},{"type":"Feature","properties":{"aeroway":"parking_position","osmType":"way","osmId":626510142,"ref":"221R","name":null,"surface":null,"width":null,"lit":null,"service":null},"geometry":{"type":"LineString","coordinates":[[-0.4486149,51.4686423],[-0.4483849,51.4675092]]}},{"type":"Feature","properties":{"aeroway":"parking_position","osmType":"way","osmId":626510143,"ref":"221","name":null,"surface":null,"width":null,"lit":null,"service":null},"geometry":{"type":"LineString","coordinates":[[-0.4488248,51.4686627],[-0.4488622,51.4675076]]}},{"type":"Feature","properties":{"aeroway":"parking_position","osmType":"way","osmId":626510145,"ref":"221L","name":null,"surface":null,"width":null,"lit":null,"service":null},"geometry":{"type":"LineString","coordinates":[[-0.4492056,51.4684973],[-0.449042,51.4675071]]}},{"type":"Feature","properties":{"aeroway":"parking_position","osmType":"way","osmId":626510146,"ref":"223","name":null,"surface":null,"width":null,"lit":null,"service":null},"geometry":{"type":"LineString","coordinates":[[-0.4498011,51.4684221],[-0.4497957,51.4675051]]}},{"type":"Feature","properties":{"aeroway":"parking_position","osmType":"way","osmId":626510147,"ref":"224","name":null,"surface":null,"width":null,"lit":null,"service":null},"geometry":{"type":"LineString","coordinates":[[-0.4504421,51.4684338],[-0.4504475,51.4675032]]}},{"type":"Feature","properties":{"aeroway":"parking_position","osmType":"way","osmId":626510148,"ref":"225","name":null,"surface":null,"width":null,"lit":null,"service":null},"geometry":{"type":"LineString","coordinates":[[-0.4511368,51.4684221],[-0.4511261,51.4675008]]}},{"type":"Feature","properties":{"aeroway":"parking_position","osmType":"way","osmId":626510149,"ref":"226","name":null,"surface":null,"width":null,"lit":null,"service":null},"geometry":{"type":"LineString","coordinates":[[-0.4518262,51.4684205],[-0.4518234,51.467499]]}},{"type":"Feature","properties":{"aeroway":"parking_position","osmType":"way","osmId":626510150,"ref":"239","name":null,"surface":null,"width":null,"lit":null,"service":null},"geometry":{"type":"LineString","coordinates":[[-0.4455692,51.468651],[-0.4436669,51.468646]]}},{"type":"Feature","properties":{"aeroway":"parking_position","osmType":"way","osmId":626510151,"ref":"238","name":null,"surface":null,"width":null,"lit":null,"service":null},"geometry":{"type":"LineString","coordinates":[[-0.4437313,51.4693745],[-0.4455835,51.4693611]]}},{"type":"Feature","properties":{"aeroway":"parking_position","osmType":"way","osmId":626510152,"ref":"236R","name":null,"surface":null,"width":null,"lit":null,"service":null},"geometry":{"type":"LineString","coordinates":[[-0.4436776,51.4700211],[-0.445595,51.4699309]]}},{"type":"Feature","properties":{"aeroway":"parking_position","osmType":"way","osmId":626510153,"ref":"236","name":null,"surface":null,"width":null,"lit":null,"service":null},"geometry":{"type":"LineString","coordinates":[[-0.4437259,51.4701798],[-0.4455998,51.4701682]]}},{"type":"Feature","properties":{"aeroway":"parking_position","osmType":"way","osmId":626510154,"ref":"236L","name":null,"surface":null,"width":null,"lit":null,"service":null},"geometry":{"type":"LineString","coordinates":[[-0.4439887,51.470377],[-0.4456031,51.4703302]]}},{"type":"Feature","properties":{"aeroway":"parking_position","osmType":"way","osmId":626510155,"ref":"216","name":null,"surface":null,"width":null,"lit":null,"service":null},"geometry":{"type":"LineString","coordinates":[[-0.4469486,51.4703628],[-0.4456038,51.4703662]]}},{"type":"Feature","properties":{"aeroway":"parking_position","osmType":"way","osmId":626510156,"ref":"217","name":null,"surface":null,"width":null,"lit":null,"service":null},"geometry":{"type":"LineString","coordinates":[[-0.4471993,51.4699693],[-0.4455957,51.4699641]]}},{"type":"Feature","properties":{"aeroway":"parking_position","osmType":"way","osmId":626510157,"ref":"218R","name":null,"surface":null,"width":null,"lit":null,"service":null},"geometry":{"type":"LineString","coordinates":[[-0.4474542,51.4695115],[-0.4455884,51.4696034]]}},{"type":"Feature","properties":{"aeroway":"parking_position","osmType":"way","osmId":626510158,"ref":"218","name":null,"surface":null,"width":null,"lit":null,"service":null},"geometry":{"type":"LineString","coordinates":[[-0.4474461,51.4693545],[-0.4455835,51.4693611]]}},{"type":"Feature","properties":{"aeroway":"parking_position","osmType":"way","osmId":626510159,"ref":"218L","name":null,"surface":null,"width":null,"lit":null,"service":null},"geometry":{"type":"LineString","coordinates":[[-0.4470062,51.4691439],[-0.4455803,51.4691991]]}},{"type":"Feature","properties":{"aeroway":"parking_position","osmType":"way","osmId":626510160,"ref":"219","name":null,"surface":null,"width":null,"lit":null,"service":null},"geometry":{"type":"LineString","coordinates":[[-0.4470947,51.4685524],[-0.4455682,51.4685992]]}},{"type":"Feature","properties":{"aeroway":"parking_position","osmType":"way","osmId":626510161,"ref":"220","name":null,"surface":null,"width":null,"lit":null,"service":null},"geometry":{"type":"LineString","coordinates":[[-0.4471833,51.4681715],[-0.4455605,51.4682183]]}},{"type":"Feature","properties":{"aeroway":"apron","osmType":"way","osmId":626510173,"ref":null,"name":null,"surface":null,"width":null,"lit":null,"service":null},"geometry":{"type":"Polygon","coordinates":[[[-0.4504421,51.4746373],[-0.4504314,51.474066],[-0.4501632,51.4738154],[-0.4481274,51.4738154],[-0.4478216,51.4738956],[-0.4478109,51.474639],[-0.4504421,51.4746373]]]}},{"type":"Feature","properties":{"aeroway":"parking_position","osmType":"way","osmId":626510175,"ref":"210L","name":null,"surface":null,"width":null,"lit":null,"service":null},"geometry":{"type":"LineString","coordinates":[[-0.4481543,51.4751057],[-0.4481488,51.4741929]]}},{"type":"Feature","properties":{"aeroway":"parking_position","osmType":"way","osmId":626510176,"ref":"210","name":null,"surface":null,"width":null,"lit":null,"service":null},"geometry":{"type":"LineString","coordinates":[[-0.4484672,51.4751071],[-0.4484653,51.4738956]]}},{"type":"Feature","properties":{"aeroway":"parking_position","osmType":"way","osmId":626510177,"ref":"210R","name":null,"surface":null,"width":null,"lit":null,"service":null},"geometry":{"type":"LineString","coordinates":[[-0.4487952,51.4751085],[-0.4487899,51.4739307]]}},{"type":"Feature","properties":{"aeroway":"parking_position","osmType":"way","osmId":626510178,"ref":"209","name":null,"surface":null,"width":null,"lit":null,"service":null},"geometry":{"type":"LineString","coordinates":[[-0.4497421,51.4751126],[-0.449734,51.4738822]]}},{"type":"Feature","properties":{"aeroway":"parking_position","osmType":"way","osmId":626510179,"ref":"209L","name":null,"surface":null,"width":null,"lit":null,"service":null},"geometry":{"type":"LineString","coordinates":[[-0.4494282,51.4751113],[-0.4494363,51.4741913]]}},{"type":"Feature","properties":{"aeroway":"parking_position","osmType":"way","osmId":626510180,"ref":"209R","name":null,"surface":null,"width":null,"lit":null,"service":null},"geometry":{"type":"LineString","coordinates":[[-0.4500719,51.4751141],[-0.4500693,51.4739307]]}},{"type":"Feature","properties":{"aeroway":"taxiway","osmType":"way","osmId":626510185,"ref":"Taxiway K","name":null,"surface":null,"width":null,"lit":null,"service":null},"geometry":{"type":"LineString","coordinates":[[-0.4466031,51.4754625],[-0.4465977,51.4753645],[-0.4465548,51.4752909],[-0.4464958,51.4751925],[-0.4463215,51.4750847]]}},{"type":"Feature","properties":{"aeroway":"taxiway","osmType":"way","osmId":691979191,"ref":"Taxiway G","name":null,"surface":null,"width":null,"lit":null,"service":null},"geometry":{"type":"LineString","coordinates":[[-0.4614622,51.4698348],[-0.4615782,51.4699409],[-0.4617968,51.4701461],[-0.4619247,51.4702628],[-0.4623395,51.4706414],[-0.4625408,51.4708251],[-0.4629389,51.4711883],[-0.463162,51.4713919],[-0.463511,51.4717104],[-0.4637819,51.4719576],[-0.4640808,51.4722304],[-0.4641961,51.4723167],[-0.4643926,51.4723778],[-0.4646713,51.4723893],[-0.4665432,51.4723813],[-0.4667108,51.4723806],[-0.4677641,51.4723794],[-0.4679609,51.472377],[-0.4680895,51.4723758]]}},{"type":"Feature","properties":{"aeroway":"apron","osmType":"way","osmId":722881499,"ref":null,"name":null,"surface":null,"width":null,"lit":null,"service":null},"geometry":{"type":"Polygon","coordinates":[[[-0.4610353,51.474667],[-0.4610434,51.4747038],[-0.4581171,51.4747205],[-0.4579562,51.4747071],[-0.4579642,51.4742093],[-0.4581761,51.4739937],[-0.4585114,51.4738484],[-0.4587152,51.4737766],[-0.4587823,51.4736546],[-0.4593107,51.4732854],[-0.4594394,51.4731902],[-0.4610353,51.474667]]]}},{"type":"Feature","properties":{"aeroway":"apron","osmType":"way","osmId":871771944,"ref":null,"name":null,"surface":"concrete","width":null,"lit":null,"service":null},"geometry":{"type":"Polygon","coordinates":[[[-0.4463754,51.4738209],[-0.4475761,51.4738205],[-0.4476918,51.4737639],[-0.4476773,51.4727621],[-0.4475163,51.4705353],[-0.446312,51.4705395],[-0.4463754,51.4738209]]]}},{"type":"Feature","properties":{"aeroway":"apron","osmType":"way","osmId":871771945,"ref":null,"name":null,"surface":null,"width":null,"lit":null,"service":null},"geometry":{"type":"Polygon","coordinates":[[[-0.4463786,51.473973],[-0.4476248,51.4739721],[-0.4476851,51.4740244],[-0.4477018,51.4740855],[-0.4477087,51.4746155],[-0.4466154,51.4746207],[-0.4464127,51.4746015],[-0.4463813,51.4744569],[-0.4463786,51.473973]]]}},{"type":"Feature","properties":{"aeroway":"parking_position","osmType":"way","osmId":871771946,"ref":"213","name":null,"surface":null,"width":null,"lit":null,"service":null},"geometry":{"type":"LineString","coordinates":[[-0.4455965,51.4726552],[-0.447577,51.4726481]]}},{"type":"Feature","properties":{"aeroway":"parking_position","osmType":"way","osmId":871771947,"ref":"213L","name":null,"surface":null,"width":null,"lit":null,"service":null},"geometry":{"type":"LineString","coordinates":[[-0.447078,51.4724534],[-0.4455961,51.4724567]]}},{"type":"Feature","properties":{"aeroway":"parking_position","osmType":"way","osmId":871771948,"ref":"213R","name":null,"surface":null,"width":null,"lit":null,"service":null},"geometry":{"type":"LineString","coordinates":[[-0.4475254,51.4728477],[-0.4455976,51.4728509]]}},{"type":"Feature","properties":{"aeroway":"parking_position","osmType":"way","osmId":871771949,"ref":"212L","name":null,"surface":null,"width":null,"lit":null,"service":null},"geometry":{"type":"LineString","coordinates":[[-0.4470867,51.4732544],[-0.4455999,51.4732569]]}},{"type":"Feature","properties":{"aeroway":"parking_position","osmType":"way","osmId":871771950,"ref":"212","name":null,"surface":null,"width":null,"lit":null,"service":null},"geometry":{"type":"LineString","coordinates":[[-0.4456012,51.4734501],[-0.447583,51.4734494]]}},{"type":"Feature","properties":{"aeroway":"parking_position","osmType":"way","osmId":871771951,"ref":"212R","name":null,"surface":null,"width":null,"lit":null,"service":null},"geometry":{"type":"LineString","coordinates":[[-0.4475328,51.4736488],[-0.445603,51.4736513]]}},{"type":"Feature","properties":{"aeroway":"parking_position","osmType":"way","osmId":871771952,"ref":"211","name":null,"surface":null,"width":null,"lit":null,"service":null},"geometry":{"type":"LineString","coordinates":[[-0.4475526,51.4742714],[-0.4456057,51.4742755]]}},{"type":"Feature","properties":{"aeroway":"parking_position","osmType":"way","osmId":1030726541,"ref":"458","name":null,"surface":null,"width":null,"lit":null,"service":null},"geometry":{"type":"LineString","coordinates":[[-0.456643,51.4626874],[-0.4560306,51.4621298],[-0.4555892,51.4620339],[-0.4545965,51.4619748]]}},{"type":"Feature","properties":{"aeroway":"runway","osmType":"way","osmId":1252338026,"ref":null,"name":null,"surface":"paved","width":"50","lit":null,"service":null},"geometry":{"type":"LineString","coordinates":[[-0.4867392,51.4647721],[-0.4857314,51.4647754],[-0.4852871,51.4647769],[-0.4852525,51.464777],[-0.4840959,51.4647809],[-0.4827212,51.4647855],[-0.4823454,51.4647867]]}},{"type":"Feature","properties":{"aeroway":"parking_position","osmType":"way","osmId":1303452491,"ref":"430","name":null,"surface":null,"width":null,"lit":null,"service":null},"geometry":{"type":"LineString","coordinates":[[-0.4395646,51.4620173],[-0.4398695,51.4620204],[-0.4399519,51.4620056],[-0.4399966,51.4619939],[-0.4400445,51.4619777],[-0.4400892,51.4619648],[-0.4401376,51.4619359],[-0.4401815,51.461904],[-0.4402208,51.4618535],[-0.4402455,51.4617948],[-0.4402518,51.461731],[-0.4402382,51.4616719],[-0.4401192,51.4615474],[-0.4400747,51.4614277],[-0.4400694,51.4609509]]}},{"type":"Feature","properties":{"aeroway":"parking_position","osmType":"way","osmId":1303452492,"ref":"430","name":null,"surface":null,"width":null,"lit":null,"service":null},"geometry":{"type":"LineString","coordinates":[[-0.4397666,51.4622197],[-0.4400771,51.4616354],[-0.4400747,51.4614277],[-0.4400694,51.4609509]]}},{"type":"Feature","properties":{"aeroway":"parking_position","osmType":"way","osmId":1303452493,"ref":"429","name":null,"surface":null,"width":null,"lit":null,"service":null},"geometry":{"type":"LineString","coordinates":[[-0.4395646,51.4620173],[-0.4404142,51.4622441],[-0.4406066,51.462295],[-0.441383,51.4625002]]}},{"type":"Feature","properties":{"aeroway":"parking_position","osmType":"way","osmId":1303452494,"ref":"429","name":null,"surface":null,"width":null,"lit":null,"service":null},"geometry":{"type":"LineString","coordinates":[[-0.4397666,51.4622197],[-0.4398068,51.4621718],[-0.4398374,51.4621486],[-0.4398859,51.4621269],[-0.4399472,51.4621008],[-0.4400174,51.4620802],[-0.4401435,51.4620715],[-0.4402722,51.4620891],[-0.4403931,51.4621344],[-0.4404916,51.462204],[-0.4406066,51.462295]]}},{"type":"Feature","properties":{"aeroway":"parking_position","osmType":"way","osmId":1324706523,"ref":"431","name":null,"surface":null,"width":null,"lit":null,"service":null},"geometry":{"type":"LineString","coordinates":[[-0.4390098,51.4620214],[-0.4389944,51.4609542]]}},{"type":"Feature","properties":{"aeroway":"parking_position","osmType":"way","osmId":1324706524,"ref":"432","name":null,"surface":null,"width":null,"lit":null,"service":null},"geometry":{"type":"LineString","coordinates":[[-0.4379284,51.4620229],[-0.4379161,51.4609312]]}},{"type":"Feature","properties":{"aeroway":"taxiway","osmType":"way","osmId":1363188417,"ref":"Taxiway S","name":null,"surface":null,"width":null,"lit":null,"service":null},"geometry":{"type":"LineString","coordinates":[[-0.4461584,51.4632572],[-0.4449491,51.4632627],[-0.4430111,51.4632715],[-0.4427363,51.4632727],[-0.4421978,51.4632715],[-0.4416098,51.4632736]]}},{"type":"Feature","properties":{"aeroway":"taxiway","osmType":"way","osmId":1363188418,"ref":"S4E","name":null,"surface":null,"width":null,"lit":null,"service":null},"geometry":{"type":"LineString","coordinates":[[-0.448713,51.4635362],[-0.4487395,51.4634493],[-0.4487905,51.4633706],[-0.4488666,51.463307],[-0.4489711,51.463249],[-0.4490957,51.4632087],[-0.4492261,51.4631807]]}},{"type":"Feature","properties":{"aeroway":"taxiway","osmType":"way","osmId":1363188419,"ref":null,"name":null,"surface":null,"width":null,"lit":null,"service":null},"geometry":{"type":"LineString","coordinates":[[-0.4515422,51.4630798],[-0.451248,51.4632849]]}},{"type":"Feature","properties":{"aeroway":"taxiway","osmType":"way","osmId":1363188420,"ref":"Link 43","name":null,"surface":null,"width":null,"lit":null,"service":null},"geometry":{"type":"LineString","coordinates":[[-0.4526487,51.463169],[-0.452439,51.4631032],[-0.4523188,51.4630334],[-0.4522212,51.4629415],[-0.4521844,51.4628538],[-0.4521759,51.4627555],[-0.4522016,51.4626725],[-0.4522517,51.4625815]]}},{"type":"Feature","properties":{"aeroway":"taxiway","osmType":"way","osmId":1363188421,"ref":null,"name":null,"surface":null,"width":null,"lit":null,"service":null},"geometry":{"type":"LineString","coordinates":[[-0.4566336,51.4658777],[-0.457128,51.4646058]]}},{"type":"Feature","properties":{"aeroway":"taxiway","osmType":"way","osmId":1363188422,"ref":"S5E","name":null,"surface":null,"width":null,"lit":null,"service":null},"geometry":{"type":"LineString","coordinates":[[-0.4594296,51.4648675],[-0.4594296,51.4648619],[-0.4582426,51.4648644],[-0.4578969,51.4648473],[-0.4573803,51.4648039],[-0.4568629,51.4647408],[-0.456271,51.4646379],[-0.4555707,51.464477],[-0.4544178,51.4641463],[-0.4542864,51.4641002],[-0.4541805,51.4640372],[-0.4540926,51.4639551],[-0.4540494,51.4638752],[-0.4540355,51.4637814],[-0.4540334,51.4636619],[-0.4540341,51.4635191],[-0.4539963,51.4634208],[-0.4539361,51.4633429],[-0.4538505,51.4632773],[-0.4537517,51.4632257],[-0.4536427,51.4631894],[-0.4534717,51.4631666]]}},{"type":"Feature","properties":{"aeroway":"taxiway","osmType":"way","osmId":1363188423,"ref":"S5E","name":null,"surface":null,"width":null,"lit":null,"service":null},"geometry":{"type":"LineString","coordinates":[[-0.4540341,51.4635191],[-0.454063,51.4634267],[-0.4541213,51.4633441],[-0.4542013,51.463282],[-0.4542991,51.4632298],[-0.4544101,51.4631882],[-0.4545718,51.4631596]]}},{"type":"Feature","properties":{"aeroway":"taxiway","osmType":"way","osmId":1363188424,"ref":null,"name":null,"surface":null,"width":null,"lit":null,"service":null},"geometry":{"type":"LineString","coordinates":[[-0.456182,51.4631842],[-0.4560374,51.4631552],[-0.4558958,51.4631099],[-0.4557847,51.4630496]]}},{"type":"Feature","properties":{"aeroway":"taxiway","osmType":"way","osmId":1363204105,"ref":null,"name":null,"surface":null,"width":null,"lit":null,"service":null},"geometry":{"type":"LineString","coordinates":[[-0.4508879,51.4662899],[-0.4508772,51.4663417],[-0.4508094,51.4666317],[-0.450744,51.4669115]]}},{"type":"Feature","properties":{"aeroway":"taxiway","osmType":"way","osmId":1363204106,"ref":null,"name":null,"surface":null,"width":null,"lit":null,"service":null},"geometry":{"type":"LineString","coordinates":[[-0.4508772,51.4663417],[-0.4508298,51.4664212],[-0.4507559,51.4664928],[-0.4506583,51.4665575],[-0.4505412,51.4666001],[-0.4504332,51.4666227],[-0.4503363,51.4666333]]}}]}
